network_name,run_date,procedure_code,provider_type,care_setting,service_label,service_category,p50,p10,p25,p75,p90,pmin,pmax,pmean,psd,n_prices,n_groups,cv,hilo,p9010,p7525
Blue Advantage HMO,2026-05-30,93306,institutional,outpatient,Echocardiogram complete w Doppler,Cardiology,149.61,69.27,135.51,247,414.66,59.26,1180.28,207.3722701688557,152.6006483689328,533,986,.73587781,19.916977,5.9861412,1.8227437
Blue Choice PPO,2026-05-30,93306,institutional,outpatient,Echocardiogram complete w Doppler,Cardiology,185.17,69.27,147.71,430.92,669.42,67.75,2251.75,299.5888288288282,250.6550624972193,555,1119,.8366636,33.236164,9.6639242,2.9173381
Blue Choice PPO common,2026-05-30,93306,institutional,outpatient,Echocardiogram complete w Doppler,Cardiology,178.35,69.27,138.53,407.89,600.3099999999999,67.75,2251.75,281.7318375241778,243.1489727479045,517,1055,.86305112,33.236164,8.666234,2.9444163
Blue Choice PPO group 039993,2026-05-30,93306,institutional,outpatient,Echocardiogram complete w Doppler,Cardiology,564.4,211.4,402.46,730.4,878.1,170.74,878.1,548.2436842105262,220.9071281125275,38,52,.40293601,5.1429071,4.1537371,1.8148388
Blue Essentials,2026-05-30,93306,institutional,outpatient,Echocardiogram complete w Doppler,Cardiology,168.9,69.27,135.51,377.94,608.4400000000001,67.75,2251.75,268.929964788732,229.6054253632953,568,1167,.85377407,33.236164,8.7836008,2.7890193
Blue Essentials common,2026-05-30,93306,institutional,outpatient,Echocardiogram complete w Doppler,Cardiology,168.9,69.27,135.51,377.94,608.4400000000001,67.75,2251.75,268.929964788732,229.6054253632953,568,1166,.85377407,33.236164,8.7836008,2.7890193
Blue Premier,2026-05-30,93306,institutional,outpatient,Echocardiogram complete w Doppler,Cardiology,149.61,67.75,135.51,191.6,409.24,55.56,939.08,189.8216791044775,140.0329978948435,268,520,.73770815,16.902088,6.0404429,1.4139178
MyBlue Health HMO,2026-05-30,93306,institutional,outpatient,Echocardiogram complete w Doppler,Cardiology,149.61,69.27,121.96,149.61,222.985,67.75,893.73,157.5733200000002,89.94915477064495,250,522,.57084,13.191586,3.2190702,1.2267137
ParPlan,2026-05-30,93306,institutional,outpatient,Echocardiogram complete w Doppler,Cardiology,204.175,69.27,135.51,418.73,670.77,40.92,2251.75,306.6896347031969,275.7506995675524,438,740,.89911973,55.028103,9.6834126,3.0900302
Blue Advantage HMO,2026-05-30,93306,professional,outpatient,Echocardiogram complete w Doppler,Cardiology,103.98,49.01,58.52,168.32,210.9,35.94,1112.05,121.1344513013168,80.57380152458803,3727,67798,.66516006,30.941847,4.3032036,2.8762815
Blue Choice PPO,2026-05-30,93306,professional,outpatient,Echocardiogram complete w Doppler,Cardiology,120.17,54.88,78.83,227.29,300.99,36.28,1201.42,159.701392876129,113.9496262200435,3762,88984,.71351677,33.115215,5.4845119,2.8832932
Blue Choice PPO common,2026-05-30,93306,professional,outpatient,Echocardiogram complete w Doppler,Cardiology,120.17,54.88,78.83,227.29,303.4,36.28,1201.42,159.7396513175399,113.9894698402579,3757,88756,.71359533,33.115215,5.5284257,2.8832932
Blue Choice PPO group 039993,2026-05-30,93306,professional,outpatient,Echocardiogram complete w Doppler,Cardiology,99.435,54.88,70.62,203.12,236.82,36.28,271.86,137.6073529411765,74.67457813776704,34,40,.54266417,7.4933848,4.3152332,2.8762391
Blue Essentials,2026-05-30,93306,professional,outpatient,Echocardiogram complete w Doppler,Cardiology,115.725,54.88,71.12,208.93,268.85,29.24,1201.42,153.2086118671735,110.7884733943916,3674,74772,.7231217,41.088234,4.8988705,2.937711
Blue Essentials common,2026-05-30,93306,professional,outpatient,Echocardiogram complete w Doppler,Cardiology,115.725,54.88,71.12,208.93,268.85,29.24,1201.42,153.2225054585141,110.8750802550633,3664,74698,.72362137,41.088234,4.8988705,2.937711
Blue Essentials group 295430,2026-05-30,93306,professional,outpatient,Echocardiogram complete w Doppler,Cardiology,94.00999999999999,57.06,71.12,204.55,236.82,36.28,240.65,135.4820312499999,70.31268081299503,64,80,.51898158,6.633131,4.1503682,2.8761249
Blue Essentials group 295781,2026-05-30,93306,professional,outpatient,Echocardiogram complete w Doppler,Cardiology,94.00999999999999,57.06,71.12,204.55,236.82,36.28,240.65,135.48203125,70.31268081299504,64,80,.51898158,6.633131,4.1503682,2.8761249
Blue Premier,2026-05-30,93306,professional,outpatient,Echocardiogram complete w Doppler,Cardiology,112.57,54.88,70.40000000000001,204.55,266.17,36.28,1201.42,150.7192405683487,119.9944673020364,2041,32895,.79614562,33.115215,4.8500366,2.9055398
MyBlue Health HMO,2026-05-30,93306,professional,outpatient,Echocardiogram complete w Doppler,Cardiology,107.71,49.01,56.2,165.39,201.32,35.94,1112.05,119.7573310618968,83.68866106620735,1761,29134,.69881868,30.941847,4.1077332,2.9428825
ParPlan,2026-05-30,93306,professional,outpatient,Echocardiogram complete w Doppler,Cardiology,120.17,54.88,78.83,226.73,293.79,36.28,1201.42,155.9197966207753,101.6321201136751,3196,78261,.65182304,33.115215,5.3533163,2.8761892
Blue Advantage HMO,2026-05-30,93000,institutional,outpatient,Electrocardiogram complete,Cardiology,19.03,10.9,12.46,37.89,60.72,7.61,130.1,28.71907407407409,21.77070579212548,486,2146,.75805736,17.095926,5.570642,3.040931
Blue Choice PPO,2026-05-30,93000,institutional,outpatient,Electrocardiogram complete,Cardiology,37.91,10.9,17.3,69.72,88.75,9.52,154.14,44.98543103448273,32.46173859151728,464,872,.7216056,16.191177,8.1422014,4.0300579
Blue Choice PPO common,2026-05-30,93000,institutional,outpatient,Electrocardiogram complete,Cardiology,37.02,10.9,13.72,63.49,82.69,9.52,154.14,41.73161592505854,30.90282748299397,427,807,.74051356,16.191177,7.5862384,4.6275511
Blue Choice PPO group 039993,2026-05-30,93000,institutional,outpatient,Electrocardiogram complete,Cardiology,84.16499999999999,37.54,68.84999999999999,97.75,116.95,17.3,140.3,80.81947368421054,27.76355864986861,38,53,.34352562,8.109827,3.1153436,1.4197531
Blue Essentials,2026-05-30,93000,institutional,outpatient,Electrocardiogram complete,Cardiology,37.02,10.9,15.57,62.63,83.215,9.52,142.88,41.71244444444446,29.58104418885753,450,759,.70916593,15.008404,7.6344037,4.0224791
Blue Essentials common,2026-05-30,93000,institutional,outpatient,Electrocardiogram complete,Cardiology,37.02,10.9,15.57,62.63,83.215,9.52,142.88,41.71244444444446,29.58104418885753,450,759,.70916593,15.008404,7.6344037,4.0224791
Blue Premier,2026-05-30,93000,institutional,outpatient,Electrocardiogram complete,Cardiology,19.03,10.9,10.9,50,76.29000000000001,8.82,108.99,31.91218390804595,25.62064227941822,174,279,.80284828,12.357142,6.9990826,4.5871558
MyBlue Health HMO,2026-05-30,93000,institutional,outpatient,Electrocardiogram complete,Cardiology,18.68,10.9,11.25,26.71,39.46,8.48,89.48999999999999,21.25703225806455,12.33965738511687,155,301,.58049768,10.553066,3.6201835,2.3742223
ParPlan,2026-05-30,93000,institutional,outpatient,Electrocardiogram complete,Cardiology,37.42,10.85,13.18,69.89,98.09,6.78,155.92,45.64800518134715,35.73786746317637,386,643,.78290099,22.997049,9.0405531,5.3027315
Blue Advantage HMO,2026-05-30,93000,professional,outpatient,Electrocardiogram complete,Cardiology,12.46,10.15,10.59,14.4,17.75,7.65,81.59999999999999,13.4997875730218,5.802338727195846,1883,34585,.42980963,10.666667,1.7487684,1.3597734
Blue Choice PPO,2026-05-30,93000,professional,outpatient,Electrocardiogram complete,Cardiology,16.78,10.15,11.96,20.84,24.19,7.72,88.16,17.97843842364546,8.840408951717915,2030,48720,.49172285,11.419689,2.3832512,1.7424749
Blue Choice PPO common,2026-05-30,93000,professional,outpatient,Electrocardiogram complete,Cardiology,16.78,10.15,12.1,20.84,24.19,7.72,88.16,17.98639684106628,8.846648136879168,2026,48619,.49185216,11.419689,2.3832512,1.722314
Blue Choice PPO group 039993,2026-05-30,93000,professional,outpatient,Electrocardiogram complete,Cardiology,15.03,11.64,13.7,17.25,19.74,7.72,20.12,15.11352941176471,3.184128493749252,17,19,.21068066,2.6062176,1.6958762,1.259124
Blue Essentials,2026-05-30,93000,professional,outpatient,Electrocardiogram complete,Cardiology,15.9,10.15,12.1,19.4,22.93,6.26,88.16,17.15917815211858,8.638398278003287,1959,38695,.50342727,14.083067,2.2591133,1.6033058
Blue Essentials common,2026-05-30,93000,professional,outpatient,Electrocardiogram complete,Cardiology,15.9,10.15,12.1,19.47,22.93,6.26,88.16,17.16112020460373,8.647020805220263,1955,38659,.50387275,14.083067,2.2591133,1.6090909
Blue Essentials group 295430,2026-05-30,93000,professional,outpatient,Electrocardiogram complete,Cardiology,15.14,11.68,14.25,16.51,17.63,7.72,17.81,15.02466666666666,2.413220388542696,30,38,.16061723,2.3069949,1.5094178,1.1585965
Blue Essentials group 295781,2026-05-30,93000,professional,outpatient,Electrocardiogram complete,Cardiology,15.14,11.68,14.25,16.51,17.63,7.72,17.81,15.02466666666667,2.413220388542696,30,38,.16061723,2.3069949,1.5094178,1.1585965
Blue Premier,2026-05-30,93000,professional,outpatient,Electrocardiogram complete,Cardiology,14.99,10.15,11.68,18.09,22.93,7.72,88.16,16.76567698259188,10.29354677947172,1034,16780,.61396545,11.419689,2.2591133,1.5488014
MyBlue Health HMO,2026-05-30,93000,professional,outpatient,Electrocardiogram complete,Cardiology,12.1,10.15,10.43,13.8,17.14,7.65,81.59999999999999,13.20310765815761,6.164735508299277,901,14853,.46691549,10.666667,1.6886699,1.3231064
ParPlan,2026-05-30,93000,professional,outpatient,Electrocardiogram complete,Cardiology,16.78,10.15,11.68,20.89,24.19,7.72,88.16,17.35693677102533,6.962084495671513,1629,39939,.4011125,11.419689,2.3832512,1.7885274
Blue Advantage HMO,2026-05-30,99212,institutional,outpatient,Office visit est pt 10-19min,E&M outpatient,28.42,12.97,24.55,51.64,79.41,12.72,385.42,41.05082116788312,36.00267073504006,548,2314,.8770268,30.300314,6.1225905,2.1034622
Blue Choice PPO,2026-05-30,99212,institutional,outpatient,Office visit est pt 10-19min,E&M outpatient,29.23,13.49,26.05,74.73999999999999,114.39,12.92,405.7,53.63299852289488,45.64186952316393,677,6637,.85100353,31.400928,8.4796143,2.8690979
Blue Choice PPO common,2026-05-30,99212,institutional,outpatient,Office visit est pt 10-19min,E&M outpatient,28.55,12.97,26.05,69.03,102.76,12.92,405.7,50.74978056426301,44.11526222317255,638,6571,.86927003,31.400928,7.9228988,2.649904
Blue Choice PPO group 039993,2026-05-30,99212,institutional,outpatient,Office visit est pt 10-19min,E&M outpatient,108.08,40.48,76.81,139.87,168.16,32.7,168.16,103.4794736842105,43.39484338199571,38,55,.41935703,5.1425076,4.15415,1.8209869
Blue Essentials,2026-05-30,99212,institutional,outpatient,Office visit est pt 10-19min,E&M outpatient,40.48,12.97,14.01,72.37,106.265,12.92,405.7,51.44826229508185,44.46728922955992,610,2885,.8643108,31.400928,8.1931381,5.165596
Blue Essentials common,2026-05-30,99212,institutional,outpatient,Office visit est pt 10-19min,E&M outpatient,40.48,12.97,14.01,72.37,106.265,12.92,405.7,51.44826229508186,44.46728922955992,610,2885,.8643108,31.400928,8.1931381,5.165596
Blue Premier,2026-05-30,99212,institutional,outpatient,Office visit est pt 10-19min,E&M outpatient,28.485,12.97,12.97,55.27,78.37,10.64,179.83,38.92353260869567,31.32246652660684,184,296,.80471796,16.901316,6.0424056,4.2613726
MyBlue Health HMO,2026-05-30,99212,institutional,outpatient,Office visit est pt 10-19min,E&M outpatient,25.95,12.97,13.49,35.29,54.24,12.92,92.48999999999999,29.27485549132946,16.56229493447203,173,379,.56575155,7.1586685,4.1819582,2.6160119
ParPlan,2026-05-30,99212,institutional,outpatient,Office visit est pt 10-19min,E&M outpatient,28.42,12.97,26.05,67.47,119.37,7.84,405.7,51.96734113712341,48.93022339270809,598,5349,.94155717,51.747448,9.2035465,2.5900192
Blue Advantage HMO,2026-05-30,99212,professional,outpatient,Office visit est pt 10-19min,E&M outpatient,27.6,18.06,22.67,40.21,47.42,13.88,241.01,31.50337483739095,14.03787350655545,5381,93943,.44559905,17.363832,2.6256921,1.7737098
Blue Choice PPO,2026-05-30,99212,professional,outpatient,Office visit est pt 10-19min,E&M outpatient,30.47,21.19,24.78,45.71,51.12,14.01,260.38,36.20605966325077,19.03793327731368,5464,119731,.52582175,18.585297,2.4124587,1.8446327
Blue Choice PPO common,2026-05-30,99212,professional,outpatient,Office visit est pt 10-19min,E&M outpatient,30.47,21.19,24.78,45.71,51.12,14.01,260.38,36.20213069741941,19.03628962058995,5463,119550,.52583343,18.585297,2.4124587,1.8446327
Blue Choice PPO group 039993,2026-05-30,99212,professional,outpatient,Office visit est pt 10-19min,E&M outpatient,30.915,22.12,25.555,45.205,49.27,15.14,55.35,34.551875,11.297350085379,32,36,.32696778,3.6558785,2.227396,1.7689297
Blue Essentials,2026-05-30,99212,professional,outpatient,Office visit est pt 10-19min,E&M outpatient,29.02,21.19,24.78,44.75,50.08,14.01,260.38,35.31874583406448,18.47801890313698,5701,115442,.52317882,18.585297,2.363379,1.8058919
Blue Essentials common,2026-05-30,99212,professional,outpatient,Office visit est pt 10-19min,E&M outpatient,29.02,21.19,24.78,44.75,50.08,14.01,260.38,35.31233391915669,18.48904649866702,5690,115116,.52358609,18.585297,2.363379,1.8058919
Blue Essentials group 295430,2026-05-30,99212,professional,outpatient,Office visit est pt 10-19min,E&M outpatient,37.49,21.92,25.53,45.16,49.25,21.19,72.72,35.52297029702971,11.23027466668153,101,247,.31614122,3.4318075,2.2468066,1.7688993
Blue Essentials group 295781,2026-05-30,99212,professional,outpatient,Office visit est pt 10-19min,E&M outpatient,37.49,21.92,25.53,45.16,49.25,21.19,72.72,35.52297029702972,11.23027466668153,101,247,.31614122,3.4318075,2.2468066,1.7688993
Blue Premier,2026-05-30,99212,professional,outpatient,Office visit est pt 10-19min,E&M outpatient,28.17,17.92,23.46,41.85,49.03,14.01,260.38,34.7719175392669,21.01162719470589,3056,54903,.60427004,18.585297,2.7360492,1.7838875
MyBlue Health HMO,2026-05-30,99212,professional,outpatient,Office visit est pt 10-19min,E&M outpatient,26.8,17.92,20.48,36.82,44.49,13.88,241.01,30.14538180489563,14.49894460045453,2737,49931,.48096734,17.363832,2.4827008,1.7978516
ParPlan,2026-05-30,99212,professional,outpatient,Office visit est pt 10-19min,E&M outpatient,28.56,17.92,23.86,42.24,49.69,14.01,260.38,34.41869656438525,17.47059761164923,3813,94284,.50759035,18.585297,2.7728794,1.7703269
Blue Advantage HMO,2026-05-30,99213,institutional,outpatient,Office visit est pt 20-29min,E&M outpatient,56.57,26.02,51.9,88.75,144.28,25.43,385.42,76.65391596638644,53.17666525747341,595,1276,.69372404,15.156115,5.5449653,1.7100192
Blue Choice PPO,2026-05-30,99213,institutional,outpatient,Office visit est pt 20-29min,E&M outpatient,56.2,26.99,56.05,144.8,222.13,25.95,405.7,100.6582723279646,79.88639283787401,683,2713,.7936396,15.633911,8.2300854,2.5834076
Blue Choice PPO common,2026-05-30,99213,institutional,outpatient,Office visit est pt 20-29min,E&M outpatient,56.2,26.02,55.33,131.83,200.33,25.95,405.7,94.25257410296393,74.86276938143148,641,2656,.79427826,15.633911,7.6990776,2.3826134
Blue Choice PPO group 039993,2026-05-30,99213,institutional,outpatient,Office visit est pt 20-29min,E&M outpatient,217.98,80.95999999999999,154.14,279.74,336.31,65.39,336.31,210.0959459459459,85.77092664830029,37,53,.40824646,5.1431413,4.1540265,1.8148437
Blue Essentials,2026-05-30,99213,institutional,outpatient,Office visit est pt 20-29min,E&M outpatient,57.09,26.02,51.9,137.53,203.48,25.95,405.7,97.23229268292641,74.2574159938053,615,2055,.76371145,15.633911,7.8201385,2.6499038
Blue Essentials common,2026-05-30,99213,institutional,outpatient,Office visit est pt 20-29min,E&M outpatient,57.09,26.02,51.9,137.53,203.48,25.95,405.7,97.2322926829264,74.25741599380532,615,2051,.76371145,15.633911,7.8201385,2.6499038
Blue Premier,2026-05-30,99213,institutional,outpatient,Office visit est pt 20-29min,E&M outpatient,56.2,25.95,51.9,57.24,135.19,21.28,359.67,68.88220000000022,50.10089562374117,300,734,.72734171,16.901785,5.2096338,1.1028901
MyBlue Health HMO,2026-05-30,99213,institutional,outpatient,Office visit est pt 20-29min,E&M outpatient,56.2,26.02,46.19,57.09,84.65000000000001,25.95,184.97,57.99051181102375,27.23700920600504,254,545,.46968043,7.1279383,3.2532668,1.2359818
ParPlan,2026-05-30,99213,institutional,outpatient,Office visit est pt 20-29min,E&M outpatient,56.2,26.02,52.84,143.24,232.02,15.67,426.2,101.4996324951644,89.00084768813028,517,1300,.87685883,27.198469,8.9169865,2.7108252
Blue Advantage HMO,2026-05-30,99213,professional,outpatient,Office visit est pt 20-29min,E&M outpatient,52.71,36.06,43.77,66.26000000000001,78.34,27.93,396.62,55.95975530179435,22.51115472011134,5517,96259,.40227401,14.200501,2.1724904,1.5138222
Blue Choice PPO,2026-05-30,99213,professional,outpatient,Office visit est pt 20-29min,E&M outpatient,58.04,40.95,47.64,75.51000000000001,85.31999999999999,28.2,428.49,63.85908718861241,30.55628931956853,5620,122387,.47849557,15.194681,2.0835166,1.5850126
Blue Choice PPO common,2026-05-30,99213,professional,outpatient,Office visit est pt 20-29min,E&M outpatient,58.04,40.95,47.64,75.51000000000001,85.31999999999999,28.2,428.49,63.85307651245584,30.5559513073425,5620,121985,.47853529,15.194681,2.0835166,1.5850126
Blue Choice PPO group 039993,2026-05-30,99213,professional,outpatient,Office visit est pt 20-29min,E&M outpatient,61.71,44.25,50.025,74.69,81.40000000000001,30.47,91.45,61.58406250000002,15.24438973680418,32,36,.24753791,3.0013127,1.839548,1.4930534
Blue Essentials,2026-05-30,99213,professional,outpatient,Office visit est pt 20-29min,E&M outpatient,57.04,40.95,47.23,73.93000000000001,83.13,28.2,428.49,63.08248745519719,30.29972548238607,5580,104828,.48031914,15.194681,2.0300367,1.5653187
Blue Essentials common,2026-05-30,99213,professional,outpatient,Office visit est pt 20-29min,E&M outpatient,56.99,40.95,47.23,73.93000000000001,83.13,28.2,428.49,63.06538613505754,30.32368662862112,5568,104589,.48082933,15.194681,2.0300367,1.5653187
Blue Essentials group 295430,2026-05-30,99213,professional,outpatient,Office visit est pt 20-29min,E&M outpatient,61.95,44.12,51.38,74.61,81.37,42.66,111.99,63.14306930693066,14.45204987139017,101,247,.22887784,2.6251757,1.8442883,1.4521215
Blue Essentials group 295781,2026-05-30,99213,professional,outpatient,Office visit est pt 20-29min,E&M outpatient,61.95,44.12,51.38,74.61,81.37,42.66,111.99,63.14306930693067,14.45204987139017,101,247,.22887784,2.6251757,1.8442883,1.4521215
Blue Premier,2026-05-30,99213,professional,outpatient,Office visit est pt 20-29min,E&M outpatient,54.89,36.06,44.19,68.86,81.01000000000001,28.2,428.49,60.91251396648092,33.95566565393976,3222,56951,.55744976,15.194681,2.2465336,1.5582711
MyBlue Health HMO,2026-05-30,99213,professional,outpatient,Office visit est pt 20-29min,E&M outpatient,51.09,35.18,41.21,61.15,73.51000000000001,27.93,396.62,53.47170966632221,23.28902824687494,2907,52163,.43553925,14.200501,2.0895395,1.4838631
ParPlan,2026-05-30,99213,professional,outpatient,Office visit est pt 20-29min,E&M outpatient,56.05,36.06,44.25,69.79000000000001,82.09999999999999,28.2,428.49,60.72787608363155,28.2828739241753,3922,95490,.46573132,15.194681,2.2767611,1.5771751
Blue Advantage HMO,2026-05-30,99214,institutional,outpatient,Office visit est pt 30-39min,E&M outpatient,90.00999999999999,40.01,64.01000000000001,172.02,244.83,38.06,563.41,124.3389082969433,88.99818745792987,458,791,.71577102,14.803205,6.1192203,2.6873927
Blue Choice PPO,2026-05-30,99214,institutional,outpatient,Office visit est pt 30-39min,E&M outpatient,149.62,40.01,80.01000000000001,258.43,395.25,39.84,622.48,183.6843974630022,135.2801694417207,473,876,.73648155,15.624498,9.8787804,3.2299712
Blue Choice PPO common,2026-05-30,99214,institutional,outpatient,Office visit est pt 30-39min,E&M outpatient,132.42,40.01,50.41,249.27,356.12,39.84,622.48,172.0231797235023,129.0705966735367,434,818,.75030935,15.624498,8.900775,4.9448524
Blue Choice PPO group 039993,2026-05-30,99214,institutional,outpatient,Office visit est pt 30-39min,E&M outpatient,333.24,124.82,236.83,431.25,518.46,100.81,518.46,319.0486842105263,133.7931241147469,38,51,.41935018,5.142942,4.1536613,1.8209264
Blue Essentials,2026-05-30,99214,institutional,outpatient,Office visit est pt 30-39min,E&M outpatient,118.835,40.01,80.01000000000001,231.23,359.24,39.84,580.8099999999999,163.5444939271254,121.3087361360589,494,1565,.74174762,14.578565,8.978755,2.8900137
Blue Essentials common,2026-05-30,99214,institutional,outpatient,Office visit est pt 30-39min,E&M outpatient,118.835,40.01,80.01000000000001,231.23,359.24,39.84,580.8099999999999,163.5444939271254,121.3087361360589,494,1561,.74174762,14.578565,8.978755,2.8900137
Blue Premier,2026-05-30,99214,institutional,outpatient,Office visit est pt 30-39min,E&M outpatient,86.41,40.01,41.61,169.62,241.63,32.8,554.47,118.1493717277486,94.51749868966371,191,452,.79998308,16.904573,6.0392404,4.0764241
MyBlue Health HMO,2026-05-30,99214,institutional,outpatient,Office visit est pt 30-39min,E&M outpatient,86.41,40.01,41.61,108.81,167.22,39.84,285.16,91.30436363636366,51.73203006359896,165,314,.56658882,7.1576304,4.1794553,2.6149964
ParPlan,2026-05-30,99214,institutional,outpatient,Office visit est pt 30-39min,E&M outpatient,119.5,40.01,50.41,250.96,381.65,24.16,657.04,174.5401246882793,148.105202130899,401,659,.84854531,27.195364,9.5388651,4.9783773
Blue Advantage HMO,2026-05-30,99214,professional,outpatient,Office visit est pt 30-39min,E&M outpatient,78.29000000000001,55.59,64.83,97.06999999999999,114.76,43.05,580.7,82.9543218349293,31.1693839436397,5537,96157,.37574154,13.488966,2.0644,1.4973006
Blue Choice PPO,2026-05-30,99214,professional,outpatient,Office visit est pt 30-39min,E&M outpatient,88.44,61.59,73.04000000000001,110.07,123.71,43.46,627.36,94.28680354967874,42.80001713581257,5747,122633,.45393434,14.435343,2.0086052,1.5069824
Blue Choice PPO common,2026-05-30,99214,professional,outpatient,Office visit est pt 30-39min,E&M outpatient,88.45,61.59,73.04000000000001,110.07,123.71,43.46,627.36,94.28899947798917,42.80014534781166,5747,122380,.45392513,14.435343,2.0086052,1.5069824
Blue Choice PPO group 039993,2026-05-30,99214,professional,outpatient,Office visit est pt 30-39min,E&M outpatient,90.75,66.31999999999999,78.02,107.68,119.24,46.97,133.97,91.91999999999999,20.77433587987832,33,37,.22600453,2.852246,1.7979493,1.3801589
Blue Essentials,2026-05-30,99214,professional,outpatient,Office visit est pt 30-39min,E&M outpatient,86.39,61.59,72.3,108.62,121.78,43.46,627.36,93.41340383581262,43.1999996818296,5579,104734,.4624604,14.435343,1.9772691,1.5023513
Blue Essentials common,2026-05-30,99214,professional,outpatient,Office visit est pt 30-39min,E&M outpatient,86.39,61.22,72.3,108.37,121.78,43.46,627.36,93.38573738099491,43.23471560830765,5567,104494,.46296915,14.435343,1.9892192,1.4988935
Blue Essentials group 295430,2026-05-30,99214,professional,outpatient,Office visit est pt 30-39min,E&M outpatient,90.75,68,79.19,109.3,119.2,65.75,145.49,93.99137254901962,19.17335078372257,102,248,.20399053,2.2127757,1.7529411,1.3802248
Blue Essentials group 295781,2026-05-30,99214,professional,outpatient,Office visit est pt 30-39min,E&M outpatient,90.75,68,79.19,109.3,119.2,65.75,145.49,93.99137254901963,19.17335078372257,102,248,.20399053,2.2127757,1.7529411,1.3802248
Blue Premier,2026-05-30,99214,professional,outpatient,Office visit est pt 30-39min,E&M outpatient,81.58,55.59,65.75,100.87,118.67,43.46,627.36,90.1580167079205,49.08046759250023,3232,56898,.54438275,14.435343,2.1347365,1.5341445
MyBlue Health HMO,2026-05-30,99214,professional,outpatient,Office visit est pt 30-39min,E&M outpatient,74.84999999999999,54.23,59.94,89.11,106.63,43.05,580.7,79.04243743572127,32.43594270781924,2917,51838,.41036111,13.488966,1.9662548,1.4866533
ParPlan,2026-05-30,99214,professional,outpatient,Office visit est pt 30-39min,E&M outpatient,86.39,55.59,66.36,102.23,120.27,43.46,627.36,90.32996743486983,40.2182275328263,3992,95483,.44523683,14.435343,2.1635187,1.5405365
Blue Advantage HMO,2026-05-30,99215,institutional,outpatient,Office visit est pt 40-54min,E&M outpatient,154.54,112.8,124.08,275.23,350.81,71.06,797.9400000000001,207.9850938337803,117.6367651883675,373,1192,.56560189,11.229102,3.1100178,2.2181656
Blue Choice PPO,2026-05-30,99215,institutional,outpatient,Office visit est pt 40-54min,E&M outpatient,301.175,118.44,138.18,424.13,593.33,98.14,877.58,318.9067897727274,181.3577584784294,352,827,.56868577,8.9421234,5.0095406,3.0694022
Blue Choice PPO common,2026-05-30,99215,institutional,outpatient,Office visit est pt 40-54min,E&M outpatient,291.59,118.44,124.08,398.18,573.02,98.14,877.58,303.0657643312105,174.2008645678519,314,763,.5747956,8.9421234,4.8380613,3.2090588
Blue Choice PPO group 039993,2026-05-30,99215,institutional,outpatient,Office visit est pt 40-54min,E&M outpatient,469.81,175.97,333.89,607.99,730.9400000000001,142.13,730.9400000000001,449.8036842105263,188.6257117325215,38,57,.41935119,5.1427565,4.1537762,1.8209291
Blue Essentials,2026-05-30,99215,institutional,outpatient,Office visit est pt 40-54min,E&M outpatient,275.795,121.71,124.08,391.42,538.0599999999999,92.5,822.59,289.8257225433527,166.5668276286969,346,462,.57471377,8.8928652,4.4208364,3.1545777
Blue Essentials common,2026-05-30,99215,institutional,outpatient,Office visit est pt 40-54min,E&M outpatient,275.795,121.71,124.08,391.42,538.0599999999999,92.5,822.59,289.8257225433527,166.5668276286969,346,462,.57471377,8.8928652,4.4208364,3.1545777
Blue Premier,2026-05-30,99215,institutional,outpatient,Office visit est pt 40-54min,E&M outpatient,130.285,112.8,123.96,278.62,373.37,99.26000000000001,781.7,215.7419999999999,134.978902350293,130,193,.62564963,7.875277,3.3100178,2.2476606
MyBlue Health HMO,2026-05-30,99215,institutional,outpatient,Office visit est pt 40-54min,E&M outpatient,124.08,102.085,113.365,185.615,271.845,69.94,402.02,162.3239,70.67110108864024,100,219,.43537089,5.7480698,2.6629279,1.6373219
ParPlan,2026-05-30,99215,institutional,outpatient,Office visit est pt 40-54min,E&M outpatient,289.9,121.82,134.23,416.23,592.75,105.67,926.3099999999999,320.8043462897529,204.354712918581,283,330,.6370073,8.7660637,4.8657856,3.1008716
Blue Advantage HMO,2026-05-30,99215,professional,outpatient,Office visit est pt 40-54min,E&M outpatient,108.2,78.09999999999999,86.66,129.96,153.25,60.49,778.0599999999999,113.9662995116635,43.85302571108809,5529,95858,.38478941,12.862622,1.9622279,1.4996538
Blue Choice PPO,2026-05-30,99215,professional,outpatient,Office visit est pt 40-54min,E&M outpatient,122.22,80.09999999999999,102.45,147.72,166.08,61.06,840.58,129.5181173982006,59.40921480031552,5673,121959,.45869425,13.766459,2.0734081,1.441874
Blue Choice PPO common,2026-05-30,99215,professional,outpatient,Office visit est pt 40-54min,E&M outpatient,122.22,80.09999999999999,102.45,147.72,166.08,61.06,840.58,129.5267031029605,59.41192078468466,5672,121587,.45868474,13.766459,2.0734081,1.441874
Blue Choice PPO group 039993,2026-05-30,99215,professional,outpatient,Office visit est pt 40-54min,E&M outpatient,124.08,93.17,108.335,146.105,159.22,65.98999999999999,178.89,125.728125,26.53468119364517,32,36,.2110481,2.7108653,1.7089192,1.3486408
Blue Essentials,2026-05-30,99215,professional,outpatient,Office visit est pt 40-54min,E&M outpatient,121.18,80.09999999999999,101.58,145.35,163.99,61.06,840.58,128.0795043258835,59.7210798117754,5548,104374,.46628132,13.766459,2.0473158,1.4308919
Blue Essentials common,2026-05-30,99215,professional,outpatient,Office visit est pt 40-54min,E&M outpatient,121.18,80.09999999999999,101.58,145.35,163.99,61.06,840.58,128.0428576589599,59.77294004138421,5536,104135,.46681979,13.766459,2.0473158,1.4308919
Blue Essentials group 295430,2026-05-30,99215,professional,outpatient,Office visit est pt 40-54min,E&M outpatient,122.22,95.54000000000001,111.27,145.95,159.18,92.38,180.46,128.4329702970297,23.13681799835727,101,247,.18014702,1.9534532,1.6661085,1.3116744
Blue Essentials group 295781,2026-05-30,99215,professional,outpatient,Office visit est pt 40-54min,E&M outpatient,122.22,95.54000000000001,111.27,145.95,159.18,92.38,180.46,128.4329702970297,23.13681799835727,101,247,.18014702,1.9534532,1.6661085,1.3116744
Blue Premier,2026-05-30,99215,professional,outpatient,Office visit est pt 40-54min,E&M outpatient,117.67,78.09999999999999,92.38,135.26,158.46,61.06,840.58,124.6020542874769,69.25270793244191,3242,56713,.55579108,13.766459,2.0289373,1.4641697
MyBlue Health HMO,2026-05-30,99215,professional,outpatient,Office visit est pt 40-54min,E&M outpatient,102.45,76.19,82.86,121.31,145.4,60.49,778.0599999999999,109.260550051247,47.45591160015009,2927,51643,.43433711,12.862622,1.9083869,1.4640357
ParPlan,2026-05-30,99215,professional,outpatient,Office visit est pt 40-54min,E&M outpatient,121.18,78.09999999999999,93.17,136.51,160.6,61.06,840.58,123.3266439565976,53.88593762468365,3963,95154,.43693671,13.766459,2.0563381,1.4651712
Blue Advantage HMO,2026-05-30,99202,institutional,outpatient,Office visit new pt 15-29min,E&M outpatient,55.66,25.77,27.2,95.34999999999999,156.17,25.25,385.42,74.16827915869986,57.82330913906307,523,1007,.77962315,15.264158,6.0601473,3.5055146
Blue Choice PPO,2026-05-30,99202,institutional,outpatient,Office visit new pt 15-29min,E&M outpatient,91.73999999999999,25.77,51.54,166.99,259.35,25.66,405.7,118.1724425887268,87.92118504187559,479,1106,.74400753,15.8106,10.064028,3.2400079
Blue Choice PPO common,2026-05-30,99202,institutional,outpatient,Office visit new pt 15-29min,E&M outpatient,81.95,25.77,36.09,160.29,230.9,25.66,405.7,110.5994117647061,83.91837261973835,442,1063,.75875968,15.8106,8.9600315,4.4413967
Blue Choice PPO group 039993,2026-05-30,99202,institutional,outpatient,Office visit new pt 15-29min,E&M outpatient,214.665,80.40000000000001,152.56,277.8,333.98,64.94,333.98,205.5223684210526,86.18752309634047,38,53,.41935837,5.1429009,4.1539803,1.820923
Blue Essentials,2026-05-30,99202,institutional,outpatient,Office visit new pt 15-29min,E&M outpatient,80.40000000000001,25.77,36.09,148.95,236.05,25.66,405.7,106.9573430962345,80.34685120386979,478,885,.75120461,15.8106,9.1598759,4.127182
Blue Essentials common,2026-05-30,99202,institutional,outpatient,Office visit new pt 15-29min,E&M outpatient,80.40000000000001,25.77,36.09,148.95,236.05,25.66,405.7,106.9573430962345,80.34685120386979,478,885,.75120461,15.8106,9.1598759,4.127182
Blue Premier,2026-05-30,99202,institutional,outpatient,Office visit new pt 15-29min,E&M outpatient,56.57,25.77,26.8,110.3,155.65,21.13,357.17,77.91286516853938,62.67432106631041,178,287,.80441558,16.903456,6.039969,4.1156716
MyBlue Health HMO,2026-05-30,99202,institutional,outpatient,Office visit new pt 15-29min,E&M outpatient,51.54,25.77,31.95,69.98999999999999,98.95999999999999,25.66,183.69,54.61515463917532,32.07907285538248,194,707,.58736581,7.1586127,3.8401241,2.1906104
ParPlan,2026-05-30,99202,institutional,outpatient,Office visit new pt 15-29min,E&M outpatient,76.98,25.77,36.09,161.32,255.12,15.57,423.25,112.9048894348895,95.85760773416629,407,822,.84901202,27.183687,9.8998833,4.4699364
Blue Advantage HMO,2026-05-30,99202,professional,outpatient,Office visit new pt 15-29min,E&M outpatient,43.12,30.39,35.53,55.19,65.19,24.91,408.01,47.97231748878895,21.12213754705063,5575,95614,.44029847,16.379366,2.1451135,1.5533352
Blue Choice PPO,2026-05-30,99202,professional,outpatient,Office visit new pt 15-29min,E&M outpatient,50.05,35.39,39.4,64.23999999999999,75.83,25.14,440.79,56.55087815587311,30.59938955907303,5466,119732,.54109484,17.533413,2.1426957,1.6304568
Blue Choice PPO common,2026-05-30,99202,professional,outpatient,Office visit new pt 15-29min,E&M outpatient,50.065,35.39,39.4,64.23999999999999,75.83,25.14,440.79,56.55275704354235,30.59965503501475,5466,119411,.54108161,17.533413,2.1426957,1.6304568
Blue Choice PPO group 039993,2026-05-30,99202,professional,outpatient,Office visit new pt 15-29min,E&M outpatient,50.825,35.59,40.86,63.045,72.62,27.17,86.64,52.10000000000002,14.36349719298553,32,36,.27569091,3.1888113,2.0404608,1.5429516
Blue Essentials,2026-05-30,99202,professional,outpatient,Office visit new pt 15-29min,E&M outpatient,49.62,34.63,39.38,62.57,73.22,25.14,440.79,55.60350353796144,30.82826439331386,5229,101932,.55443025,17.533413,2.1143517,1.5888776
Blue Essentials common,2026-05-30,99202,professional,outpatient,Office visit new pt 15-29min,E&M outpatient,49.62,34.63,39.38,62.57,73.22,25.14,440.79,55.59484377995025,30.85687377464684,5217,101693,.55503124,17.533413,2.1143517,1.5888776
Blue Essentials group 295430,2026-05-30,99202,professional,outpatient,Office visit new pt 15-29min,E&M outpatient,52.77,37.88,40.56,62.57,68.75,34.2,113.83,53.02051546391751,14.05479969701439,97,247,.2650823,3.3283625,1.8149419,1.5426528
Blue Essentials group 295781,2026-05-30,99202,professional,outpatient,Office visit new pt 15-29min,E&M outpatient,52.77,37.88,40.56,62.57,68.75,34.2,113.83,53.02051546391753,14.05479969701439,97,247,.2650823,3.3283625,1.8149419,1.5426528
Blue Premier,2026-05-30,99202,professional,outpatient,Office visit new pt 15-29min,E&M outpatient,46.98,32.16,38.04,58.69,72.48999999999999,25.14,440.79,54.71609475465294,35.14813401337296,2955,54604,.64237285,17.533413,2.2540424,1.5428497
MyBlue Health HMO,2026-05-30,99202,professional,outpatient,Office visit new pt 15-29min,E&M outpatient,42.25,28.45,33.96,52.4,63.76,24.91,408.01,46.72636684303328,22.58845136338342,2835,50320,.48341981,16.379366,2.2411249,1.5429918
ParPlan,2026-05-30,99202,professional,outpatient,Office visit new pt 15-29min,E&M outpatient,49.62,32.33,38.5,62.88,71.02,25.14,440.79,54.69584778669486,27.1079450212025,3863,95016,.49561247,17.533413,2.1967213,1.6332468
Blue Advantage HMO,2026-05-30,99203,institutional,outpatient,Office visit new pt 30-44min,E&M outpatient,93.52000000000001,77.48,85.23,186.73,240.19,48.81,553.22,140.3408290155443,82.52672461811423,386,1003,.588045,11.334153,3.1000259,2.1908953
Blue Choice PPO,2026-05-30,99203,institutional,outpatient,Office visit new pt 30-44min,E&M outpatient,169.295,84.11,91.69,267.31,397.19,67.41,602.79,199.2551184834127,123.9269136150695,422,898,.62195098,8.9421453,4.7222686,2.9153669
Blue Choice PPO common,2026-05-30,99203,institutional,outpatient,Office visit new pt 30-44min,E&M outpatient,146.655,84.11,91.69,249.765,360.28,67.41,602.79,188.398776041667,118.1002286497117,384,829,.62686306,8.9421453,4.2834382,2.7240157
Blue Choice PPO group 039993,2026-05-30,99203,institutional,outpatient,Office visit new pt 30-44min,E&M outpatient,325.42,120.87,230.12,417.62,502.07,97.62,502.07,313.6470270270271,128.0447788832065,37,59,.40824485,5.143106,4.1538014,1.8147923
Blue Essentials,2026-05-30,99203,institutional,outpatient,Office visit new pt 30-44min,E&M outpatient,186.04,83.92,90.785,268.86,375.78,63.53,570.3200000000001,200.105172413793,115.1577310993867,348,446,.575486,8.9771757,4.4778361,2.9615026
Blue Essentials common,2026-05-30,99203,institutional,outpatient,Office visit new pt 30-44min,E&M outpatient,186.04,83.92,90.785,268.86,375.78,63.53,570.3200000000001,200.105172413793,115.1577310993867,348,446,.575486,8.9771757,4.4778361,2.9615026
Blue Premier,2026-05-30,99203,institutional,outpatient,Office visit new pt 30-44min,E&M outpatient,117.77,77.48,84.11,206.1,300.62,68.18000000000001,536.9400000000001,156.5648695652174,95.61572435797568,115,148,.61070997,7.87533,3.8799691,2.4503627
MyBlue Health HMO,2026-05-30,99203,institutional,outpatient,Office visit new pt 30-44min,E&M outpatient,85.23,69.73,77.48,126.37,192.15,48.04,276.14,111.8275510204081,48.80803525323342,98,143,.43645805,5.7481265,2.7556288,1.6310016
ParPlan,2026-05-30,99203,institutional,outpatient,Office visit new pt 30-44min,E&M outpatient,136.29,84.11,91.69,249.355,387.4,73.05,636.27,195.1402528089889,136.5863702795163,356,622,.69993949,8.710062,4.6058731,2.7195442
Blue Advantage HMO,2026-05-30,99203,professional,outpatient,Office visit new pt 30-44min,E&M outpatient,72.54000000000001,51.89,61.05,86.09999999999999,101.71,43.59,631.93,76.96474936891411,30.42718898963464,5546,96014,.39533928,14.497132,1.9601079,1.4103194
Blue Choice PPO,2026-05-30,99203,professional,outpatient,Office visit new pt 30-44min,E&M outpatient,83.01000000000001,60.53,67.37,98.77,116.03,44,682.72,89.55693579595359,42.45232644328397,5685,121373,.47402611,15.516364,1.9169008,1.4660828
Blue Choice PPO common,2026-05-30,99203,professional,outpatient,Office visit new pt 30-44min,E&M outpatient,83.01000000000001,60.53,67.37,98.77,116.03,44,682.72,89.55828933474062,42.46268503579671,5682,121117,.47413462,15.516364,1.9169008,1.4660828
Blue Choice PPO group 039993,2026-05-30,99203,professional,outpatient,Office visit new pt 30-44min,E&M outpatient,83.94,62.29,69.645,98.44499999999999,113.3,47.55,135.17,85.175,19.82623270381457,32,36,.23277056,2.8426919,1.8189116,1.4135257
Blue Essentials,2026-05-30,99203,professional,outpatient,Office visit new pt 30-44min,E&M outpatient,81.06999999999999,59.85,66.40000000000001,97.62,113.37,44,682.72,88.07888662467403,43.14520810772194,5398,103916,.48984733,15.516364,1.8942356,1.4701807
Blue Essentials common,2026-05-30,99203,professional,outpatient,Office visit new pt 30-44min,E&M outpatient,81.06999999999999,59.85,66.40000000000001,97.55500000000001,113.37,44,682.72,88.04924962852724,43.18965329099944,5384,103675,.49051699,15.516364,1.8942356,1.4692018
Blue Essentials group 295430,2026-05-30,99203,professional,outpatient,Office visit new pt 30-44min,E&M outpatient,83.5,66.29000000000001,70.97,97.62,107.27,59.85,144.76,86.25268041237118,17.52811649152726,97,247,.20321822,2.4187133,1.6181928,1.3755108
Blue Essentials group 295781,2026-05-30,99203,professional,outpatient,Office visit new pt 30-44min,E&M outpatient,83.5,66.29000000000001,70.97,97.62,107.27,59.85,144.76,86.25268041237115,17.52811649152726,97,247,.20321822,2.4187133,1.6181928,1.3755108
Blue Premier,2026-05-30,99203,professional,outpatient,Office visit new pt 30-44min,E&M outpatient,77.41,56.28,65.41,91.56,111.79,44,682.72,85.94357759999963,48.91141500507268,3125,56438,.56911075,15.516364,1.9863183,1.399786
MyBlue Health HMO,2026-05-30,99203,professional,outpatient,Office visit new pt 30-44min,E&M outpatient,68.48,48.92,59.44,81.76000000000001,99.48,43.59,631.93,74.81526800956017,32.74907091356488,2929,51840,.43773246,14.497132,2.033524,1.3755047
ParPlan,2026-05-30,99203,professional,outpatient,Office visit new pt 30-44min,E&M outpatient,79.26000000000001,56.28,66.56999999999999,94.83,110.81,44,682.72,86.89228813559308,40.11789080574002,4012,95420,.4616968,15.516364,1.9689054,1.4245156
Blue Advantage HMO,2026-05-30,99204,institutional,outpatient,Office visit new pt 45-59min,E&M outpatient,144.3,65.67,119.37,262.31,401.41,52.22,935.5700000000001,198.3170309278351,139.3746777198552,485,1175,.70278722,17.915932,6.1125321,2.1974533
Blue Choice PPO,2026-05-30,99204,institutional,outpatient,Office visit new pt 45-59min,E&M outpatient,232.845,65.67,131.18,421.09,648.03,56.78,1020.58,296.1356066945605,219.9213346082606,478,1187,.74263728,17.974287,9.8679762,3.2100167
Blue Choice PPO common,2026-05-30,99204,institutional,outpatient,Office visit new pt 45-59min,E&M outpatient,208.58,65.59,90.51000000000001,406.53,581.13,56.78,1020.58,276.7282766439907,208.733412323483,441,1134,.75429016,17.974287,8.8600397,4.4915481
Blue Choice PPO group 039993,2026-05-30,99204,institutional,outpatient,Office visit new pt 45-59min,E&M outpatient,546.365,204.64,388.29,707.0599999999999,850.05,165.29,850.05,523.0976315789472,219.3633974547432,38,55,.41935459,5.1427794,4.1538801,1.8209586
Blue Essentials,2026-05-30,99204,institutional,outpatient,Office visit new pt 45-59min,E&M outpatient,210.025,65.67,131.18,383.05,598.18,56.78,964.48,274.4554782608694,200.7465862403012,460,777,.73143589,16.986263,9.1088781,2.9200335
Blue Essentials common,2026-05-30,99204,institutional,outpatient,Office visit new pt 45-59min,E&M outpatient,210.025,65.67,131.18,383.05,598.18,56.78,964.48,274.4554782608693,200.7465862403012,460,777,.73143589,16.986263,9.1088781,2.9200335
Blue Premier,2026-05-30,99204,institutional,outpatient,Office visit new pt 45-59min,E&M outpatient,144.3,65.59,68.20999999999999,280.73,396.16,53.78,909.08,198.4329050279327,159.309306098203,179,287,.80283713,16.903681,6.0399451,4.1156721
MyBlue Health HMO,2026-05-30,99204,institutional,outpatient,Office visit new pt 45-59min,E&M outpatient,141.67,65.59,68.20999999999999,182.58,274.17,65.28,467.53,150.1106626506023,84.53117058318958,166,301,.56312567,7.1619177,4.180058,2.6767337
ParPlan,2026-05-30,99204,institutional,outpatient,Office visit new pt 45-59min,E&M outpatient,202.325,65.59,82.64,407.97,609.99,39.62,1077.25,282.1918472906403,239.8568409106584,406,681,.84997791,27.18955,9.300046,4.9367132
Blue Advantage HMO,2026-05-30,99204,professional,outpatient,Office visit new pt 45-59min,E&M outpatient,115.24,84.52,97.03,129.53,152.41,70.98,937.46,120.3602301105965,48.27257242206209,5606,96436,.40106747,13.207382,1.8032418,1.3349479
Blue Choice PPO,2026-05-30,99204,professional,outpatient,Office visit new pt 45-59min,E&M outpatient,130.41,93.12,108.56,151.02,176.4,71.66,1012.8,139.9458360487048,66.15600183440222,5831,122858,.47272575,14.133408,1.8943299,1.3911201
Blue Choice PPO common,2026-05-30,99204,professional,outpatient,Office visit new pt 45-59min,E&M outpatient,130.41,93.12,108.56,151.02,176.4,71.66,1012.8,139.9284056231781,66.14845727263327,5833,122644,.47273073,14.133408,1.8943299,1.3911201
Blue Choice PPO group 039993,2026-05-30,99204,professional,outpatient,Office visit new pt 45-59min,E&M outpatient,129.545,100.86,113.425,148.99,169.78,77.45,202.56,132.299375,27.19925104963903,32,36,.20558865,2.6153648,1.6833234,1.3135552
Blue Essentials,2026-05-30,99204,professional,outpatient,Office visit new pt 45-59min,E&M outpatient,127.2,92.15000000000001,107.97,146.96,172.1,71.66,1012.8,137.7811988086361,68.42780831767098,5372,103875,.49664113,14.133408,1.8676071,1.3611188
Blue Essentials common,2026-05-30,99204,professional,outpatient,Office visit new pt 45-59min,E&M outpatient,127.2,91.90000000000001,107.97,146.96,172.135,71.66,1012.8,137.7521473880584,68.49564705562585,5360,103636,.49723834,14.133408,1.8730686,1.3611188
Blue Essentials group 295430,2026-05-30,99204,professional,outpatient,Office visit new pt 45-59min,E&M outpatient,135.98,107.95,115.58,146.29,160.74,97.47,200.94,133.7123711340206,22.3344331868416,97,247,.1670334,2.0615573,1.4890227,1.2657034
Blue Essentials group 295781,2026-05-30,99204,professional,outpatient,Office visit new pt 45-59min,E&M outpatient,135.98,107.95,115.58,146.29,160.74,97.47,200.94,133.7123711340206,22.3344331868416,97,247,.1670334,2.0615573,1.4890227,1.2657034
Blue Premier,2026-05-30,99204,professional,outpatient,Office visit new pt 45-59min,E&M outpatient,124.03,90.7,101.34,142.11,172.1,71.66,1012.8,135.5936981493306,79.31259994599938,3134,56426,.58492833,14.133408,1.8974642,1.4023091
MyBlue Health HMO,2026-05-30,99204,professional,outpatient,Office visit new pt 45-59min,E&M outpatient,108.25,79.68000000000001,95.36,126.71,149.83,70.98,937.46,117.9491181420402,53.8452034025105,2971,51967,.45651212,13.207382,1.8803966,1.3287542
ParPlan,2026-05-30,99204,professional,outpatient,Office visit new pt 45-59min,E&M outpatient,127.72,90.7,107.99,143.72,167.78,71.66,1012.8,134.6817027094212,60.28738342396782,4023,95518,.44762862,14.133408,1.8498346,1.330864
Blue Advantage HMO,2026-05-30,99205,institutional,outpatient,Office visit new pt 60-74min,E&M outpatient,250.805,171.19,187.87,441.67,547.8099999999999,107.85,1216.02,329.0096540880502,186.1061409295191,318,387,.56565559,11.275105,3.2000117,2.3509343
Blue Choice PPO,2026-05-30,99205,institutional,outpatient,Office visit new pt 60-74min,E&M outpatient,472.48,185.27,242.475,659.08,912.4400000000001,148.94,1331.86,495.9641071428568,273.1217998903051,336,492,.55068862,8.9422588,4.9249206,2.7181358
Blue Choice PPO common,2026-05-30,99205,institutional,outpatient,Office visit new pt 60-74min,E&M outpatient,455.37,184.89,213.99,626.16,879.92,148.94,1331.86,472.159630872483,262.4943574257067,298,435,.55594409,8.9422588,4.7591543,2.9261181
Blue Choice PPO group 039993,2026-05-30,99205,institutional,outpatient,Office visit new pt 60-74min,E&M outpatient,713.005,267.06,506.72,922.71,1109.31,215.7,1109.31,682.6413157894734,286.2677293947337,38,55,.41935307,5.142837,4.1537857,1.8209465
Blue Essentials,2026-05-30,99205,institutional,outpatient,Office visit new pt 60-74min,E&M outpatient,425.41,184.89,209.29,598.71,826.85,140.38,1253.6,451.1662462462463,250.1391908867809,333,409,.55442798,8.930047,4.4721184,2.8606718
Blue Essentials common,2026-05-30,99205,institutional,outpatient,Office visit new pt 60-74min,E&M outpatient,425.41,184.89,209.29,598.71,826.85,140.38,1253.6,451.1662462462463,250.1391908867809,333,409,.55442798,8.930047,4.4721184,2.8606718
Blue Premier,2026-05-30,99205,institutional,outpatient,Office visit new pt 60-74min,E&M outpatient,260.21,171.19,185.27,455.37,664.22,150.65,1186.35,345.7555652173911,211.2316750826693,115,148,.61092776,7.8748755,3.8800163,2.4578724
MyBlue Health HMO,2026-05-30,99205,institutional,outpatient,Office visit new pt 60-74min,E&M outpatient,188.31,154.07,171.19,279.21,424.55,106.14,610.12,246.2441414141416,107.5264281515992,99,144,.43666592,5.7482572,2.7555656,1.6309948
ParPlan,2026-05-30,99205,institutional,outpatient,Office visit new pt 60-74min,E&M outpatient,439.96,185.27,203.72,631.6900000000001,902.35,161.39,1405.81,484.5728975265021,309.1891301477199,283,330,.63806528,8.710639,4.8704596,3.1007755
Blue Advantage HMO,2026-05-30,99205,professional,outpatient,Office visit new pt 60-74min,E&M outpatient,152.8,113.77,129.78,171.64,201.3,89.59,1237.3,159.2049845707039,58.54687238350409,5509,95510,.36774522,13.810693,1.7693592,1.3225459
Blue Choice PPO,2026-05-30,99205,professional,outpatient,Office visit new pt 60-74min,E&M outpatient,175.66,124.73,147.53,199.5,229.98,89.59,1336.73,184.3370113515427,82.29197764483337,5638,120890,.44642136,14.920527,1.8438226,1.3522674
Blue Choice PPO common,2026-05-30,99205,professional,outpatient,Office visit new pt 60-74min,E&M outpatient,175.66,124.73,147.53,199.5,229.98,89.59,1336.73,184.3381174591905,82.30655911628675,5636,120659,.44649777,14.920527,1.8438226,1.3522674
Blue Choice PPO group 039993,2026-05-30,99205,professional,outpatient,Office visit new pt 60-74min,E&M outpatient,173.72,137.26,154.36,196.785,224.25,105.4,267.53,177.081875,34.8920882461543,32,36,.19703929,2.5382352,1.6337607,1.2748445
Blue Essentials,2026-05-30,99205,professional,outpatient,Office visit new pt 60-74min,E&M outpatient,172.785,124.73,146.94,193.8,224.38,89.59,1336.73,181.6957996254664,84.41882037277509,5340,103397,.46461624,14.920527,1.7989256,1.3189057
Blue Essentials common,2026-05-30,99205,professional,outpatient,Office visit new pt 60-74min,E&M outpatient,172.73,124.73,146.925,193.8,224.38,89.59,1336.73,181.6505442942926,84.50149705128707,5328,103158,.46518713,14.920527,1.7989256,1.3190403
Blue Essentials group 295430,2026-05-30,99205,professional,outpatient,Office visit new pt 60-74min,E&M outpatient,180.46,146.91,157.3,193.53,212.31,132.65,265.4,178.8416494845361,27.70793093744447,97,247,.15492997,2.0007539,1.4451705,1.2303243
Blue Essentials group 295781,2026-05-30,99205,professional,outpatient,Office visit new pt 60-74min,E&M outpatient,180.46,146.91,157.3,193.53,212.31,132.65,265.4,178.841649484536,27.70793093744447,97,247,.15492997,2.0007539,1.4451705,1.2303243
Blue Premier,2026-05-30,99205,professional,outpatient,Office visit new pt 60-74min,E&M outpatient,164.58,114.19,136.94,187.6,220.23,89.59,1336.73,177.2837083333345,95.92712441228727,3120,56103,.54109383,14.920527,1.9286277,1.369943
MyBlue Health HMO,2026-05-30,99205,professional,outpatient,Office visit new pt 60-74min,E&M outpatient,144.81,108.42,129.46,167.36,197.17,96.59999999999999,1237.3,154.8628273504273,63.36906227973314,2925,51441,.4091948,12.808489,1.8185759,1.2927545
ParPlan,2026-05-30,99205,professional,outpatient,Office visit new pt 60-74min,E&M outpatient,172.24,119.79,146.96,192.37,220.98,89.59,1336.73,179.5347470720166,79.06927015546736,4013,95064,.44041207,14.920527,1.8447282,1.3089956
Blue Advantage HMO,2026-05-30,99281,institutional,outpatient,ED visit level 1,Emergency,112.545,69.62,74.15000000000001,240.89,318.16,50.28,1018,166.3299295774651,121.4436699311575,426,647,.73013723,20.246618,4.5699511,3.2486851
Blue Choice PPO,2026-05-30,99281,institutional,outpatient,ED visit level 1,Emergency,200,74.15000000000001,74.15000000000001,357.85,541.64,60.1,1706,271.4634168564916,277.6253508447622,439,771,1.022699,28.386023,7.3046527,4.8260283
Blue Choice PPO common,2026-05-30,99281,institutional,outpatient,ED visit level 1,Emergency,181.01,74.15000000000001,74.15000000000001,310,484,60.1,1564,248.2634987593049,263.3564019030113,403,709,1.0607939,26.023294,6.5273094,4.1807146
Blue Choice PPO group 039993,2026-05-30,99281,institutional,outpatient,ED visit level 1,Emergency,426,245.45,332,544,981,87.72,1706,502.3325,305.2897198060078,40,57,.60774434,19.448244,3.9967406,1.6385542
Blue Essentials,2026-05-30,99281,institutional,outpatient,ED visit level 1,Emergency,177.53,74.15000000000001,74.15000000000001,318.43,464,60.1,1408,243.994459459459,238.9688616887515,444,675,.97940284,23.42762,6.257586,4.2944031
Blue Essentials common,2026-05-30,99281,institutional,outpatient,ED visit level 1,Emergency,177.53,74.15000000000001,74.15000000000001,318.86,464,60.1,1408,243.9131828442432,239.2328918984403,443,674,.98081166,23.42762,6.257586,4.3002024
Blue Essentials group 295430,2026-05-30,99281,institutional,outpatient,ED visit level 1,Emergency,280,280,280,280,280,280,280,280,,1,1,,1,1,1
Blue Essentials group 295781,2026-05-30,99281,institutional,outpatient,ED visit level 1,Emergency,280,280,280,280,280,280,280,280,,1,1,,1,1,1
Blue Premier,2026-05-30,99281,institutional,outpatient,ED visit level 1,Emergency,74.15000000000001,69.62,74.15000000000001,234,318,64.04000000000001,832,151.8030733944958,132.1966774933483,218,396,.87084323,12.99188,4.5676532,3.1557653
MyBlue Health HMO,2026-05-30,99281,institutional,outpatient,ED visit level 1,Emergency,74.15000000000001,69.62,74.15000000000001,113,312,43.16,791,148.6464324324328,176.798011581465,185,368,1.1893861,18.327154,4.4814711,1.5239379
ParPlan,2026-05-30,99281,institutional,outpatient,ED visit level 1,Emergency,198,65.33,75.53,328,450,55.65,1552,255.7334862385323,267.2876896172694,327,417,1.0451807,27.88859,6.8881063,4.3426452
Blue Advantage HMO,2026-05-30,99281,professional,outpatient,ED visit level 1,Emergency,8.9,7.38,8.25,10.16,12.3,6.71,91.59999999999999,10.69732158988258,8.674505811261026,2214,32457,.81090444,13.651267,1.6666666,1.2315152
Blue Choice PPO,2026-05-30,99281,professional,outpatient,ED visit level 1,Emergency,10.21,8.779999999999999,9.25,11.54,16.32,7.85,109.92,12.81753467561532,10.83519924441161,2235,41960,.84534192,14.002548,1.8587699,1.2475675
Blue Choice PPO common,2026-05-30,99281,professional,outpatient,ED visit level 1,Emergency,10.21,8.779999999999999,9.25,11.54,16.32,7.85,109.92,12.81467590523033,10.8307801395027,2237,41952,.84518564,14.002548,1.8587699,1.2475675
Blue Choice PPO group 039993,2026-05-30,99281,professional,outpatient,ED visit level 1,Emergency,10.03,8.59,8.68,11.43,11.71,8.41,13.64,10.24214285714286,1.509906663296819,14,16,.14742097,1.6218787,1.3632131,1.3168203
Blue Essentials,2026-05-30,99281,professional,outpatient,ED visit level 1,Emergency,10,8.76,9.24,11.25,16.28,7.57,126,12.75760481927712,11.52626891576751,2075,34342,.9034822,16.64465,1.8584474,1.2175325
Blue Essentials common,2026-05-30,99281,professional,outpatient,ED visit level 1,Emergency,10,8.76,9.24,11.25,16.28,7.57,126,12.761334622824,11.54546800290552,2068,34231,.90472263,16.64465,1.8584474,1.2175325
Blue Essentials group 295430,2026-05-30,99281,professional,outpatient,ED visit level 1,Emergency,9.85,8.41,9.24,10.82,11.59,8.31,13.53,9.987608695652172,1.110863897619243,46,113,.11122421,1.6281588,1.3781213,1.1709957
Blue Essentials group 295781,2026-05-30,99281,professional,outpatient,ED visit level 1,Emergency,9.85,8.41,9.24,10.82,11.59,8.31,13.53,9.987608695652172,1.110863897619243,46,113,.11122421,1.6281588,1.3781213,1.1709957
Blue Premier,2026-05-30,99281,professional,outpatient,ED visit level 1,Emergency,9.85,8.640000000000001,9.210000000000001,10.84,16.93,8.25,109.92,13.27889309366127,13.90705602890217,1057,15734,1.0473053,13.323636,1.9594908,1.1769816
MyBlue Health HMO,2026-05-30,99281,professional,outpatient,ED visit level 1,Emergency,8.66,7.38,8.130000000000001,10.04,12.3,6.71,91.59999999999999,11.09411931818182,11.18167574199055,1056,14839,1.0078921,13.651267,1.6666666,1.2349323
ParPlan,2026-05-30,99281,professional,outpatient,ED visit level 1,Emergency,9.9,9.199999999999999,9.24,11.1,17.05,8.369999999999999,82,12.26276144907725,7.44925885477624,1463,36347,.60746992,9.7968941,1.8532609,1.2012987
Blue Advantage HMO,2026-05-30,99282,institutional,outpatient,ED visit level 2,Emergency,218.81,127.96,134.62,434,624,86.51000000000001,1424,310.8006323185007,223.7135250503293,427,647,.71979755,16.460526,4.876524,3.2238894
Blue Choice PPO,2026-05-30,99282,institutional,outpatient,ED visit level 2,Emergency,396.98,134.62,134.62,682.9200000000001,932,108.98,5556,550.1799772727267,798.1779576707121,440,770,1.4507579,50.981831,6.9231911,5.0729461
Blue Choice PPO common,2026-05-30,99282,institutional,outpatient,ED visit level 2,Emergency,340,134.62,134.62,600,912,108.98,5556,522.3076309226929,825.8808156787052,401,710,1.5812153,50.981831,6.7746248,4.4569902
Blue Choice PPO group 039993,2026-05-30,99282,institutional,outpatient,ED visit level 2,Emergency,828,530.235,611.5,1184,1294,161.23,1356,843.925,304.3524837994127,40,59,.36063924,8.4103451,2.4404273,1.9362224
Blue Essentials,2026-05-30,99282,institutional,outpatient,ED visit level 2,Emergency,362.985,134.62,134.62,616,852,108.98,5000,502.003348416289,715.6105840213431,442,675,1.4255096,45.879978,6.3289261,4.5758433
Blue Essentials common,2026-05-30,99282,institutional,outpatient,ED visit level 2,Emergency,360,134.62,134.62,604,852,108.98,5000,501.7380498866207,716.4015550531367,441,674,1.4278398,45.879978,6.3289261,4.4867034
Blue Essentials group 295430,2026-05-30,99282,institutional,outpatient,ED visit level 2,Emergency,619,619,619,619,619,619,619,619,,1,1,,1,1,1
Blue Essentials group 295781,2026-05-30,99282,institutional,outpatient,ED visit level 2,Emergency,619,619,619,619,619,619,619,619,,1,1,,1,1,1
Blue Premier,2026-05-30,99282,institutional,outpatient,ED visit level 2,Emergency,134.62,127.96,134.62,428,614,118.26,1008,275.2626605504591,216.3957161306784,218,396,.78614265,8.523592,4.7983747,3.1793196
MyBlue Health HMO,2026-05-30,99282,institutional,outpatient,ED visit level 2,Emergency,134.62,127.96,134.62,217.53,584,79.34,2762,336.9050270270276,581.3716340344766,185,369,1.7256247,34.812202,4.5639262,1.6158818
ParPlan,2026-05-30,99282,institutional,outpatient,ED visit level 2,Emergency,374.92,121.81,137.12,619,899.38,100.91,5494,553.0461515151513,877.8349835464709,330,418,1.5872725,54.444553,7.3834662,4.5142941
Blue Advantage HMO,2026-05-30,99282,professional,outpatient,ED visit level 2,Emergency,32.43,28.53,30.33,37.33,42.05,24.66,235.31,36.5896263345199,17.81575562037518,2248,33687,.48690727,9.5421734,1.4738871,1.2307945
Blue Choice PPO,2026-05-30,99282,professional,outpatient,ED visit level 2,Emergency,37.53,31.9,34.01,42.29,51.26,28,254.22,42.58612803532017,21.09625723071214,2265,44373,.49537861,9.0792856,1.6068965,1.2434578
Blue Choice PPO common,2026-05-30,99282,professional,outpatient,ED visit level 2,Emergency,37.53,31.9,34.01,42.29,51.26,28,254.22,42.57749005744594,21.09648520789926,2263,44280,.49548447,9.0792856,1.6068965,1.2434578
Blue Choice PPO group 039993,2026-05-30,99282,professional,outpatient,ED visit level 2,Emergency,36.58,31.6,31.9,42.03,43.04,30.93,50.14,37.41066666666666,5.429324433990274,15,17,.14512771,1.6210798,1.3620253,1.3175548
Blue Essentials,2026-05-30,99282,professional,outpatient,ED visit level 2,Emergency,36.38,31.52,33.88,41.21,48.63,27.84,254.22,41.77031148303115,21.33338407167141,2151,36752,.5107308,9.1314659,1.54283,1.2163519
Blue Essentials common,2026-05-30,99282,professional,outpatient,ED visit level 2,Emergency,36.38,31.52,33.88,41.01,48.63,27.84,254.22,41.77053146853146,21.36295143966953,2145,36637,.51143593,9.1314659,1.54283,1.2104486
Blue Essentials group 295430,2026-05-30,99282,professional,outpatient,ED visit level 2,Emergency,36.21,30.92,33.96,39.79,42.6,30.54,49.74,36.78297872340426,4.064273246384475,47,119,.11049332,1.6286837,1.3777491,1.1716726
Blue Essentials group 295781,2026-05-30,99282,professional,outpatient,ED visit level 2,Emergency,36.21,30.92,33.96,39.79,42.6,30.54,49.74,36.78297872340427,4.064273246384475,47,119,.11049332,1.6286837,1.3777491,1.1716726
Blue Premier,2026-05-30,99282,professional,outpatient,ED visit level 2,Emergency,36.21,31.52,33.82,39.86,48.93,28.71,254.22,42.9053303167418,26.58957826284655,1105,16017,.61972672,8.8547544,1.5523477,1.1785926
MyBlue Health HMO,2026-05-30,99282,professional,outpatient,ED visit level 2,Emergency,31.795,27.15,29.88,36.9,42.86,24.66,235.31,37.5144464944652,22.56721055865786,1084,14715,.60156053,9.5421734,1.5786372,1.2349398
ParPlan,2026-05-30,99282,professional,outpatient,ED visit level 2,Emergency,36.39,31.9,33.96,40.81,56.265,28.71,254.22,42.05440789473705,18.64734089957122,1520,37286,.44340989,8.8547544,1.7637931,1.2017078
Blue Advantage HMO,2026-05-30,99283,institutional,outpatient,ED visit level 3,Emergency,241.21,111.67,214.92,728,1114.42,54.46,2422,475.8276964285726,420.277985292494,560,1020,.88325667,44.473007,9.9795828,3.3873069
Blue Choice PPO,2026-05-30,99283,institutional,outpatient,ED visit level 3,Emergency,388.06,111.67,223.34,1152.47,1617,68.08,9653,825.325936952715,1295.800095223819,571,1146,1.5700465,141.78908,14.480165,5.1601596
Blue Choice PPO common,2026-05-30,99283,institutional,outpatient,ED visit level 3,Emergency,274.49,111.67,223.34,959,1540,68.08,9653,766.1691604477616,1308.548085116588,536,1087,1.7079102,141.78908,13.790633,4.2939014
Blue Choice PPO group 039993,2026-05-30,99283,institutional,outpatient,ED visit level 3,Emergency,1575,882,1203.8,2086,2877,281.41,2934,1687.286153846154,627.7401354005594,39,54,.37204131,10.426068,3.2619047,1.732846
Blue Essentials,2026-05-30,99283,institutional,outpatient,ED visit level 3,Emergency,354.96,111.67,223.34,1030.82,1470,68.08,8688,753.5807692307698,1164.468752179833,572,1050,1.5452474,127.61457,13.163786,4.6154742
Blue Essentials common,2026-05-30,99283,institutional,outpatient,ED visit level 3,Emergency,348.41,111.67,223.34,1027.58,1470,68.08,8688,752.5870402802107,1165.24699562864,571,1049,1.5483218,127.61457,13.163786,4.6009669
Blue Essentials group 295430,2026-05-30,99283,institutional,outpatient,ED visit level 3,Emergency,1321,1321,1321,1321,1321,1321,1321,1321,,1,1,,1,1,1
Blue Essentials group 295781,2026-05-30,99283,institutional,outpatient,ED visit level 3,Emergency,1321,1321,1321,1321,1321,1321,1321,1321,,1,1,,1,1,1
Blue Premier,2026-05-30,99283,institutional,outpatient,ED visit level 3,Emergency,236.63,111.67,223.34,574,1155,68.08,2499,458.9359074733102,481.7920320324697,281,534,1.0498024,36.706814,10.342975,2.5700727
MyBlue Health HMO,2026-05-30,99283,institutional,outpatient,ED visit level 3,Emergency,236.63,111.67,223.34,245.67,907.5,68.08,4735,481.1664800000005,878.8268100698792,250,523,1.8264506,69.550529,8.1266232,1.0999821
ParPlan,2026-05-30,99283,institutional,outpatient,ED visit level 3,Emergency,330.54,109.55,154.1,922.39,1561,67.45,9554,782.7143429844103,1387.463079277788,449,756,1.7726302,141.64566,14.249201,5.9856586
Blue Advantage HMO,2026-05-30,99283,professional,outpatient,ED visit level 3,Emergency,53.91,41.63,48.97,62.48,67.27,37.54,404.21,59.23640737770678,27.498719754396,2494,38059,.4642199,10.767448,1.6159019,1.2758832
Blue Choice PPO,2026-05-30,99283,professional,outpatient,ED visit level 3,Emergency,61.75,44.37,57.33,69.38,84.61,37.9,436.69,67.98386597938088,32.55428063932532,2522,49509,.47885305,11.522163,1.9069191,1.2101866
Blue Choice PPO common,2026-05-30,99283,professional,outpatient,ED visit level 3,Emergency,61.75,44.37,57.33,69.38,84.61,37.9,436.69,68.00426476416904,32.56394969823084,2523,49382,.47885159,11.522163,1.9069191,1.2101866
Blue Choice PPO group 039993,2026-05-30,99283,professional,outpatient,ED visit level 3,Emergency,61.585,52.21,53.74,69.905,72.65000000000001,40.96,84.63,61.75937500000001,10.44691690962777,16,18,.16915517,2.0661621,1.3914958,1.3008002
Blue Essentials,2026-05-30,99283,professional,outpatient,ED visit level 3,Emergency,60.8,44.37,56.57,67.27,75.95999999999999,37.9,436.69,66.62783963439973,32.62563184220535,2407,41402,.48966965,11.522163,1.7119676,1.1891462
Blue Essentials common,2026-05-30,99283,professional,outpatient,ED visit level 3,Emergency,60.8,44.37,56.57,67.27,75.95999999999999,37.9,436.69,66.61847147022083,32.66541369125706,2401,41287,.49033567,11.522163,1.7119676,1.1891462
Blue Essentials group 295430,2026-05-30,99283,professional,outpatient,ED visit level 3,Emergency,61.12,52.19,57.33,67.16,71.91,51.55,83.95999999999999,62.08765957446808,6.859705030027341,47,119,.1104842,1.62871,1.3778502,1.1714635
Blue Essentials group 295781,2026-05-30,99283,professional,outpatient,ED visit level 3,Emergency,61.12,52.19,57.33,67.16,71.91,51.55,83.95999999999999,62.08765957446808,6.859705030027341,47,119,.1104842,1.62871,1.3778502,1.1714635
Blue Premier,2026-05-30,99283,professional,outpatient,ED visit level 3,Emergency,57.33,40.96,53.21,67.16,75.31,37.9,436.69,66.89167567567597,39.11079209723039,1295,19162,.58468848,11.522163,1.838623,1.2621688
MyBlue Health HMO,2026-05-30,99283,professional,outpatient,ED visit level 3,Emergency,52.83,40.96,48.47,60.41,68.26000000000001,37.54,404.21,60.21446179129045,33.88855382459927,1217,17469,.56279761,10.767448,1.6665039,1.2463379
ParPlan,2026-05-30,99283,professional,outpatient,ED visit level 3,Emergency,58.18,44.37,56,68.45,84.64,37.9,436.69,66.51811965811956,30.37794810591937,1755,40977,.45668682,11.522163,1.9075953,1.2223214
Blue Advantage HMO,2026-05-30,99284,institutional,outpatient,ED visit level 4,Emergency,386.97,177.76,351.79,1372.35,2200,87.59999999999999,6920,890.5968383658939,880.6977811054595,563,1018,.98888493,78.99543,12.376238,3.9010489
Blue Choice PPO,2026-05-30,99284,institutional,outpatient,ED visit level 4,Emergency,711.0599999999999,177.76,360.5,2459,3560,108.95,24138,1694.325146299481,3123.12636720016,581,1170,1.8432863,221.55116,20.027002,6.8210816
Blue Choice PPO common,2026-05-30,99284,institutional,outpatient,ED visit level 4,Emergency,482.72,177.76,357.61,1971.5,3388.5,108.95,24138,1580.800296296293,3198.252147454819,540,1098,2.0231855,221.55116,19.06222,5.512989
Blue Choice PPO group 039993,2026-05-30,99284,institutional,outpatient,ED visit level 4,Emergency,3090,1480,2840,3520,4320,443.26,6160,3148.997105263158,999.3146047082899,38,60,.31734377,13.897036,2.9189188,1.2394366
Blue Essentials,2026-05-30,99284,institutional,outpatient,ED visit level 4,Emergency,565.8199999999999,177.76,360.5,2000,3150,108.95,21724,1505.644438596489,2823.728456142009,570,1051,1.8754284,199.39421,17.720522,5.5478501
Blue Essentials common,2026-05-30,99284,institutional,outpatient,ED visit level 4,Emergency,561.74,177.76,360.5,2000,3160,108.95,21724,1503.968945518452,2825.929436422095,569,1050,1.8789812,199.39421,17.776777,5.5478501
Blue Essentials group 295430,2026-05-30,99284,institutional,outpatient,ED visit level 4,Emergency,2459,2459,2459,2459,2459,2459,2459,2459,,1,1,,1,1,1
Blue Essentials group 295781,2026-05-30,99284,institutional,outpatient,ED visit level 4,Emergency,2459,2459,2459,2459,2459,2459,2459,2459,,1,1,,1,1,1
Blue Premier,2026-05-30,99284,institutional,outpatient,ED visit level 4,Emergency,383.97,175.9,351.79,988.855,2580,109.5,5340,866.0206071428572,990.0872907384019,280,534,1.1432607,48.767124,14.667424,2.8109241
MyBlue Health HMO,2026-05-30,99284,institutional,outpatient,ED visit level 4,Emergency,383.97,177.76,351.79,450.29,1940,109.5,11439,987.0631640625001,2107.12929426124,256,523,2.1347461,104.46575,10.913591,1.2799966
ParPlan,2026-05-30,99284,institutional,outpatient,ED visit level 4,Emergency,500.7,175.9,242.74,1813.2,3280,106.24,23884,1584.553758389263,3408.454760019853,447,756,2.1510503,224.81175,18.646959,7.4697208
Blue Advantage HMO,2026-05-30,99284,professional,outpatient,ED visit level 4,Emergency,91.37,69.88,82.69,106.34,114.8,64.04000000000001,679.38,99.94218785796113,47.95189569745113,2619,44799,.47979635,10.608682,1.6428163,1.286008
Blue Choice PPO,2026-05-30,99284,professional,outpatient,ED visit level 4,Emergency,104.8,69.88,92.95999999999999,118.37,144.36,64.66,733.97,114.5268540173515,57.64594398653791,2651,57224,.50334001,11.351222,2.0658271,1.2733433
Blue Choice PPO common,2026-05-30,99284,professional,outpatient,ED visit level 4,Emergency,104.8,69.88,92.95999999999999,118.37,144.36,64.66,733.97,114.5268540173515,57.6459439865379,2651,57098,.50334001,11.351222,2.0658271,1.2733433
Blue Choice PPO group 039993,2026-05-30,99284,professional,outpatient,ED visit level 4,Emergency,105.08,89.08,91.69,119.265,123.95,69.88,144.4,105.37125,17.82536614864708,16,18,.16916727,2.0663996,1.3914459,1.3007417
Blue Essentials,2026-05-30,99284,professional,outpatient,ED visit level 4,Emergency,103.46,69.88,92.75,114.77,131.6,52.08,733.97,112.2099055489966,57.60697661085027,2541,48558,.51338583,14.093126,1.8832284,1.2374125
Blue Essentials common,2026-05-30,99284,professional,outpatient,ED visit level 4,Emergency,103.46,69.88,92.75,114.77,131.6,52.08,733.97,112.1790410418312,57.6812672641452,2534,48443,.51418936,14.093126,1.8832284,1.2374125
Blue Essentials group 295430,2026-05-30,99284,professional,outpatient,ED visit level 4,Emergency,104.28,89.05,97.81,114.59,122.69,87.94,143.24,105.9310638297873,11.7046871388165,47,120,.11049344,1.6288378,1.3777653,1.1715571
Blue Essentials group 295781,2026-05-30,99284,professional,outpatient,ED visit level 4,Emergency,104.28,89.05,97.81,114.59,122.69,87.94,143.24,105.9310638297873,11.7046871388165,47,120,.11049344,1.6288378,1.3777653,1.1715571
Blue Premier,2026-05-30,99284,professional,outpatient,ED visit level 4,Emergency,97.81,69.88,82.69,114.59,128.3,64.66,733.97,111.1648135116116,68.73451464258592,1421,25799,.61831176,11.351222,1.8360046,1.3857782
MyBlue Health HMO,2026-05-30,99284,professional,outpatient,ED visit level 4,Emergency,87.34,69.88,77.48,102.02,114.59,64.04000000000001,679.38,100.0413828996284,58.39156199506116,1345,23745,.58367407,10.608682,1.6398112,1.3167269
ParPlan,2026-05-30,99284,professional,outpatient,ED visit level 4,Emergency,98.98999999999999,69.88,89.08,116.46,144.83,64.66,733.97,111.1747789025034,52.17870077860395,1877,45346,.46933937,11.351222,2.0725529,1.3073642
Blue Advantage HMO,2026-05-30,99285,institutional,outpatient,ED visit level 5,Emergency,562.52,260.43,504.51,2252.445,3840,129.26,13840,1556.10516791045,1872.802693257285,536,988,1.2035193,107.07102,14.744845,4.4646192
Blue Choice PPO,2026-05-30,99285,institutional,outpatient,ED visit level 5,Emergency,1079.65,260.43,532.11,3655,6040,161.57,13840,2286.124543828268,2634.492076392667,559,1128,1.1523834,85.65947,23.192413,6.8688803
Blue Choice PPO common,2026-05-30,99285,institutional,outpatient,ED visit level 5,Emergency,802.17,260.43,524.92,2739.67,5080,161.57,12661,2006.185686653773,2449.515746328602,517,1060,1.2209816,78.36232,19.506201,5.2192144
Blue Choice PPO group 039993,2026-05-30,99285,institutional,outpatient,ED visit level 5,Emergency,5600,3477,4320,6360,9640,635.68,13840,5643.263076923077,2379.543400564324,39,59,.4216609,21.771961,2.772505,1.4722222
Blue Essentials,2026-05-30,99285,institutional,outpatient,ED visit level 5,Emergency,928.2950000000001,260.43,532.11,3134,5340,161.57,12720,2052.797436363638,2388.76646219325,550,1024,1.163664,78.727486,20.504551,5.8897595
Blue Essentials common,2026-05-30,99285,institutional,outpatient,ED visit level 5,Emergency,923.25,260.43,532.11,3120,5360,161.57,12720,2050.20326047359,2390.169424563759,549,1023,1.1658207,78.727486,20.581347,5.8634491
Blue Essentials group 295430,2026-05-30,99285,institutional,outpatient,ED visit level 5,Emergency,3477,3477,3477,3477,3477,3477,3477,3477,,1,1,,1,1,1
Blue Essentials group 295781,2026-05-30,99285,institutional,outpatient,ED visit level 5,Emergency,3477,3477,3477,3477,3477,3477,3477,3477,,1,1,,1,1,1
Blue Premier,2026-05-30,99285,institutional,outpatient,ED visit level 5,Emergency,562.52,252.25,504.51,1800,4640,161.57,12000,1560.010260223051,2120.98723389823,269,514,1.3595983,74.271217,18.394449,3.5678182
MyBlue Health HMO,2026-05-30,99285,institutional,outpatient,ED visit level 5,Emergency,562.52,252.25,499.46,625.59,2000,161.57,6960,941.1012757201622,1301.513811576187,243,508,1.3829689,43.077305,7.9286423,1.2525327
ParPlan,2026-05-30,99285,institutional,outpatient,ED visit level 5,Emergency,888.05,252.25,317.84,3010.51,4760,152.36,13840,1969.320947867296,2282.345524150753,422,724,1.1589506,90.837494,18.870169,9.4717779
Blue Advantage HMO,2026-05-30,99285,professional,outpatient,ED visit level 5,Emergency,133.37,106.04,120.38,154.56,167.09,92.86,988.7,147.1488998422714,69.91194959790597,2536,36227,.47511023,10.647211,1.5757262,1.2839342
Blue Choice PPO,2026-05-30,99285,professional,outpatient,ED visit level 5,Emergency,152.77,128.45,141.83,171.63,209.32,93.75,1068.15,170.3733957845456,83.09297539056351,2562,47479,.48771098,11.3936,1.6295835,1.2101107
Blue Choice PPO common,2026-05-30,99285,professional,outpatient,ED visit level 5,Emergency,152.77,128.45,141.83,171.63,209.32,93.75,1068.15,170.3733957845456,83.09297539056352,2562,47411,.48771098,11.3936,1.6295835,1.2101107
Blue Choice PPO group 039993,2026-05-30,99285,professional,outpatient,ED visit level 5,Emergency,152.77,131.96,132.71,170.38,175.5,129.16,179.72,152.5381818181818,17.5706287981858,11,12,.1151884,1.3914524,1.3299484,1.283852
Blue Essentials,2026-05-30,99285,professional,outpatient,ED visit level 5,Emergency,150.41,126.72,141.14,166.41,194.18,75.79000000000001,1068.15,167.4996923076932,83.99107177210041,2405,39411,.50144017,14.093548,1.5323548,1.1790421
Blue Essentials common,2026-05-30,99285,professional,outpatient,ED visit level 5,Emergency,150.41,126.72,141.14,166.41,194.24,75.79000000000001,1068.15,167.4831638182585,84.09439447492679,2399,39294,.50210655,14.093548,1.5328283,1.1790421
Blue Essentials group 295430,2026-05-30,99285,professional,outpatient,ED visit level 5,Emergency,151.21,129.12,141.83,166.15,177.9,127.52,207.7,153.6008510638298,16.97067532536861,47,121,.11048555,1.6287642,1.3777881,1.1714729
Blue Essentials group 295781,2026-05-30,99285,professional,outpatient,ED visit level 5,Emergency,151.21,129.12,141.83,166.15,177.9,127.52,207.7,153.6008510638298,16.97067532536861,47,121,.11048555,1.6287642,1.3777881,1.1714729
Blue Premier,2026-05-30,99285,professional,outpatient,ED visit level 5,Emergency,141.83,119.9,139.94,166.15,186.3,93.75,1068.15,169.5960678488813,101.2656862804947,1297,17714,.59709924,11.3936,1.5537949,1.1872946
MyBlue Health HMO,2026-05-30,99285,professional,outpatient,ED visit level 5,Emergency,130.08,106.07,119.9,149.45,166.41,92.86,988.7,149.448050914877,86.20177384550766,1257,16232,.57680094,10.647211,1.5688696,1.2464554
ParPlan,2026-05-30,99285,professional,outpatient,ED visit level 5,Emergency,143.94,119.9,141.27,168.87,209.32,93.75,1068.15,166.3968565047463,74.92070494155638,1791,40464,.45025313,11.3936,1.7457881,1.1953706
Blue Advantage HMO,2026-05-30,74177,institutional,outpatient,CT abdomen/pelvis w contrast,Imaging,412.4,229.11,252.74,798.66,1309.75,151.64,3566.48,627.3412477064205,559.8783735277051,545,985,.89246225,23.519388,5.7166862,3.1600063
Blue Choice PPO,2026-05-30,74177,institutional,outpatient,CT abdomen/pelvis w contrast,Imaging,607.14,229.11,252.74,1527.4,1939.8,151.64,6655.73,975.4187434554958,1014.199032940946,573,1124,1.0397576,43.891651,8.4666758,6.0433645
Blue Choice PPO common,2026-05-30,74177,institutional,outpatient,CT abdomen/pelvis w contrast,Imaging,420.04,229.11,252.74,1316.78,1710.69,151.64,4462.64,799.6737950664116,675.6511498212451,527,1057,.84490848,29.429174,7.4666753,5.2100182
Blue Choice PPO group 039993,2026-05-30,74177,institutional,outpatient,CT abdomen/pelvis w contrast,Imaging,2430.475,1481.58,1697.325,2888.695,6423.01,798.0700000000001,6655.73,2929.636666666665,1803.136484447614,48,77,.61548126,8.3397818,4.3352432,1.7019104
Blue Essentials,2026-05-30,74177,institutional,outpatient,CT abdomen/pelvis w contrast,Imaging,540.86,229.11,252.74,1332.66,1779.42,151.64,6322.93,887.5888078291799,928.5483215926055,562,1030,1.046147,41.69698,7.7666621,5.2728496
Blue Essentials common,2026-05-30,74177,institutional,outpatient,CT abdomen/pelvis w contrast,Imaging,540.86,229.11,252.74,1332.66,1779.42,151.64,6322.93,887.58880782918,928.5483215926056,562,1030,1.046147,41.69698,7.7666621,5.2728496
Blue Premier,2026-05-30,74177,institutional,outpatient,CT abdomen/pelvis w contrast,Imaging,252.74,229.11,252.74,595.6900000000001,1596.13,151.64,4459.34,659.4024817518246,835.3979740476412,274,524,1.2669015,29.407412,6.9666533,2.3569281
MyBlue Health HMO,2026-05-30,74177,institutional,outpatient,CT abdomen/pelvis w contrast,Imaging,252.74,229.11,252.74,481.13,824.7950000000001,151.64,2489.66,438.0097200000009,345.9143251269513,250,518,.78974122,16.418228,3.5999956,1.9036559
ParPlan,2026-05-30,74177,institutional,outpatient,CT abdomen/pelvis w contrast,Imaging,563.36,179.89,278.01,1470.12,1947.43,138.23,4337.43,914.7638228438235,800.5941460184991,429,721,.87519217,31.378355,10.825671,5.2880111
Blue Advantage HMO,2026-05-30,74177,professional,outpatient,CT abdomen/pelvis w contrast,Imaging,216.22,61.12,71.12,254.47,340.8,55.77,1806.61,193.2778915662647,137.8415766103783,3320,59219,.71317822,32.39394,5.5759163,3.578037
Blue Choice PPO,2026-05-30,74177,professional,outpatient,CT abdomen/pelvis w contrast,Imaging,231.86,65.48,74.54000000000001,297.24,390.5,55.13,1951.79,218.9973591549306,175.0533162836397,3692,78128,.79933983,35.403412,5.9636531,3.9876575
Blue Choice PPO common,2026-05-30,74177,professional,outpatient,CT abdomen/pelvis w contrast,Imaging,231.86,65.48,74.54000000000001,297.18,390.5,55.13,1951.79,218.9893436398166,175.1232818626809,3687,77995,.79968858,35.403412,5.9636531,3.9868526
Blue Choice PPO group 039993,2026-05-30,74177,professional,outpatient,CT abdomen/pelvis w contrast,Imaging,221.26,64.61,70.73999999999999,265.5,326.6,60.13,390.5,178.0653846153846,106.8774025219838,26,28,.60021436,6.4942622,5.054945,3.7531807
Blue Essentials,2026-05-30,74177,professional,outpatient,CT abdomen/pelvis w contrast,Imaging,227.94,65.42,73.70999999999999,274.41,369.2,37.53,1951.79,211.9508046293755,170.0893193378865,3629,65426,.80249435,52.00613,5.6435342,3.7228327
Blue Essentials common,2026-05-30,74177,professional,outpatient,CT abdomen/pelvis w contrast,Imaging,227.94,65.42,73.70999999999999,274.41,369.2,37.53,1951.79,211.9752863070549,170.2789098889889,3615,65224,.80329603,52.00613,5.6435342,3.7228327
Blue Essentials group 295430,2026-05-30,74177,professional,outpatient,CT abdomen/pelvis w contrast,Imaging,227.94,65.48,75.28,268.16,284,62.65,390.5,177.2157142857143,100.1581077224389,91,208,.56517625,6.2330408,4.3372021,3.5621679
Blue Essentials group 295781,2026-05-30,74177,professional,outpatient,CT abdomen/pelvis w contrast,Imaging,227.94,65.48,75.28,268.16,284,62.65,390.5,177.2157142857143,100.1581077224389,91,208,.56517625,6.2330408,4.3372021,3.5621679
Blue Premier,2026-05-30,74177,professional,outpatient,CT abdomen/pelvis w contrast,Imaging,223.17,65.42,71.65000000000001,274.41,390.5,55.77,1951.79,216.1628715365231,186.373960096178,1985,28929,.86219227,34.997131,5.9691224,3.8298674
MyBlue Health HMO,2026-05-30,74177,professional,outpatient,CT abdomen/pelvis w contrast,Imaging,216.22,61.12,67.18000000000001,254.38,355,55.77,1806.61,193.4693533930857,146.9085599752731,1562,26208,.7593376,32.39394,5.8082461,3.7865436
ParPlan,2026-05-30,74177,professional,outpatient,CT abdomen/pelvis w contrast,Imaging,231.86,67.06,74.54000000000001,281.03,368.13,60.13,1951.79,211.0407780533171,150.1523535467976,3226,70702,.71148503,32.459503,5.4895616,3.7701905
Blue Advantage HMO,2026-05-30,74176,institutional,outpatient,CT abdomen/pelvis wo contrast,Imaging,322.765,232.31,232.31,636.2,964.09,201.57,2537.88,504.1446859903373,414.0626793503285,414,614,.82131714,12.590564,4.1500149,2.7385821
Blue Choice PPO,2026-05-30,74176,institutional,outpatient,CT abdomen/pelvis wo contrast,Imaging,679.48,232.31,234.58,1040.525,1335.78,207.33,5365.5,798.4060585585587,790.3211850075818,444,745,.98987371,25.879034,5.749989,4.4356937
Blue Choice PPO common,2026-05-30,74176,institutional,outpatient,CT abdomen/pelvis wo contrast,Imaging,563.96,232.31,233.04,978.77,1188.5,207.33,3597.57,649.3877078085632,443.772343381193,397,671,.68337041,17.351902,5.1160088,4.2000084
Blue Choice PPO group 039993,2026-05-30,74176,institutional,outpatient,CT abdomen/pelvis wo contrast,Imaging,1412.225,904.2,1013.72,1759.45,5177.94,487.05,5365.5,1964.992608695652,1552.874585734376,46,75,.79026991,11.016323,5.7265429,1.7356371
Blue Essentials,2026-05-30,74176,institutional,outpatient,CT abdomen/pelvis wo contrast,Imaging,595.415,232.31,233.04,920.51,1240.54,207.33,5097.23,724.2808796296295,727.048172443557,432,652,1.0038208,24.585106,5.3400197,3.9500086
Blue Essentials common,2026-05-30,74176,institutional,outpatient,CT abdomen/pelvis wo contrast,Imaging,595.415,232.31,233.04,920.51,1240.54,207.33,5097.23,724.2808796296295,727.048172443557,432,652,1.0038208,24.585106,5.3400197,3.9500086
Blue Premier,2026-05-30,74176,institutional,outpatient,CT abdomen/pelvis wo contrast,Imaging,236.86,232.31,232.31,668.8200000000001,1081.31,207.33,3594.88,551.0539810426532,684.6263040800879,211,386,1.2423942,17.338928,4.6545997,2.8789978
MyBlue Health HMO,2026-05-30,74176,institutional,outpatient,CT abdomen/pelvis wo contrast,Imaging,233.04,232.31,232.31,342.57,692.13,226.52,1519.42,341.9526486486479,212.8276405691447,185,362,.6223892,6.707664,2.9793379,1.4746244
ParPlan,2026-05-30,74176,institutional,outpatient,CT abdomen/pelvis wo contrast,Imaging,725.65,236.86,255.54,1088.3,1451.84,207.33,2647.1,772.8127652733112,491.8763205149203,311,385,.63647538,12.767569,6.129528,4.2588243
Blue Advantage HMO,2026-05-30,74176,professional,outpatient,CT abdomen/pelvis wo contrast,Imaging,131.52,58.04,67.73999999999999,154.79,284,53.21,1077.89,146.8036377708966,110.9513497529553,3230,57153,.75578064,20.257282,4.893177,2.2850606
Blue Choice PPO,2026-05-30,74176,professional,outpatient,CT abdomen/pelvis wo contrast,Imaging,141.88,63.68,71.12,183.3,355,52.35,1350,168.7480845148736,141.6741551169983,3597,75590,.83956009,25.787966,5.5747485,2.5773342
Blue Choice PPO common,2026-05-30,74176,professional,outpatient,CT abdomen/pelvis wo contrast,Imaging,141.88,63.68,71.12,183.3,355,52.35,1350,168.4590011129662,141.1019116470301,3594,75560,.83760387,25.787966,5.5747485,2.5773342
Blue Choice PPO group 039993,2026-05-30,74176,professional,outpatient,CT abdomen/pelvis wo contrast,Imaging,134.59,61.35,67.18000000000001,161.5,200.68,57.1,390.5,130.3765384615385,81.25473864051537,26,28,.62323129,6.8388791,3.2710676,2.4039893
Blue Essentials,2026-05-30,74176,professional,outpatient,CT abdomen/pelvis wo contrast,Imaging,141.74,62.18,70.66,169.77,326.6,35.93,1300,162.4840676024053,135.2332952483837,3491,62982,.83228648,36.181465,5.2524929,2.4026322
Blue Essentials common,2026-05-30,74176,professional,outpatient,CT abdomen/pelvis wo contrast,Imaging,141.74,62.18,70.66,169.77,326.6,35.93,1300,162.5131895312041,135.3953438681541,3477,62780,.83313447,36.181465,5.2524929,2.4026322
Blue Essentials group 295430,2026-05-30,74176,professional,outpatient,CT abdomen/pelvis wo contrast,Imaging,138.65,62.18,71.48999999999999,163.12,197.49,59.5,390.5,127.6816483516483,66.99014077150517,91,208,.52466536,6.563025,3.1761017,2.2817178
Blue Essentials group 295781,2026-05-30,74176,professional,outpatient,CT abdomen/pelvis wo contrast,Imaging,138.65,62.18,71.48999999999999,163.12,197.49,59.5,390.5,127.6816483516484,66.99014077150517,91,208,.52466536,6.563025,3.1761017,2.2817178
Blue Premier,2026-05-30,74176,professional,outpatient,CT abdomen/pelvis wo contrast,Imaging,141.74,62.18,68.53,166.92,365.63,53.21,1164.51,168.0427239392341,148.1536330487823,1909,27786,.88164264,21.885172,5.8801866,2.4357216
MyBlue Health HMO,2026-05-30,74176,professional,outpatient,CT abdomen/pelvis wo contrast,Imaging,131.52,58.04,63.8,154.73,284,53.21,1077.89,146.853205645161,114.2848893427476,1488,25284,.77822536,20.257282,4.893177,2.425235
ParPlan,2026-05-30,74176,professional,outpatient,CT abdomen/pelvis wo contrast,Imaging,141.88,63.8,71.12,183.3,326.6,57.1,1350,162.2817727562036,126.4472393543873,3142,69413,.77918327,23.642733,5.119122,2.5773342
Blue Advantage HMO,2026-05-30,70450,institutional,outpatient,CT head/brain wo contrast,Imaging,161.38,114.46,114.46,316.07,468.495,101.99,1234.56,246.5892857142863,199.2781078319036,420,625,.80813771,12.104716,4.0930891,2.7614014
Blue Choice PPO,2026-05-30,70450,institutional,outpatient,CT head/brain wo contrast,Imaging,343.38,114.46,120.02,512.21,686.76,112.08,2610.07,397.7176696832576,391.2133104824513,442,740,.9836458,23.287563,6,4.2677054
Blue Choice PPO common,2026-05-30,70450,institutional,outpatient,CT head/brain wo contrast,Imaging,286.15,114.46,114.46,478.58,572.3,112.08,1750.04,328.9474307304794,236.181945850879,397,671,.71799296,15.614204,5,4.1811986
Blue Choice PPO group 039993,2026-05-30,70450,institutional,outpatient,CT head/brain wo contrast,Imaging,699.38,434.87,487.55,849.5700000000001,2518.8,234.25,2610.07,982.4938297872345,781.6475241869717,47,71,.79557502,11.142241,5.7920756,1.7425289
Blue Essentials,2026-05-30,70450,institutional,outpatient,CT head/brain wo contrast,Imaging,293.65,114.46,120.02,461.77,623.16,112.08,2479.57,361.1229002320185,361.5422033149773,431,651,1.0011611,22.123215,5.4443474,3.8474422
Blue Essentials common,2026-05-30,70450,institutional,outpatient,CT head/brain wo contrast,Imaging,293.65,114.46,120.02,461.77,623.16,112.08,2479.57,361.1229002320185,361.5422033149773,431,651,1.0011611,22.123215,5.4443474,3.8474422
Blue Premier,2026-05-30,70450,institutional,outpatient,CT head/brain wo contrast,Imaging,120.02,114.46,114.46,321.72,520.05,112.08,1748.75,268.5086255924169,331.7824975169398,211,386,1.2356493,15.602695,4.5435085,2.8107636
MyBlue Health HMO,2026-05-30,70450,institutional,outpatient,CT head/brain wo contrast,Imaging,114.46,114.46,114.46,158.595,332.88,112.08,730.76,165.6636170212764,100.7639115311682,188,365,.60824406,6.5199857,2.9082649,1.3855932
ParPlan,2026-05-30,70450,institutional,outpatient,CT head/brain wo contrast,Imaging,364.26,120.02,125.91,541.4,766.63,112.08,1327.68,389.9492880258906,253.3597822001442,309,382,.64972496,11.845824,6.3875189,4.2998967
Blue Advantage HMO,2026-05-30,70450,professional,outpatient,CT head/brain wo contrast,Imaging,76.47,28.43,33.18,89.98999999999999,284,26.5,951.4,99.10837245213047,111.9859996960966,3238,59447,1.1299348,35.901886,9.9894476,2.7121761
Blue Choice PPO,2026-05-30,70450,professional,outpatient,CT head/brain wo contrast,Imaging,82,31.19,34.84,106.57,333.7,25.64,1350,116.1960585959093,138.1136713849987,3618,78959,1.1886262,52.652107,10.698942,3.0588405
Blue Choice PPO common,2026-05-30,70450,professional,outpatient,CT head/brain wo contrast,Imaging,82,31.19,34.84,106.57,333.7,25.64,1350,116.1842070301688,138.1531710654165,3613,78917,1.1890874,52.652107,10.698942,3.0588405
Blue Choice PPO group 039993,2026-05-30,70450,professional,outpatient,CT head/brain wo contrast,Imaging,78.25,30.05,33.785,94.44499999999999,116.68,27.97,390.5,86.68833333333333,89.13702961887032,24,26,1.0282471,13.961388,3.8828619,2.7954714
Blue Essentials,2026-05-30,70450,professional,outpatient,CT head/brain wo contrast,Imaging,81.54499999999999,30.46,34.61,98.55,312.4,17.46,1300,110.6515253272623,129.3270929764787,3514,65871,1.1687782,74.455902,10.256074,2.8474429
Blue Essentials common,2026-05-30,70450,professional,outpatient,CT head/brain wo contrast,Imaging,81.38,30.46,34.61,97.05,312.4,17.46,1300,110.6424728726441,129.4118666126145,3502,65663,1.1696401,74.455902,10.256074,2.8041029
Blue Essentials group 295430,2026-05-30,70450,professional,outpatient,CT head/brain wo contrast,Imaging,80.61,30.46,35.02,94.84,111.67,29.14,390.5,79.12586206896553,68.17878655540007,87,216,.86164987,13.400824,3.6661196,2.7081668
Blue Essentials group 295781,2026-05-30,70450,professional,outpatient,CT head/brain wo contrast,Imaging,80.61,30.46,35.02,94.84,111.67,29.14,390.5,79.12586206896552,68.17878655540008,87,216,.86164987,13.400824,3.6661196,2.7081668
Blue Premier,2026-05-30,70450,professional,outpatient,CT head/brain wo contrast,Imaging,82.41,30.46,33.56,97.05,340.8,26.5,1015.3,116.5314427600624,139.9144126315751,1913,28411,1.2006581,38.313206,11.188444,2.8918355
MyBlue Health HMO,2026-05-30,70450,professional,outpatient,CT head/brain wo contrast,Imaging,76.47,28.43,32.65,89.95999999999999,284,26.5,937.2,97.84182666666707,110.5397464285596,1500,25618,1.1297801,35.366039,9.9894476,2.7552834
ParPlan,2026-05-30,70450,professional,outpatient,CT head/brain wo contrast,Imaging,82.48999999999999,31.25,34.84,106.57,326.6,27.97,1350,111.8051897533209,130.634817438606,3162,71019,1.1684146,48.265999,10.4512,3.0588405
Blue Advantage HMO,2026-05-30,71046,institutional,outpatient,Chest x-ray 2 views,Imaging,78.89,47.89,62.12,132.085,194.74,29.81,442.22,103.6023674242425,67.72682995049801,528,982,.65371895,14.83462,4.066402,2.1262879
Blue Choice PPO,2026-05-30,71046,institutional,outpatient,Chest x-ray 2 views,Imaging,105.745,47.89,62.12,258.34,330.41,37.27,548.29,158.7344148936168,116.536686946441,564,1132,.73416144,14.711296,6.8993526,4.1587253
Blue Choice PPO common,2026-05-30,71046,institutional,outpatient,Chest x-ray 2 views,Imaging,87.79000000000001,47.89,62.12,225.9,311.26,37.27,548.29,143.7722093023256,107.3094756868976,516,1061,.7463854,14.711296,6.4994779,3.6365099
Blue Choice PPO group 039993,2026-05-30,71046,institutional,outpatient,Chest x-ray 2 views,Imaging,332.01,248.21,276.14,345.69,432.57,130.09,547.5,326.0889361702127,79.1992161861204,47,75,.24287613,4.2086248,1.7427582,1.251865
Blue Essentials,2026-05-30,71046,institutional,outpatient,Chest x-ray 2 views,Imaging,93.38,47.89,62.12,232.49,307.71,37.27,548.29,146.0685714285714,105.198006640027,553,1030,.72019607,14.711296,6.4253497,3.742595
Blue Essentials common,2026-05-30,71046,institutional,outpatient,Chest x-ray 2 views,Imaging,93.38,47.89,62.12,232.49,307.71,37.27,548.29,146.0685714285714,105.198006640027,553,1030,.72019607,14.711296,6.4253497,3.742595
Blue Premier,2026-05-30,71046,institutional,outpatient,Chest x-ray 2 views,Imaging,62.12,47.89,62.12,106.95,225.86,37.27,548.29,102.8831365313652,79.59458433172775,271,524,.77364075,14.711296,4.7162247,1.7216678
MyBlue Health HMO,2026-05-30,71046,institutional,outpatient,Chest x-ray 2 views,Imaging,62.12,47.89,62.12,87.79000000000001,140.47,37.27,296.89,84.38825203252031,48.73129743802601,246,516,.57746542,7.9659243,2.9331801,1.4132324
ParPlan,2026-05-30,71046,institutional,outpatient,Chest x-ray 2 views,Imaging,103.75,47.89,62.11,255.39,333.61,28.89,699.77,165.5615403422981,143.8085189134576,409,725,.86861068,24.221876,6.9661727,4.1118984
Blue Advantage HMO,2026-05-30,71046,professional,outpatient,Chest x-ray 2 views,Imaging,22.7,7.3,8.07,26.3,30.15,5.53,191.67,19.0381729865247,12.61871985330563,3191,67956,.66281152,34.660038,4.130137,3.2589839
Blue Choice PPO,2026-05-30,71046,professional,outpatient,Chest x-ray 2 views,Imaging,23.54,8.06,8.720000000000001,28.41,33.22,6.62,207.07,20.99985338865857,16.2552384883381,3615,90924,.77406436,31.279457,4.1215882,3.2580276
Blue Choice PPO common,2026-05-30,71046,professional,outpatient,Chest x-ray 2 views,Imaging,23.54,8.06,8.720000000000001,28.41,33.22,6.62,207.07,21.00439523941343,16.25686246275029,3613,90720,.7739743,31.279457,4.1215882,3.2580276
Blue Choice PPO group 039993,2026-05-30,71046,professional,outpatient,Chest x-ray 2 views,Imaging,19.035,7.7,8.5,27.69,29.52,7.23,33.73,18.05576923076923,9.796603972020884,26,30,.5425747,4.6652837,3.8337662,3.257647
Blue Essentials,2026-05-30,71046,professional,outpatient,Chest x-ray 2 views,Imaging,23.54,7.87,8.67,28.34,33,4.51,207.07,20.69632587859456,16.24803963701501,3443,75770,.78506881,45.913525,4.1931386,3.2687428
Blue Essentials common,2026-05-30,71046,professional,outpatient,Chest x-ray 2 views,Imaging,23.54,7.87,8.67,28.34,33,4.51,207.07,20.69885365144051,16.25648916267636,3437,75560,.78538114,45.913525,4.1931386,3.2687428
Blue Essentials group 295430,2026-05-30,71046,professional,outpatient,Chest x-ray 2 views,Imaging,20.09,7.87,8.875,28.91,30.67,7.53,35.64,18.90425,10.12340748845048,80,222,.53550959,4.7330675,3.8970776,3.2574649
Blue Essentials group 295781,2026-05-30,71046,professional,outpatient,Chest x-ray 2 views,Imaging,20.09,7.87,8.875,28.91,30.67,7.53,35.64,18.90425,10.12340748845048,80,222,.53550959,4.7330675,3.8970776,3.2574649
Blue Premier,2026-05-30,71046,professional,outpatient,Chest x-ray 2 views,Imaging,23.54,7.87,8.609999999999999,28.05,31.5,6.82,207.07,20.56218922999497,17.12734284114175,1987,33083,.83295327,30.362169,4.0025411,3.2578397
MyBlue Health HMO,2026-05-30,71046,professional,outpatient,Chest x-ray 2 views,Imaging,22.38,7.29,8.07,26.3,28.42,5.53,191.67,18.86636977886973,13.33064266389465,1628,29134,.70658231,34.660038,3.8984911,3.2589839
ParPlan,2026-05-30,71046,professional,outpatient,Chest x-ray 2 views,Imaging,23.54,8.06,8.710000000000001,28.45,33.22,6.91,207.07,20.67464574571352,13.95841899142444,3091,78075,.6751467,29.966715,4.1215882,3.2663605
Blue Advantage HMO,2026-05-30,77065,institutional,outpatient,Diagnostic mammography unilateral,Imaging,103.47,75.515,95.81999999999999,194.51,283.12,60.07,475.94,148.6349999999999,86.39256304203356,390,592,.5812397,7.9230895,3.7491889,2.029952
Blue Choice PPO,2026-05-30,77065,institutional,outpatient,Diagnostic mammography unilateral,Imaging,210.25,95.81999999999999,95.81999999999999,338.62,407.28,60.07,646.1900000000001,229.3825653206659,136.1722649076168,421,722,.59364694,10.757283,4.2504697,3.5339177
Blue Choice PPO common,2026-05-30,77065,institutional,outpatient,Diagnostic mammography unilateral,Imaging,168.37,95.81999999999999,95.81999999999999,316.98,396.93,60.07,646.1900000000001,214.0639037433161,130.7950133681913,374,647,.61100918,10.757283,4.1424546,3.3080776
Blue Choice PPO group 039993,2026-05-30,77065,institutional,outpatient,Diagnostic mammography unilateral,Imaging,359.31,226.47,246.09,407.28,509.81,153.32,645.25,355.1651063829788,110.3531454186639,47,73,.31070942,4.208518,2.2511148,1.6550043
Blue Essentials,2026-05-30,77065,institutional,outpatient,Diagnostic mammography unilateral,Imaging,177.77,95.81999999999999,95.81999999999999,303.75,380,60.07,646.1900000000001,211.1546958637477,123.7262146960661,411,624,.58595055,10.757283,3.9657691,3.1700063
Blue Essentials common,2026-05-30,77065,institutional,outpatient,Diagnostic mammography unilateral,Imaging,177.77,95.81999999999999,95.81999999999999,303.75,380,60.07,646.1900000000001,211.1546958637477,123.7262146960661,411,624,.58595055,10.757283,3.9657691,3.1700063
Blue Premier,2026-05-30,77065,institutional,outpatient,Diagnostic mammography unilateral,Imaging,95.81999999999999,94.06,95.81999999999999,166.155,284.53,60.07,646.1900000000001,146.9088,94.00907231190355,200,367,.63991451,10.757283,3.0249841,1.7340325
MyBlue Health HMO,2026-05-30,77065,institutional,outpatient,Diagnostic mammography unilateral,Imaging,95.81999999999999,94.06,95.81999999999999,128.86,196.59,45.15,349.9,122.724057142857,56.57557786232931,175,348,.46099827,7.749723,2.0900488,1.3448132
ParPlan,2026-05-30,77065,institutional,outpatient,Diagnostic mammography unilateral,Imaging,194.705,60.07,105.4,340.5,452.54,58.27,824.72,238.6205151515155,173.4825561565636,330,762,.72702283,14.153423,7.5335441,3.2305503
Blue Advantage HMO,2026-05-30,77065,professional,outpatient,Diagnostic mammography unilateral,Imaging,87.19,26.83,29.69,102.58,112.95,25.23,713.54,70.67448323066472,48.59338299138737,2922,52919,.68756616,28.28141,4.2098398,3.4550354
Blue Choice PPO,2026-05-30,77065,professional,outpatient,Diagnostic mammography unilateral,Imaging,87.87,28.93,31.87,106.05,124,24.36,770.88,79.23118049083612,64.05511608658414,3219,71328,.80845845,31.645321,4.2862082,3.3275807
Blue Choice PPO common,2026-05-30,77065,professional,outpatient,Diagnostic mammography unilateral,Imaging,87.87,28.93,31.87,106.05,124,24.36,770.88,79.24136674968913,64.0880714976193,3212,71307,.80877042,31.645321,4.2862082,3.3275807
Blue Choice PPO group 039993,2026-05-30,77065,professional,outpatient,Diagnostic mammography unilateral,Imaging,64.40000000000001,28.55,31.26,103.37,112.57,26.57,135.34,68.37863636363636,38.71220458416484,22,24,.5661447,5.0937147,3.9429071,3.3067818
Blue Essentials,2026-05-30,77065,professional,outpatient,Diagnostic mammography unilateral,Imaging,87.87,28.91,31.66,104.69,123.17,16.58,770.88,77.48041492441379,64.30289331886907,3109,57874,.82992446,46.494572,4.2604637,3.3066962
Blue Essentials common,2026-05-30,77065,professional,outpatient,Diagnostic mammography unilateral,Imaging,87.87,28.91,31.66,104.69,123.17,16.58,770.88,77.48084275105019,64.37430654627751,3097,57702,.8308416,46.494572,4.2604637,3.3066962
Blue Essentials group 295430,2026-05-30,77065,professional,outpatient,Diagnostic mammography unilateral,Imaging,72.50999999999999,28.93,32.505,107.5,114.49,27.68,135.34,69.4034210526316,37.95351794156046,76,178,.54685372,4.889451,3.9574835,3.3071835
Blue Essentials group 295781,2026-05-30,77065,professional,outpatient,Diagnostic mammography unilateral,Imaging,72.50999999999999,28.93,32.505,107.5,114.49,27.68,135.34,69.40342105263159,37.95351794156046,76,178,.54685372,4.889451,3.9574835,3.3071835
Blue Premier,2026-05-30,77065,professional,outpatient,Diagnostic mammography unilateral,Imaging,87.87,28.55,29.69,103.37,122.17,26.57,770.88,77.46191966922643,71.19989469464001,1693,25743,.91915995,29.013172,4.2791595,3.4816437
MyBlue Health HMO,2026-05-30,77065,professional,outpatient,Diagnostic mammography unilateral,Imaging,87.58,26.83,29.69,98.17,106.73,25.23,713.54,71.14718481375382,53.56888167086301,1396,24031,.75293046,28.28141,3.9780097,3.3065004
ParPlan,2026-05-30,77065,professional,outpatient,Diagnostic mammography unilateral,Imaging,87.87,28.93,31.87,105.4,124,26.57,770.88,76.12812720848096,50.11414896515777,2830,66476,.65828693,29.013172,4.2862082,3.3071854
Blue Advantage HMO,2026-05-30,70553,institutional,outpatient,MRI brain w/wo contrast,Imaging,481.13,256.58,381.85,918.35,1574.48,221.47,3566.48,718.5316666666652,546.5613276646496,528,961,.76066422,16.10367,6.1364098,2.4050019
Blue Choice PPO,2026-05-30,70553,institutional,outpatient,MRI brain w/wo contrast,Imaging,743.02,273.82,420.04,1661.05,2264.83,229.11,5041.51,1108.10563506261,927.3806311275816,559,1113,.83690631,22.004757,8.2712364,3.9545043
Blue Choice PPO common,2026-05-30,70553,institutional,outpatient,MRI brain w/wo contrast,Imaging,561.3200000000001,259.66,420.04,1565.59,1970.35,229.11,3843.7,964.6786744639354,749.2499510821989,513,1032,.77668345,16.776657,7.5881925,3.7272403
Blue Choice PPO group 039993,2026-05-30,70553,institutional,outpatient,MRI brain w/wo contrast,Imaging,2382.74,1481.58,1661.05,2882.97,4865.26,798.0700000000001,5041.51,2589.57829787234,1196.549463412479,47,71,.46206343,6.3171277,3.2838321,1.7356311
Blue Essentials,2026-05-30,70553,institutional,outpatient,MRI brain w/wo contrast,Imaging,597.595,273.82,420.04,1466.3,2058.23,229.11,4789.45,1010.144853479851,849.789382971283,546,1005,.84125495,20.904587,7.5167265,3.4908581
Blue Essentials common,2026-05-30,70553,institutional,outpatient,MRI brain w/wo contrast,Imaging,597.595,273.82,420.04,1466.3,2058.23,229.11,4789.45,1010.144853479851,849.7893829712829,546,1005,.84125495,20.904587,7.5167265,3.4908581
Blue Premier,2026-05-30,70553,institutional,outpatient,MRI brain w/wo contrast,Imaging,456.37,229.11,381.85,721.7,1699.23,187.11,3377.81,726.0223193916337,688.7696940044259,263,505,.9486894,18.052536,7.4166555,1.8900092
MyBlue Health HMO,2026-05-30,70553,institutional,outpatient,MRI brain w/wo contrast,Imaging,456.37,236.75,381.85,488.77,870.62,229.11,2489.66,525.3285245901635,324.5746749758433,244,506,.61785084,10.866658,3.6773813,1.2800052
ParPlan,2026-05-30,70553,institutional,outpatient,MRI brain w/wo contrast,Imaging,675.875,267.3,323.22,1733.6,2378.93,138.23,4337.43,1102.224852216748,880.9620221454333,406,696,.79925799,31.378355,8.8998499,5.3635297
Blue Advantage HMO,2026-05-30,70553,professional,outpatient,MRI brain w/wo contrast,Imaging,212.63,76.23,84.37,252.85,290.91,57.75,1890.11,192.3780266497457,136.9172414202681,3152,63553,.71170938,32.729179,3.8162141,2.9969184
Blue Choice PPO,2026-05-30,70553,professional,outpatient,MRI brain w/wo contrast,Imaging,226.31,84.22,91.08,273.53,329.3,69.23999999999999,2042,220.9322723330434,192.1390605805916,3459,84444,.86967403,29.491623,3.9099977,3.0031841
Blue Choice PPO common,2026-05-30,70553,professional,outpatient,MRI brain w/wo contrast,Imaging,226.31,84.22,91.08,273.53,329.3,69.23999999999999,2042,220.9264469499847,192.1232003179578,3459,84122,.86962515,29.491623,3.9099977,3.0031841
Blue Choice PPO group 039993,2026-05-30,70553,professional,outpatient,MRI brain w/wo contrast,Imaging,189.1,80.5,86.605,259.55,289.94,75.51000000000001,380.05,181.3013888888889,95.29580003195397,36,40,.52562088,5.0331082,3.6017392,2.9969401
Blue Essentials,2026-05-30,70553,professional,outpatient,MRI brain w/wo contrast,Imaging,226.31,82.23,90.62,272.75,318.39,47.14,2042,214.8611157270025,186.2024645645575,3370,70332,.8666178,43.317776,3.8719444,3.0098212
Blue Essentials common,2026-05-30,70553,professional,outpatient,MRI brain w/wo contrast,Imaging,226.31,82.23,90.62,272.75,317.91,47.14,2042,214.8831447290049,186.423644436381,3358,70124,.86755824,43.317776,3.8661072,3.0098212
Blue Essentials group 295430,2026-05-30,70553,professional,outpatient,MRI brain w/wo contrast,Imaging,199.66,82.23,92.72999999999999,277.9,294.89,78.68000000000001,380.05,187.161590909091,95.58244556867223,88,214,.51069474,4.8303256,3.5861607,2.9968727
Blue Essentials group 295781,2026-05-30,70553,professional,outpatient,MRI brain w/wo contrast,Imaging,199.66,82.23,92.72999999999999,277.9,294.89,78.68000000000001,380.05,187.161590909091,95.58244556867221,88,214,.51069474,4.8303256,3.5861607,2.9968727
Blue Premier,2026-05-30,70553,professional,outpatient,MRI brain w/wo contrast,Imaging,226.31,82.23,89.97,269.64,317.23,71.3,2042,215.432597605414,199.3503903933165,1921,30646,.92534924,28.639551,3.8578377,2.996999
MyBlue Health HMO,2026-05-30,70553,professional,outpatient,MRI brain w/wo contrast,Imaging,203.62,76.23,84.37,252.85,271.69,57.75,1890.11,191.8882111251573,145.3404709702638,1582,27564,.75742263,32.729179,3.5640824,2.9969184
ParPlan,2026-05-30,70553,professional,outpatient,MRI brain w/wo contrast,Imaging,226.31,84.22,90.83,273.14,319.36,72.18000000000001,2042,213.1881150793643,160.9506781149489,3024,73790,.75497019,28.290384,3.7919734,3.0071561
Blue Advantage HMO,2026-05-30,73721,institutional,outpatient,MRI lower extremity joint wo contrast,Imaging,368.2,232.31,233.04,682.8099999999999,985.76,212.07,2176.59,509.7548866498734,365.5479258983506,397,590,.71710527,10.263545,4.2432957,2.930012
Blue Choice PPO,2026-05-30,73721,institutional,outpatient,MRI lower extremity joint wo contrast,Imaging,752.72,232.31,256.34,1078.98,1478.51,232.31,4006.94,814.3027400468378,660.1098404300724,427,732,.81064427,17.248245,6.3643837,4.2091751
Blue Choice PPO common,2026-05-30,73721,institutional,outpatient,MRI lower extremity joint wo contrast,Imaging,633.87,232.31,233.04,995.08,1202.49,232.31,2686.65,691.5879265091855,461.1602164029266,381,655,.66681355,11.564935,5.17623,4.2699966
Blue Choice PPO group 039993,2026-05-30,73721,institutional,outpatient,MRI lower extremity joint wo contrast,Imaging,1454.17,904.2,1013.72,1766.44,3866.87,487.05,4006.94,1778.297872340425,1091.97894963971,47,73,.61405849,8.2269583,4.2765651,1.7425325
Blue Essentials,2026-05-30,73721,institutional,outpatient,MRI lower extremity joint wo contrast,Imaging,636.2,232.31,250.89,971.78,1343.08,232.31,3806.58,737.7679759036142,609.4038922481524,415,627,.82601023,16.385778,5.7814126,3.8733308
Blue Essentials common,2026-05-30,73721,institutional,outpatient,MRI lower extremity joint wo contrast,Imaging,636.2,232.31,250.89,971.78,1343.08,232.31,3806.58,737.7679759036142,609.4038922481524,415,627,.82601023,16.385778,5.7814126,3.8733308
Blue Premier,2026-05-30,73721,institutional,outpatient,MRI lower extremity joint wo contrast,Imaging,252.845,232.31,232.31,722.42,1081.31,232.31,2684.65,534.0524499999991,546.4252989284462,200,367,1.0231678,11.556326,4.6545997,3.109724
MyBlue Health HMO,2026-05-30,73721,institutional,outpatient,MRI lower extremity joint wo contrast,Imaging,233.04,232.31,232.31,349.56,717.3,232.31,1519.42,345.1239664804461,215.6332999455663,179,350,.62479955,6.5404849,3.0876846,1.5047135
ParPlan,2026-05-30,73721,institutional,outpatient,MRI lower extremity joint wo contrast,Imaging,882.78,255.54,295.42,1159.23,1600.98,232.31,2647.1,850.5268858131493,509.5456511571705,289,359,.59909409,11.394689,6.2650857,3.9240065
Blue Advantage HMO,2026-05-30,73721,professional,outpatient,MRI lower extremity joint wo contrast,Imaging,145.48,44.95,52.2,171.15,244.66,42.28,1197.45,139.7426599545319,116.5687757852914,3079,58841,.83416742,28.321901,5.4429364,3.2787356
Blue Choice PPO,2026-05-30,73721,professional,outpatient,MRI lower extremity joint wo contrast,Imaging,152,49.65,53.8,184.83,345.71,40.81,1950,162.4216475433943,158.6837227299607,3399,78046,.97698629,47.782406,6.9629407,3.4355018
Blue Choice PPO common,2026-05-30,73721,professional,outpatient,MRI lower extremity joint wo contrast,Imaging,152,49.65,53.8,184.83,345.71,40.81,1950,162.4240565204584,158.7206198247985,3397,77939,.97719896,47.782406,6.9629407,3.4355018
Blue Choice PPO group 039993,2026-05-30,73721,professional,outpatient,MRI lower extremity joint wo contrast,Imaging,144.27,47.83,52.37,169.73,205.94,44.52,390.5,125.2672,84.07074117075453,25,27,.67113131,8.7713385,4.305666,3.2409778
Blue Essentials,2026-05-30,73721,professional,outpatient,MRI lower extremity joint wo contrast,Imaging,150.17,48.43,53.65,184.65,329.64,27.93,1900,156.4122941000296,148.6506857582608,3339,64753,.95037723,68.027214,6.8065248,3.4417522
Blue Essentials common,2026-05-30,73721,professional,outpatient,MRI lower extremity joint wo contrast,Imaging,150.17,48.43,53.54,184.65,329.64,27.93,1900,156.4375315694525,148.8261588295224,3326,64571,.95134562,68.027214,6.8065248,3.4488232
Blue Essentials group 295430,2026-05-30,73721,professional,outpatient,MRI lower extremity joint wo contrast,Imaging,151.925,48.48,54.57,176.85,187.99,46.38,390.5,121.5671951219512,74.11895594452972,82,188,.60969537,8.4195776,3.8776815,3.2407916
Blue Essentials group 295781,2026-05-30,73721,professional,outpatient,MRI lower extremity joint wo contrast,Imaging,151.925,48.48,54.57,176.85,187.99,46.38,390.5,121.5671951219512,74.1189559445297,82,188,.60969537,8.4195776,3.8776815,3.2407916
Blue Premier,2026-05-30,73721,professional,outpatient,MRI lower extremity joint wo contrast,Imaging,150.17,48.43,53.04,178.52,369.06,42.95,1293.68,160.3614058209773,160.955571130056,1821,27971,1.0037051,30.120605,7.6204834,3.3657618
MyBlue Health HMO,2026-05-30,73721,professional,outpatient,MRI lower extremity joint wo contrast,Imaging,145.48,45.25,49.74,169.17,245.68,42.28,1197.45,140.815741127349,121.3515073243813,1437,25344,.86177516,28.321901,5.4293923,3.4010856
ParPlan,2026-05-30,73721,professional,outpatient,MRI lower extremity joint wo contrast,Imaging,152,49.65,53.765,180.93,300.34,44.52,1950,155.2830521680211,143.0617727793464,2952,70149,.92129678,43.800541,6.0491438,3.3652005
Blue Advantage HMO,2026-05-30,72148,institutional,outpatient,MRI lumbar spine wo contrast,Imaging,338.74,232.31,233.04,659.5,964.09,212.07,2176.59,495.9530676328497,344.1677792109298,414,614,.69395232,10.263545,4.1500149,2.8299863
Blue Choice PPO,2026-05-30,72148,institutional,outpatient,MRI lumbar spine wo contrast,Imaging,696.93,232.31,251.68,1060.33,1393.86,232.31,3506.08,775.4942889390512,594.6322837262001,443,745,.76677841,15.092247,6,4.2130084
Blue Choice PPO common,2026-05-30,72148,institutional,outpatient,MRI lumbar spine wo contrast,Imaging,591.92,232.31,233.04,995.08,1196.4,232.31,2377.25,672.6101772151894,451.9679952537846,395,671,.67196131,10.233093,5.1500149,4.2699966
Blue Choice PPO group 039993,2026-05-30,72148,institutional,outpatient,MRI lumbar spine wo contrast,Imaging,1454.17,904.2,1013.72,1766.44,3383.51,487.05,3506.08,1684.988936170212,908.5434072045928,47,71,.53919846,7.1986036,3.741993,1.7425325
Blue Essentials,2026-05-30,72148,institutional,outpatient,MRI lumbar spine wo contrast,Imaging,607.0650000000001,232.31,250.89,956.29,1295.7,232.31,3330.76,711.1517361111109,560.8791875182908,432,652,.78869128,14.337566,5.5774612,3.8115907
Blue Essentials common,2026-05-30,72148,institutional,outpatient,MRI lumbar spine wo contrast,Imaging,607.0650000000001,232.31,250.89,956.29,1295.7,232.31,3330.76,711.1517361111111,560.8791875182908,432,652,.78869128,14.337566,5.5774612,3.8115907
Blue Premier,2026-05-30,72148,institutional,outpatient,MRI lumbar spine wo contrast,Imaging,254.01,232.31,232.31,717.76,1081.31,232.31,2349.07,507.4883412322266,484.9760177463835,211,386,.95563972,10.111791,4.6545997,3.0896647
MyBlue Health HMO,2026-05-30,72148,institutional,outpatient,MRI lumbar spine wo contrast,Imaging,233.04,232.31,232.31,343.69,692.13,232.31,1519.42,342.7943783783776,212.6179235301412,185,362,.62024915,6.5404849,2.9793379,1.4794456
ParPlan,2026-05-30,72148,institutional,outpatient,MRI lumbar spine wo contrast,Imaging,752.72,255.54,295.42,1118.59,1549.51,232.31,2647.1,808.818938906753,506.370190675754,311,385,.62606126,11.394689,6.0636692,3.7864397
Blue Advantage HMO,2026-05-30,72148,professional,outpatient,MRI lumbar spine wo contrast,Imaging,136.78,49.19,57.12,161.1,305.3,37.25,1131.03,143.366301449273,116.8029344830771,3450,61562,.81471682,30.363222,6.2065458,2.8203781
Blue Choice PPO,2026-05-30,72148,professional,outpatient,MRI lumbar spine wo contrast,Imaging,146.84,54.33,60.38,180.71,360.23,44.66,1950,167.3666126926086,152.3177717961854,3829,81186,.91008455,43.663235,6.6304069,2.9928784
Blue Choice PPO common,2026-05-30,72148,professional,outpatient,MRI lumbar spine wo contrast,Imaging,146.84,54.33,60.38,180.19,360.23,44.66,1950,167.2232182103604,152.3246300908866,3822,80979,.91090596,43.663235,6.6304069,2.9842663
Blue Choice PPO group 039993,2026-05-30,72148,professional,outpatient,MRI lumbar spine wo contrast,Imaging,139.36,52.34,57.31,168.14,326.6,48.71,497,143.5782926829268,105.2646883551754,41,45,.73315185,10.203243,6.2399693,2.9338684
Blue Essentials,2026-05-30,72148,professional,outpatient,MRI lumbar spine wo contrast,Imaging,145.74,53.05,59.92,173.79,340.8,30.55,1900,160.419525341914,144.3864657155558,3729,67715,.90005541,62.193127,6.4241281,2.9003673
Blue Essentials common,2026-05-30,72148,professional,outpatient,MRI lumbar spine wo contrast,Imaging,145.74,53.05,59.71,173.79,340.8,30.55,1900,160.4582036089407,144.5780988256992,3713,67521,.90103275,62.193127,6.4241281,2.9105678
Blue Essentials group 295430,2026-05-30,72148,professional,outpatient,MRI lumbar spine wo contrast,Imaging,144.35,53.05,59.71,169.83,194.85,50.75,390.5,124.6389655172414,73.32035678230734,87,200,.5882619,7.6945815,3.67295,2.8442471
Blue Essentials group 295781,2026-05-30,72148,professional,outpatient,MRI lumbar spine wo contrast,Imaging,144.35,53.05,59.71,169.83,194.85,50.75,390.5,124.6389655172414,73.32035678230734,87,200,.5882619,7.6945815,3.67295,2.8442471
Blue Premier,2026-05-30,72148,professional,outpatient,MRI lumbar spine wo contrast,Imaging,145.74,53.05,58.65,173.61,353.91,45.99,1225,164.2227905882345,155.0688891993793,2125,30103,.94425923,26.636225,6.6712537,2.9601023
MyBlue Health HMO,2026-05-30,72148,professional,outpatient,MRI lumbar spine wo contrast,Imaging,135.2,49.17,54.42,159.06,284,37.25,1131.03,140.0374485596712,116.8626644518282,1701,27307,.83451009,30.363222,5.7758794,2.9228225
ParPlan,2026-05-30,72148,professional,outpatient,MRI lumbar spine wo contrast,Imaging,146.84,54.42,60.38,177.98,355,46.56,1950,161.2806141920083,137.9730758247076,3354,72464,.85548455,41.881443,6.5233369,2.9476647
Blue Advantage HMO,2026-05-30,77067,institutional,outpatient,Screening mammography bilateral,Imaging,109.42,78.31,101.21,205.68,300.4,52.56,503.32,155.6897680412369,92.14661788585282,388,588,.59186047,9.5761032,3.8360362,2.0322104
Blue Choice PPO,2026-05-30,77067,institutional,outpatient,Screening mammography bilateral,Imaging,213.13,101.21,101.21,358.09,430.14,52.56,683.36,240.1142890995265,144.6083430664021,422,728,.60224795,13.001522,4.2499752,3.538089
Blue Choice PPO common,2026-05-30,77067,institutional,outpatient,Screening mammography bilateral,Imaging,168.12,99.47,101.21,335.21,419.76,52.56,683.36,223.0398663101607,138.8043109838567,374,654,.62232959,13.001522,4.2199659,3.3120246
Blue Choice PPO group 039993,2026-05-30,77067,institutional,outpatient,Screening mammography bilateral,Imaging,379.98,229.78,274.735,425.235,539.13,162.14,682.36,373.1524999999999,118.3865197634516,48,77,.31726041,4.2084618,2.3462877,1.5478007
Blue Essentials,2026-05-30,77067,institutional,outpatient,Screening mammography bilateral,Imaging,187,101.21,101.21,318.81,398.87,52.56,683.36,220.6907055961075,131.2167736609491,411,626,.5945732,13.001522,3.9410138,3.1499851
Blue Essentials common,2026-05-30,77067,institutional,outpatient,Screening mammography bilateral,Imaging,187,101.21,101.21,318.81,398.87,52.56,683.36,220.6907055961075,131.2167736609491,411,626,.5945732,13.001522,3.9410138,3.1499851
Blue Premier,2026-05-30,77067,institutional,outpatient,Screening mammography bilateral,Imaging,101.21,99.47,101.21,170.06,300.895,52.56,683.36,154.1399499999997,99.94020805173768,200,367,.64837319,13.001522,3.0249825,1.6802688
MyBlue Health HMO,2026-05-30,77067,institutional,outpatient,Screening mammography bilateral,Imaging,101.21,99.47,101.21,136.27,207.89,47.75,370.03,129.7159428571425,59.85371785855055,175,348,.46142146,7.7493196,2.0899768,1.3464085
ParPlan,2026-05-30,77067,institutional,outpatient,Screening mammography bilateral,Imaging,248.68,52.56,111.33,383.95,505.31,50.98,872.15,270.2129328621908,190.8810919816827,283,355,.70640993,17.107689,9.613965,3.448756
Blue Advantage HMO,2026-05-30,77067,professional,outpatient,Screening mammography bilateral,Imaging,89.44,25.42,28.12,100.25,114.92,23.9,730.61,71.02812265331696,49.42993613523706,3196,63391,.69592065,30.569456,4.5208497,3.5650783
Blue Choice PPO,2026-05-30,77067,professional,outpatient,Screening mammography bilateral,Imaging,92.06,27.41,30.19,107.63,126.63,23.08,789.33,79.33551664753179,64.09550383825433,3484,84614,.8079043,34.199741,4.6198468,3.5650878
Blue Choice PPO common,2026-05-30,77067,professional,outpatient,Screening mammography bilateral,Imaging,92.06,27.41,30.19,107.63,126.63,23.08,789.33,79.33508897818622,64.09584069092702,3484,84482,.80791289,34.199741,4.6198468,3.5650878
Blue Choice PPO group 039993,2026-05-30,77067,professional,outpatient,Screening mammography bilateral,Imaging,60.99,26.83,28.12,100.25,112.54,25.17,114.96,65.73722222222221,38.51910676466567,18,20,.5859558,4.5673423,4.1945581,3.5650783
Blue Essentials,2026-05-30,77067,professional,outpatient,Screening mammography bilateral,Imaging,89.73999999999999,27.38,29.99,106.91,125.78,15.71,789.33,77.41968169761275,64.17106564760431,3393,70287,.82887274,50.243793,4.593864,3.5648549
Blue Essentials common,2026-05-30,77067,professional,outpatient,Screening mammography bilateral,Imaging,89.73999999999999,27.38,29.99,106.91,125.78,15.71,789.33,77.42548539392153,64.19338686742438,3389,70099,.82909894,50.243793,4.593864,3.5648549
Blue Essentials group 295430,2026-05-30,77067,professional,outpatient,Screening mammography bilateral,Imaging,74.005,27.41,30.86,109.99,116.92,26.23,133.65,70.26554054054053,39.76587175648395,74,200,.56593704,5.0953107,4.2655964,3.5641608
Blue Essentials group 295781,2026-05-30,77067,professional,outpatient,Screening mammography bilateral,Imaging,74.005,27.41,30.86,109.99,116.92,26.23,133.65,70.26554054054053,39.76587175648395,74,200,.56593704,5.0953107,4.2655964,3.5641608
Blue Premier,2026-05-30,77067,professional,outpatient,Screening mammography bilateral,Imaging,89.73999999999999,26.79,28.12,100.25,123.38,25.17,789.33,77.03693835965352,69.11521834355041,1963,31928,.89716983,31.359953,4.6054497,3.5650783
MyBlue Health HMO,2026-05-30,77067,professional,outpatient,Screening mammography bilateral,Imaging,89.44,25.42,28.12,100.25,107.72,23.9,730.61,71.08717510677224,52.83885108417344,1639,28724,.74329656,30.569456,4.237608,3.5650783
ParPlan,2026-05-30,77067,professional,outpatient,Screening mammography bilateral,Imaging,92.06,27.41,30.19,107.63,126.63,25.17,789.33,76.63558445834744,51.02599136994518,3037,75803,.66582632,31.359953,4.6198468,3.5650878
Blue Advantage HMO,2026-05-30,76700,institutional,outpatient,Ultrasound abdomen complete,Imaging,154.67,94.15000000000001,112.08,256.66,381.07,76.20999999999999,1093.49,206.1423442136501,127.5545512857715,337,531,.61876929,14.348379,4.0474772,2.2899714
Blue Choice PPO,2026-05-30,76700,institutional,outpatient,Ultrasound abdomen complete,Imaging,342.4,123.29,181.395,462.375,569.37,87.42,1214.16,355.9933720930233,214.5359657268335,344,508,.60264033,13.888813,4.6181359,2.5489953
Blue Choice PPO common,2026-05-30,76700,institutional,outpatient,Ultrasound abdomen complete,Imaging,304.705,123.29,168.19,442.72,511.64,87.42,1162.6,317.6691554054052,167.3073561563568,296,428,.52667171,13.299016,4.1498904,2.632261
Blue Choice PPO group 039993,2026-05-30,76700,institutional,outpatient,Ultrasound abdomen complete,Imaging,472.98,348.57,388.92,642.2149999999999,1171.72,182.69,1214.16,592.3260416666669,306.4394982231114,48,77,.51734936,6.6460123,3.3615055,1.6512779
Blue Essentials,2026-05-30,76700,institutional,outpatient,Ultrasound abdomen complete,Imaging,301.5,123.29,158.03,428.08,535.74,82.94,1153.43,322.1962388059701,199.2475676893508,335,408,.61840439,13.9068,4.3453646,2.7088528
Blue Essentials common,2026-05-30,76700,institutional,outpatient,Ultrasound abdomen complete,Imaging,301.5,123.29,158.03,428.08,535.74,82.94,1153.43,322.1962388059701,199.2475676893508,335,408,.61840439,13.9068,4.3453646,2.7088528
Blue Premier,2026-05-30,76700,institutional,outpatient,Ultrasound abdomen complete,Imaging,213.375,112.08,123.29,339.6,545.4400000000001,93.03,813.48,272.1751694915255,191.0602872713041,118,152,.70197546,8.744276,4.8665237,2.7544813
MyBlue Health HMO,2026-05-30,76700,institutional,outpatient,Ultrasound abdomen complete,Imaging,143.46,112.08,123.29,202.59,337.36,53.8,416.94,174.608105263158,81.92569902174512,95,137,.46919757,7.749814,3.0099928,1.643199
ParPlan,2026-05-30,76700,institutional,outpatient,Ultrasound abdomen complete,Imaging,316.07,125.91,170.36,458.41,626.1,87.42,1162.6,345.4024542124542,210.0849944232627,273,317,.6082325,13.299016,4.9725995,2.6908312
Blue Advantage HMO,2026-05-30,76700,professional,outpatient,Ultrasound abdomen complete,Imaging,80.02,26.83,31.02,94.56,103.66,25.22,666.09,66.72919877258839,44.24406132761355,2933,68016,.66303903,26.411182,3.8635855,3.0483558
Blue Choice PPO,2026-05-30,76700,professional,outpatient,Ultrasound abdomen complete,Imaging,82.73,28.93,31.87,96.73,113.8,24.36,719.62,75.44118851206954,58.83905720916182,3273,89539,.7799328,29.54105,3.9336329,3.0351427
Blue Choice PPO common,2026-05-30,76700,professional,outpatient,Ultrasound abdomen complete,Imaging,82.73,28.93,31.87,96.73,113.8,24.36,719.62,75.44571908397057,58.83380151517846,3275,89658,.77981633,29.54105,3.9336329,3.0351427
Blue Choice PPO group 039993,2026-05-30,76700,professional,outpatient,Ultrasound abdomen complete,Imaging,57.34,28.32,30.475,92.485,101.14,26.57,103.32,61.80500000000001,32.72091054152782,16,18,.52942175,3.8885961,3.5713277,3.0347826
Blue Essentials,2026-05-30,76700,professional,outpatient,Ultrasound abdomen complete,Imaging,80.64,28.91,31.66,96.78,113.04,16.58,719.62,73.28597124600739,59.07522499556451,3130,74973,.80609185,43.402897,3.9100657,3.056854
Blue Essentials common,2026-05-30,76700,professional,outpatient,Ultrasound abdomen complete,Imaging,80.64,28.91,31.66,96.78,113.04,16.58,719.62,73.29318298144695,59.10000534532447,3126,74791,.80635065,43.402897,3.9100657,3.056854
Blue Essentials group 295430,2026-05-30,76700,professional,outpatient,Ultrasound abdomen complete,Imaging,68.745,28.93,32.44,98.45999999999999,104.2,27.68,122.74,64.67614285714285,33.28829068157503,70,192,.51469195,4.4342484,3.6017973,3.0351417
Blue Essentials group 295781,2026-05-30,76700,professional,outpatient,Ultrasound abdomen complete,Imaging,68.745,28.93,32.44,98.45999999999999,104.2,27.68,122.74,64.67614285714288,33.28829068157503,70,192,.51469195,4.4342484,3.6017973,3.0351417
Blue Premier,2026-05-30,76700,professional,outpatient,Ultrasound abdomen complete,Imaging,80.64,28.93,31.26,94.87,113.04,25.22,719.62,72.89021154945765,64.42874683182252,1749,38285,.88391495,28.533703,3.9073627,3.034869
MyBlue Health HMO,2026-05-30,76700,professional,outpatient,Ultrasound abdomen complete,Imaging,80.38,26.83,29.69,90.09999999999999,97.95,25.22,666.09,66.87725601131601,48.48721149023337,1414,34690,.72501796,26.411182,3.650764,3.0346918
ParPlan,2026-05-30,76700,professional,outpatient,Ultrasound abdomen complete,Imaging,82.73,29.63,31.87,96.73,113.8,26.57,719.62,72.54359719789942,46.88921114178081,2855,75820,.64635909,27.083929,3.8407021,3.0351427
Blue Advantage HMO,2026-05-30,76856,institutional,outpatient,Ultrasound pelvic complete,Imaging,115.44,68.68000000000001,100.87,193.9,328.39,46.32,1093.49,164.0678878504676,111.6117574259887,535,983,.68027788,23.607298,4.7814503,1.9222761
Blue Choice PPO,2026-05-30,76856,institutional,outpatient,Ultrasound pelvic complete,Imaging,170.92,68.68000000000001,114.46,380.565,502.12,57.89,1162.6,252.3255944055946,197.1232811787038,572,1132,.78122586,20.082916,7.3110075,3.3248732
Blue Choice PPO common,2026-05-30,76856,institutional,outpatient,Ultrasound pelvic complete,Imaging,135.235,68.68000000000001,112.08,335.12,464.01,57.89,1162.6,223.4626245210731,165.6102012647903,522,1054,.74110919,20.082916,6.7561154,2.9900072
Blue Choice PPO group 039993,2026-05-30,76856,institutional,outpatient,Ultrasound pelvic complete,Imaging,472.98,348.57,387.8,662.39,997.4,182.69,1033.53,562.1682978723405,244.8363673728724,47,75,.43552148,5.6572881,2.8614051,1.7080711
Blue Essentials,2026-05-30,76856,institutional,outpatient,Ultrasound pelvic complete,Imaging,149.07,68.68000000000001,114.46,331.76,452.8,57.89,1127.28,230.9425444839861,178.6670793863194,562,1030,.77364296,19.472794,6.5928946,2.8984797
Blue Essentials common,2026-05-30,76856,institutional,outpatient,Ultrasound pelvic complete,Imaging,149.07,68.68000000000001,114.46,331.76,452.8,57.89,1127.28,230.9425444839861,178.6670793863194,562,1030,.77364296,19.472794,6.5928946,2.8984797
Blue Premier,2026-05-30,76856,institutional,outpatient,Ultrasound pelvic complete,Imaging,114.46,67.25,112.08,174.84,363.14,54.92,769.99,170.4569963369961,139.1466713782646,273,524,.81631541,14.020211,5.3998513,1.5599571
MyBlue Health HMO,2026-05-30,76856,institutional,outpatient,Ultrasound pelvic complete,Imaging,114.46,67.25,112.08,135.62,197.26,53.8,416.94,130.366544715447,65.19865001616708,246,516,.50011796,7.749814,2.9332342,1.2100285
ParPlan,2026-05-30,76856,institutional,outpatient,Ultrasound pelvic complete,Imaging,164.76,67.25,84.84,377.71,510.36,40.57,1162.6,251.507972027972,209.4366264191413,429,724,.83272362,28.656643,7.5889964,4.4520273
Blue Advantage HMO,2026-05-30,76856,professional,outpatient,Ultrasound pelvic complete,Imaging,72.62,22.83,26.39,85.44,94.06999999999999,21.47,603.47,59.60388460248276,41.59908962694606,2981,55392,.69792581,28.107592,4.1204557,3.2375901
Blue Choice PPO,2026-05-30,76856,professional,outpatient,Ultrasound pelvic complete,Imaging,73.18000000000001,24.62,27.12,88.33,104.98,20.73,651.96,67.47721687868382,55.47807422727966,3223,73396,.82217491,31.450073,4.2640128,3.2570059
Blue Choice PPO common,2026-05-30,76856,professional,outpatient,Ultrasound pelvic complete,Imaging,73.18000000000001,24.62,27.12,88.33,104.98,20.73,651.96,67.45879652605394,55.43835439576669,3224,73370,.8218106,31.450073,4.2640128,3.2570059
Blue Choice PPO group 039993,2026-05-30,76856,professional,outpatient,Ultrasound pelvic complete,Imaging,51.07000000000001,24.1,25.61,82.90000000000001,91.78,22.61,93.76000000000001,54.96375000000001,30.46166287319193,16,18,.5542137,4.1468377,3.8082988,3.2370167
Blue Essentials,2026-05-30,76856,professional,outpatient,Ultrasound pelvic complete,Imaging,73.18000000000001,24.59,26.94,87.83,102.58,14.26,651.96,65.94785305343493,55.11871335881836,3144,60696,.83579236,45.719494,4.1716146,3.2602079
Blue Essentials common,2026-05-30,76856,professional,outpatient,Ultrasound pelvic complete,Imaging,73.18000000000001,24.59,26.94,87.83,102.58,14.26,651.96,65.95530612244879,55.16278646826093,3136,60538,.83636618,45.719494,4.1716146,3.2602079
Blue Essentials group 295430,2026-05-30,76856,professional,outpatient,Ultrasound pelvic complete,Imaging,62.605,24.62,27.6,89.36,94.56,23.56,110.95,58.56357142857145,31.26126051200066,70,164,.53380042,4.7092528,3.8407798,3.2376812
Blue Essentials group 295781,2026-05-30,76856,professional,outpatient,Ultrasound pelvic complete,Imaging,62.605,24.62,27.6,89.36,94.56,23.56,110.95,58.56357142857144,31.26126051200066,70,164,.53380042,4.7092528,3.8407798,3.2376812
Blue Premier,2026-05-30,76856,professional,outpatient,Ultrasound pelvic complete,Imaging,73.18000000000001,24.59,26.6,86.77000000000001,102.58,21.58,651.96,66.04560185185174,60.68390499373768,1728,26842,.91881824,30.211308,4.1716146,3.2620301
MyBlue Health HMO,2026-05-30,76856,professional,outpatient,Ultrasound pelvic complete,Imaging,72.62,22.83,25.26,81.77,94.06999999999999,21.47,603.47,60.3074129353233,46.07343185183117,1407,24707,.76397628,28.107592,4.1204557,3.2371337
ParPlan,2026-05-30,76856,professional,outpatient,Ultrasound pelvic complete,Imaging,73.18000000000001,25.21,27.12,88.33,103.27,22.61,651.96,64.95578480113591,45.75265771494202,2816,68137,.70436615,28.83503,4.0963902,3.2570059
Blue Advantage HMO,2026-05-30,313,institutional,inpatient,Chest pain,Inpatient DRG,5847.41,3245.97,4288.76,7885.44,9550.610000000001,2288.82,162437.96,6873.734273858925,10458.01141562031,241,263,1.5214454,70.970177,2.9422977,1.8386294
Blue Choice PPO,2026-05-30,313,institutional,inpatient,Chest pain,Inpatient DRG,8550,4024.2,6085.96,11826,14056.13,2349.65,188185.46,9835.466937984505,12010.82828556382,258,375,1.2211752,80.090851,3.4929004,1.943161
Blue Choice PPO common,2026-05-30,313,institutional,inpatient,Chest pain,Inpatient DRG,7739.615,3887.215,5357.12,11715.54,14794.135,2349.65,41803.05,8951.120761904762,4833.081107437695,210,297,.53994143,17.791182,3.8058443,2.1869102
Blue Choice PPO group 039993,2026-05-30,313,institutional,inpatient,Chest pain,Inpatient DRG,9990,7181.08,8239.77,11826,12830.95,5290.24,188185.46,13564.17530612245,25556.5896665908,49,74,1.8841242,35.572197,1.7867717,1.4352342
Blue Essentials,2026-05-30,313,institutional,inpatient,Chest pain,Inpatient DRG,7684.45,3631.99,5508.35,10596.77,12998.77,2115.53,181971.16,8947.855177865615,11631.18563579891,253,289,1.2998853,86.016815,3.5789664,1.9237648
Blue Essentials common,2026-05-30,313,institutional,inpatient,Chest pain,Inpatient DRG,7684.45,3631.99,5508.35,10596.77,12998.77,2115.53,181971.16,8947.855177865618,11631.18563579891,253,289,1.2998853,86.016815,3.5789664,1.9237648
Blue Premier,2026-05-30,313,institutional,inpatient,Chest pain,Inpatient DRG,6693.12,3624.9,5702.4,8424.719999999999,10451.64,2770.49,12667.06,7017.855135135136,2394.32600887515,74,84,.34117633,4.5721369,2.8832905,1.477399
MyBlue Health HMO,2026-05-30,313,institutional,inpatient,Chest pain,Inpatient DRG,6907.41,4317.72,5222.22,8479.34,10321.43,2833.56,11933.21,7008.943150684929,2149.101438914436,73,90,.30662274,4.2113843,2.3904815,1.6237041
ParPlan,2026-05-30,313,institutional,inpatient,Chest pain,Inpatient DRG,7533.58,3878.87,5290.24,10596.77,13989.06,2349.65,177611.38,11188.91989304813,16049.0945407779,187,211,1.4343739,75.590569,3.6064782,2.0030792
Blue Advantage HMO,2026-05-30,392,institutional,inpatient,Esophagitis gastroent & misc digestive wo MCC,Inpatient DRG,6136.6,3412.9,4594.975,8350.165000000001,10152.31,2444.47,14098.83,6515.046336206896,2509.159151456094,232,253,.38513297,5.767643,2.9746871,1.8172385
Blue Choice PPO,2026-05-30,392,institutional,inpatient,Esophagitis gastroent & misc digestive wo MCC,Inpatient DRG,9187.720000000001,4215.03,6411.04,12777.3,15105.52,2509.44,23959.11,9655.894959677418,4404.255821696114,248,372,.45612094,9.5475922,3.5837278,1.9930152
Blue Choice PPO common,2026-05-30,392,institutional,inpatient,Esophagitis gastroent & misc digestive wo MCC,Inpatient DRG,8114.11,4126.3,5694.75,12436.59,15551.95,2509.44,23959.11,9379.745771144282,4718.680947131257,201,290,.50307131,9.5475922,3.7689819,2.1838694
Blue Choice PPO group 039993,2026-05-30,392,institutional,inpatient,Esophagitis gastroent & misc digestive wo MCC,Inpatient DRG,10816.95,7854.5,9012.469999999999,12804.93,13679.82,5743.52,15062.85,10836.87340425532,2364.160133228929,47,74,.21815887,2.6225817,1.7416538,1.4208014
Blue Essentials,2026-05-30,392,institutional,inpatient,Esophagitis gastroent & misc digestive wo MCC,Inpatient DRG,8153.22,3954.15,5677.65,11415.59,13959.57,2259.4,21563.59,8740.832336065576,4002.05298450897,244,279,.45785719,9.5439453,3.5303593,2.0106189
Blue Essentials common,2026-05-30,392,institutional,inpatient,Esophagitis gastroent & misc digestive wo MCC,Inpatient DRG,8153.22,3954.15,5677.65,11415.59,13959.57,2259.4,21563.59,8740.832336065576,4002.05298450897,244,279,.45785719,9.5439453,3.5303593,2.0106189
Blue Premier,2026-05-30,392,institutional,inpatient,Esophagitis gastroent & misc digestive wo MCC,Inpatient DRG,6761.88,3844.17,5503.68,9007.5,11814,2958.9,13446.68,7402.009701492535,2675.351780955833,67,76,.36143586,4.544486,3.0732253,1.6366322
MyBlue Health HMO,2026-05-30,392,institutional,inpatient,Esophagitis gastroent & misc digestive wo MCC,Inpatient DRG,7332.54,4619.33,5685.68,9001.209999999999,11205.8,3085.03,12992.25,7573.189589041094,2351.434362673628,73,90,.31049457,4.2113853,2.4258497,1.5831369
ParPlan,2026-05-30,392,institutional,inpatient,Esophagitis gastroent & misc digestive wo MCC,Inpatient DRG,7874.79,4055.74,5444.21,11281.22,14995.12,2509.44,56521.81,10941.62095505618,11375.04659226153,178,201,1.0396125,22.523674,3.6972587,2.07215
Blue Advantage HMO,2026-05-30,292,institutional,inpatient,Heart failure & shock w CC,Inpatient DRG,7093.94,4050.93,5255.26,9298.25,11431.88,2976.47,18311.46,7454.86280334728,2766.721114512478,239,261,.37112972,6.1520729,2.8220384,1.7693225
Blue Choice PPO,2026-05-30,292,institutional,inpatient,Heart failure & shock w CC,Inpatient DRG,10246.33,4951.9,7320.75,14007.42,16468.78,3055.58,26443.15,10954.76229249011,4717.06261909748,253,370,.43059471,8.6540527,3.3257496,1.9133859
Blue Choice PPO common,2026-05-30,292,institutional,inpatient,Heart failure & shock w CC,Inpatient DRG,9768.23,4869.27,6528.76,14023.24,17328.72,3055.58,26443.15,10715.26367149758,5036.595015911244,207,303,.47003931,8.6540527,3.5587921,2.1479177
Blue Choice PPO group 039993,2026-05-30,292,institutional,inpatient,Heart failure & shock w CC,Inpatient DRG,11779.88,8668.84,9936.525000000001,13955.915,14985.97,6261.87,16501.05,11822.44375,2558.244432975369,48,79,.21638881,2.6351633,1.7287169,1.4045066
Blue Essentials,2026-05-30,292,institutional,inpatient,Heart failure & shock w CC,Inpatient DRG,9527.709999999999,4482.22,6672.9,12672.73,15460.68,2751.12,23799.26,9914.460756972112,4277.537163576423,251,287,.43144426,8.650753,3.4493353,1.8991338
Blue Essentials common,2026-05-30,292,institutional,inpatient,Heart failure & shock w CC,Inpatient DRG,9527.709999999999,4482.22,6672.9,12672.73,15460.68,2751.12,23799.26,9914.460756972112,4277.537163576425,251,287,.43144426,8.650753,3.4493353,1.8991338
Blue Premier,2026-05-30,292,institutional,inpatient,Heart failure & shock w CC,Inpatient DRG,7918.05,4983.02,6755.49,9934.15,12942,3602.86,15162.2,8475.717432432431,2773.499600993257,74,84,.3272289,4.2083788,2.5972202,1.4705299
MyBlue Health HMO,2026-05-30,292,institutional,inpatient,Heart failure & shock w CC,Inpatient DRG,8300.26,5219.94,6228.55,10149.58,12217.12,3379.59,14232.75,8421.658493150686,2571.206637494064,73,90,.30530882,4.2113838,2.3404713,1.6295253
ParPlan,2026-05-30,292,institutional,inpatient,Heart failure & shock w CC,Inpatient DRG,9328.73,4869.27,6370.43,13002.4,15902.27,3055.58,62381.88,12365.65605405404,12215.91630621004,185,209,.98789066,20.415724,3.2658427,2.0410552
Blue Advantage HMO,2026-05-30,291,institutional,inpatient,Heart failure & shock w MCC,Inpatient DRG,10557.51,6078.52,7929.11,14060.18,16791.02,4353.71,27766.52,11130.37380753138,4100.703060335264,239,261,.36842456,6.3776689,2.7623534,1.7732356
Blue Choice PPO,2026-05-30,291,institutional,inpatient,Heart failure & shock w MCC,Inpatient DRG,15622.52,7502.6,11069.25,21086.42,24605.94,4469.42,40063.88,16408.66913725491,7051.309845028183,255,375,.42973077,8.9639997,3.279655,1.9049547
Blue Choice PPO common,2026-05-30,291,institutional,inpatient,Heart failure & shock w MCC,Inpatient DRG,14457.93,7273.1,9891.690000000001,20737.97,25452.24,4469.42,40063.88,16015.52608695653,7554.577229657521,207,298,.47170335,8.9639997,3.4995036,2.0965042
Blue Choice PPO group 039993,2026-05-30,291,institutional,inpatient,Heart failure & shock w MCC,Inpatient DRG,17812.73,13134.12,15021.11,21086.42,22228.85,9386.59,24476.17,17766.38,3749.199938648471,48,73,.21102779,2.6075678,1.6924506,1.4037857
Blue Essentials,2026-05-30,291,institutional,inpatient,Heart failure & shock w MCC,Inpatient DRG,14286.26,6661.71,9897.969999999999,18812.61,22996.73,4024.09,36058.15,14837.06466135457,6427.371081077628,251,287,.43319693,8.9605722,3.4520762,1.9006534
Blue Essentials common,2026-05-30,291,institutional,inpatient,Heart failure & shock w MCC,Inpatient DRG,14286.26,6661.71,9897.969999999999,18812.61,22996.73,4024.09,36058.15,14837.06466135457,6427.371081077628,251,287,.43319693,8.9605722,3.4520762,1.9006534
Blue Premier,2026-05-30,291,institutional,inpatient,Heart failure & shock w MCC,Inpatient DRG,11934.2,7464.79,10215.2,15021.74,19197,5269.93,22270.08,12682.77405405405,4098.884800167432,74,84,.32318521,4.2258778,2.5716732,1.4705282
MyBlue Health HMO,2026-05-30,291,institutional,inpatient,Heart failure & shock w MCC,Inpatient DRG,12434.17,7742.79,9238.879999999999,14907.6,18313.55,5012.98,21111.58,12562.74739726027,3867.158864312486,73,90,.30782747,4.2113833,2.3652391,1.6135722
ParPlan,2026-05-30,291,institutional,inpatient,Heart failure & shock w MCC,Inpatient DRG,13974.86,7273.1,9508.85,19286.59,23614.4,4469.42,94514.49000000001,18565.25329729731,18520.59797034078,185,209,.99759465,21.146925,3.2468135,2.0282779
Blue Advantage HMO,2026-05-30,293,institutional,inpatient,Heart failure & shock wo CC/MCC,Inpatient DRG,4845.53,2858.39,3588.36,6243.98,7435.18,2005.31,13989.83,5073.598786610881,1869.243665358751,239,261,.36842561,6.9763927,2.6011777,1.7400651
Blue Choice PPO,2026-05-30,293,institutional,inpatient,Heart failure & shock wo CC/MCC,Inpatient DRG,6960.81,3573.61,5066.7,9579.98,10796.52,2211.12,16847.83,7374.185372549021,3013.333016971249,255,381,.40863267,7.6195908,3.0211802,1.8907731
Blue Choice PPO common,2026-05-30,293,institutional,inpatient,Heart failure & shock wo CC/MCC,Inpatient DRG,6839.58,3309,4480.82,9625.85,11511.92,2211.12,16847.83,7263.051787439612,3226.341677381207,207,297,.44421294,7.6195908,3.4789724,2.1482341
Blue Choice PPO group 039993,2026-05-30,293,institutional,inpatient,Heart failure & shock wo CC/MCC,Inpatient DRG,7768.075,5523.21,6399.469999999999,9296.549999999999,9760.67,4105.13,10715.74,7719.353333333335,1710.189738783307,48,71,.22154573,2.6103289,1.7672096,1.4527062
Blue Essentials,2026-05-30,293,institutional,inpatient,Heart failure & shock wo CC/MCC,Inpatient DRG,6385.61,3243.74,4505.92,8616.08,10068.03,1990.81,15163.32,6669.842549800799,2751.311576600198,251,287,.41250023,7.6166587,3.1038339,1.9121689
Blue Essentials common,2026-05-30,293,institutional,inpatient,Heart failure & shock wo CC/MCC,Inpatient DRG,6385.61,3243.74,4505.92,8616.08,10068.03,1990.81,15163.32,6669.842549800799,2751.311576600199,251,287,.41250023,7.6166587,3.1038339,1.9121689
Blue Premier,2026-05-30,293,institutional,inpatient,Heart failure & shock wo CC/MCC,Inpatient DRG,5749.73,3310.81,4503.66,6622.77,8407.860000000001,2579.06,10358.05,5720.448918918919,1816.568774494186,74,84,.31755704,4.0162115,2.5395174,1.4705306
MyBlue Health HMO,2026-05-30,293,institutional,inpatient,Heart failure & shock wo CC/MCC,Inpatient DRG,5698.8,3393.52,4231.95,6704.55,8009.24,2194.7,9242.709999999999,5580.231369863014,1632.344767550072,73,90,.29252279,4.2113776,2.360157,1.5842696
ParPlan,2026-05-30,293,institutional,inpatient,Heart failure & shock wo CC/MCC,Inpatient DRG,6516.29,3208.19,4409.57,8543.219999999999,10690.76,2211.12,39745.63,8260.999135135133,7723.702937683501,185,209,.93495989,17.975338,3.3323338,1.937427
Blue Advantage HMO,2026-05-30,481,institutional,inpatient,Hip & femur procedures exc joint w CC,Inpatient DRG,16869.96,9440.799999999999,12439.92,22938.96,32301.48,6673.6,65370.33,19264.77864628822,9981.707404337743,229,255,.51813245,9.7953625,3.4214771,1.8439797
Blue Choice PPO,2026-05-30,481,institutional,inpatient,Hip & femur procedures exc joint w CC,Inpatient DRG,24763.67,12004.77,17674.45,34402.16,43955.22,6850.96,79831.82000000001,27240.35111111111,14273.62166110912,243,353,.52398819,11.652647,3.6614795,1.9464345
Blue Choice PPO common,2026-05-30,481,institutional,inpatient,Hip & femur procedures exc joint w CC,Inpatient DRG,22336.485,11318.94,15475.445,33651.045,46256.73,6850.96,79831.82000000001,26767.98770408162,15546.33900030642,196,262,.58078098,11.652647,4.0866661,2.17448
Blue Choice PPO group 039993,2026-05-30,481,institutional,inpatient,Hip & femur procedures exc joint w CC,Inpatient DRG,29052.75,20885.94,23915.3,34402.16,37467.64,15169.59,40399.65,28847.91787234041,6478.509936014855,47,75,.22457461,2.6631999,1.7939168,1.4385
Blue Essentials,2026-05-30,481,institutional,inpatient,Hip & femur procedures exc joint w CC,Inpatient DRG,21689.055,10703.23,14972.345,30250.74,37167.68,6168.34,72647.55,24213.31159482758,12892.25182399216,232,259,.53244478,11.777488,3.4725666,2.0204411
Blue Essentials common,2026-05-30,481,institutional,inpatient,Hip & femur procedures exc joint w CC,Inpatient DRG,21689.055,10703.23,14972.345,30250.74,37167.68,6168.34,72647.55,24213.31159482758,12892.25182399215,232,259,.53244478,11.777488,3.4725666,2.0204411
Blue Premier,2026-05-30,481,institutional,inpatient,Hip & femur procedures exc joint w CC,Inpatient DRG,19470.47,11665.65,16665.94,24507.74,30368.3,8078.03,36805.42,20841.70283783783,6994.886721338103,74,84,.33561972,4.5562372,2.603224,1.4705285
MyBlue Health HMO,2026-05-30,481,institutional,inpatient,Hip & femur procedures exc joint w CC,Inpatient DRG,16313.01,11852.68,13360.685,31051.01,50490.58,8274.27,65370.33,23375.120625,14303.50540411721,48,60,.61191154,7.9004345,4.2598453,2.3240583
ParPlan,2026-05-30,481,institutional,inpatient,Hip & femur procedures exc joint w CC,Inpatient DRG,21849.84,11326.69,15218.79,29888.51,37030.37,6850.96,68594.12,23586.26778409091,10972.39305794815,176,186,.4652026,10.012337,3.2693019,1.9639215
Blue Advantage HMO,2026-05-30,469,institutional,inpatient,Major hip/knee joint replacement w MCC,Inpatient DRG,25967.23,14341.04,19024.58,33940.74,45051.05,10271.71,95033.47,29438.31472103005,14913.37933455286,233,259,.50659758,9.2519617,3.1414075,1.7840468
Blue Choice PPO,2026-05-30,469,institutional,inpatient,Major hip/knee joint replacement w MCC,Inpatient DRG,38129.35,18163.11,27037.12,54492.18,71853.75,10544.69,115587.18,43289.73700787399,22986.0848773573,254,371,.53098232,10.961648,3.9560268,2.0154581
Blue Choice PPO common,2026-05-30,469,institutional,inpatient,Major hip/knee joint replacement w MCC,Inpatient DRG,35325.66,17326.77,24007.5,55980.6,77922.06,10544.69,115587.18,42798.58960975608,24744.46930532199,205,295,.57816088,10.961648,4.4972062,2.3317964
Blue Choice PPO group 039993,2026-05-30,469,institutional,inpatient,Major hip/knee joint replacement w MCC,Inpatient DRG,42085.65,32902.73,36019.25,51925.795,59557.93,24344.17,110763.26,44944.82166666666,13451.20035594488,48,78,.29928255,4.5498886,1.8101212,1.4416124
Blue Essentials,2026-05-30,469,institutional,inpatient,Major hip/knee joint replacement w MCC,Inpatient DRG,34015.585,17105.33,23953.45,47330.05,66053.69,9494.030000000001,106461.27,38524.62020661159,20916.8430546892,242,284,.54294741,11.213496,3.8615851,1.9759178
Blue Essentials common,2026-05-30,469,institutional,inpatient,Major hip/knee joint replacement w MCC,Inpatient DRG,34015.585,17105.33,23953.45,47330.05,66053.69,9494.030000000001,106461.27,38524.6202066116,20916.84305468921,242,284,.54294741,11.213496,3.8615851,1.9759178
Blue Premier,2026-05-30,469,institutional,inpatient,Major hip/knee joint replacement w MCC,Inpatient DRG,31105.47,19743.6,25255.07,37752.45,46683.8,12433.34,54405.6,31950.63918918922,10342.15429822414,74,84,.32369164,4.375783,2.3645029,1.4948463
MyBlue Health HMO,2026-05-30,469,institutional,inpatient,Major hip/knee joint replacement w MCC,Inpatient DRG,31644.755,18598.93,22775.83,61451.56,69775.62,12657.39,81717.5,40908.9193548387,20977.22667609593,62,83,.51277882,6.45611,3.7515934,2.6981041
ParPlan,2026-05-30,469,institutional,inpatient,Major hip/knee joint replacement w MCC,Inpatient DRG,35211,17042.28,23598.91,47555.86,61800.52,10544.69,271524.37,48048.48085561497,53354.40939376731,187,211,1.1104287,25.749868,3.6263058,2.015172
Blue Advantage HMO,2026-05-30,470,institutional,inpatient,Major hip/knee joint replacement wo MCC,Inpatient DRG,15734.645,8864.98,11724.28,21125.31,31338.795,6438.99,87145.56,18319.69360869565,10169.83232154168,230,256,.55513114,13.534041,3.5351231,1.8018428
Blue Choice PPO,2026-05-30,470,institutional,inpatient,Major hip/knee joint replacement wo MCC,Inpatient DRG,23333.08,11772.36,16736.22,32709.59,51583.64,7381.11,101569.75,27162.23597609562,15109.9426285664,251,373,.5562849,13.760769,4.3817587,1.9544193
Blue Choice PPO common,2026-05-30,470,institutional,inpatient,Major hip/knee joint replacement wo MCC,Inpatient DRG,22504.32,10926.73,15202.4,32868.8,53202.7,7381.11,72254.52,26618.10609756096,15206.70274539128,205,289,.57129169,9.789113,4.8690414,2.1620796
Blue Choice PPO group 039993,2026-05-30,470,institutional,inpatient,Major hip/knee joint replacement wo MCC,Inpatient DRG,26763.49,18979.44,21777.52,31682.18,35301.32,13757.11,101569.75,28807.47361702126,13470.42841440391,47,70,.46760187,7.3830733,1.8599769,1.4548112
Blue Essentials,2026-05-30,470,institutional,inpatient,Major hip/knee joint replacement wo MCC,Inpatient DRG,20932.03,10829.81,14882.37,28342.17,45909.35,6707.62,97624.83,24094.82726141079,13599.52958715873,241,282,.564417,14.554317,4.2391648,1.9044124
Blue Essentials common,2026-05-30,470,institutional,inpatient,Major hip/knee joint replacement wo MCC,Inpatient DRG,20932.03,10829.81,14882.37,28342.17,45909.35,6707.62,97624.83,24094.82726141079,13599.52958715873,241,282,.564417,14.554317,4.2391648,1.9044124
Blue Premier,2026-05-30,470,institutional,inpatient,Major hip/knee joint replacement wo MCC,Inpatient DRG,19780.87,11690.1,15556.38,23388.27,27531.55,7794.05,44434.47,20065.78819444445,6814.059164510862,72,82,.33958593,5.701076,2.3551166,1.5034519
MyBlue Health HMO,2026-05-30,470,institutional,inpatient,Major hip/knee joint replacement wo MCC,Inpatient DRG,23061.34,11139.11,14155.71,35447.4,45698.23,7488.91,59165.66,25445.41540983607,12795.75062136822,61,82,.50287056,7.9004369,4.1025028,2.504106
ParPlan,2026-05-30,470,institutional,inpatient,Major hip/knee joint replacement wo MCC,Inpatient DRG,21241.71,10926.73,14788.59,28873.51,46539.8,7381.11,156624.71,29429.76586021503,31016.1696389133,186,210,1.0539048,21.219669,4.2592616,1.9524181
Blue Advantage HMO,2026-05-30,247,institutional,inpatient,Perc cardiovascular proc w drug-eluting stent wo MCC,Inpatient DRG,14446.375,8507.379999999999,10571.26,22660.23,29872.85,6721.5,76551.06,17333.41835616438,9865.071372702085,146,160,.56913596,11.388985,3.5114043,2.1435695
Blue Choice PPO,2026-05-30,247,institutional,inpatient,Perc cardiovascular proc w drug-eluting stent wo MCC,Inpatient DRG,19351.15,10613,13510.18,29325.95,43286.09,6900.13,89221.67,22737.35869863015,12478.52273580752,146,208,.54881144,12.930433,4.0785913,2.1706557
Blue Choice PPO common,2026-05-30,247,institutional,inpatient,Perc cardiovascular proc w drug-eluting stent wo MCC,Inpatient DRG,19317.35,10613,13446.735,28270.205,40391,6900.13,54317.39,22218.90076388889,11235.80157673676,144,203,.50568664,7.8719373,3.8058043,2.1023843
Blue Choice PPO group 039993,2026-05-30,247,institutional,inpatient,Perc cardiovascular proc w drug-eluting stent wo MCC,Inpatient DRG,60066.33,30910.99,30910.99,89221.67,89221.67,30910.99,89221.67,60066.33,41231.87724359879,2,2,.6864391,2.8864062,2.8864062,2.8864062
Blue Essentials,2026-05-30,247,institutional,inpatient,Perc cardiovascular proc w drug-eluting stent wo MCC,Inpatient DRG,17516.04,9674.58,12082.29,26393.35,33988.37,6212.61,85756.34,20411.10169014084,11428.38968486917,142,156,.55991048,13.803593,3.5131624,2.1844659
Blue Essentials common,2026-05-30,247,institutional,inpatient,Perc cardiovascular proc w drug-eluting stent wo MCC,Inpatient DRG,17516.04,9674.58,12082.29,26393.35,33988.37,6212.61,85756.34,20411.10169014084,11428.38968486917,142,156,.55991048,13.803593,3.5131624,2.1844659
Blue Premier,2026-05-30,247,institutional,inpatient,Perc cardiovascular proc w drug-eluting stent wo MCC,Inpatient DRG,16714.795,8789.43,11372.64,18687.125,28587.72,8136,34647.42,16903.48888888889,6739.008025918006,36,38,.39867556,4.2585325,3.2525113,1.6431651
MyBlue Health HMO,2026-05-30,247,institutional,inpatient,Perc cardiovascular proc w drug-eluting stent wo MCC,Inpatient DRG,18436.58,10714.2,12926,29561.635,31611.77,7479.51,34856.58,20005.85321428571,8243.621919956846,28,41,.4120605,4.6602759,2.9504554,2.2869902
ParPlan,2026-05-30,247,institutional,inpatient,Perc cardiovascular proc w drug-eluting stent wo MCC,Inpatient DRG,17878.19,10238.74,12923.3,22503.46,29370.89,6900.13,83701.74000000001,19282.07438596492,9673.545375200725,114,118,.50168592,12.130459,2.8686039,1.7413092
Blue Advantage HMO,2026-05-30,871,institutional,inpatient,Septicemia wo MV>96h w MCC,Inpatient DRG,15118.775,8439.445,11388.59,21132,25510.7,6007.31,41551,16266.28878260869,6491.996982362633,230,256,.39910746,6.9167399,3.0227935,1.8555413
Blue Choice PPO,2026-05-30,871,institutional,inpatient,Septicemia wo MV>96h w MCC,Inpatient DRG,22787.31,10596,15603.04,30800,36747.49,6166.96,60246.28,23695.61036437245,10671.04389490746,247,378,.45033842,9.7692022,3.4680531,1.9739743
Blue Choice PPO common,2026-05-30,871,institutional,inpatient,Septicemia wo MV>96h w MCC,Inpatient DRG,20049.66,10099.49,13902.96,30697,37996.53,6166.96,60246.28,22958.1401005025,11435.34146021637,199,298,.4980953,9.7692022,3.7622225,2.207947
Blue Choice PPO group 039993,2026-05-30,871,institutional,inpatient,Septicemia wo MV>96h w MCC,Inpatient DRG,26952.19,19750.5,22615.16,31905.56,33994.61,14494.79,37431.45,27028.23404255319,5819.976128100848,47,75,.2153295,2.5824072,1.7212025,1.410804
Blue Essentials,2026-05-30,871,institutional,inpatient,Septicemia wo MV>96h w MCC,Inpatient DRG,20270.72,9536.4,13588.84,27796.05,33848.93,5552.49,54222.63,21547.92390946504,9826.792221186011,243,282,.45604357,9.7654619,3.5494454,2.0455058
Blue Essentials common,2026-05-30,871,institutional,inpatient,Septicemia wo MV>96h w MCC,Inpatient DRG,20270.72,9536.4,13588.84,27796.05,33848.93,5552.49,54222.63,21547.92390946504,9826.792221186011,243,282,.45604357,9.7654619,3.5494454,2.0455058
Blue Premier,2026-05-30,871,institutional,inpatient,Septicemia wo MV>96h w MCC,Inpatient DRG,18057.48,9536.4,15080.57,22729.19,27796.05,7271.52,32873.96,18748.19351351351,6491.793509032271,74,84,.34626234,4.5209198,2.914732,1.5071838
MyBlue Health HMO,2026-05-30,871,institutional,inpatient,Septicemia wo MV>96h w MCC,Inpatient DRG,17411.91,11265.25,13713.87,22814,28279.81,7666.35,30670,18660.19125,6129.098035411162,64,85,.32845849,4.0005999,2.5103579,1.6635712
ParPlan,2026-05-30,871,institutional,inpatient,Septicemia wo MV>96h w MCC,Inpatient DRG,19801.51,10225.42,14021.51,27719.47,37263.13,6166.96,142126.68,27339.85794594594,28096.93146227727,185,209,1.0276912,23.046473,3.6441662,1.9769248
Blue Advantage HMO,2026-05-30,872,institutional,inpatient,Septicemia wo MV>96h wo MCC,Inpatient DRG,8055.535,4584.92,6046.549999999999,11175.115,13893.76,3345.24,18402.23,8697.397543859644,3422.587475618669,228,255,.39351857,5.5010195,3.0303168,1.8481804
Blue Choice PPO,2026-05-30,872,institutional,inpatient,Septicemia wo MV>96h wo MCC,Inpatient DRG,12004.51,5653.02,8541.99,16807.7,20160,3431.68,31656.85,12745.00236734694,5771.899610728373,245,373,.45287552,9.224884,3.5662353,1.9676563
Blue Choice PPO common,2026-05-30,872,institutional,inpatient,Septicemia wo MV>96h wo MCC,Inpatient DRG,10730.77,5512.14,7507.48,16116.76,22026,3431.68,31656.85,12383.51467005077,6213.614235061727,197,300,.50176501,9.224884,3.9959073,2.1467602
Blue Choice PPO group 039993,2026-05-30,872,institutional,inpatient,Septicemia wo MV>96h wo MCC,Inpatient DRG,14198.29,10378.05,11895.68,16807.7,17855.33,7529.6,19660.5,14167.764375,3046.53959377975,48,73,.21503319,2.611095,1.7204899,1.4129246
Blue Essentials,2026-05-30,872,institutional,inpatient,Septicemia wo MV>96h wo MCC,Inpatient DRG,10680.575,5240.745,7451.690000000001,14921.12,18678.265,3149.22,28491.68,11530.43791666667,5256.543180997714,240,282,.4558841,9.0472183,3.5640476,2.0023806
Blue Essentials common,2026-05-30,872,institutional,inpatient,Septicemia wo MV>96h wo MCC,Inpatient DRG,10680.575,5240.745,7451.690000000001,14921.12,18678.265,3149.22,28491.68,11530.43791666667,5256.543180997714,240,282,.4558841,9.0472183,3.5640476,2.0023806
Blue Premier,2026-05-30,872,institutional,inpatient,Septicemia wo MV>96h wo MCC,Inpatient DRG,9512.6,5552.82,8104.54,11973.63,15002.3,4124.21,18020.8,10015.44445945946,3391.12141342094,74,84,.33858922,4.3695154,2.7017443,1.4773978
MyBlue Health HMO,2026-05-30,872,institutional,inpatient,Septicemia wo MV>96h wo MCC,Inpatient DRG,9595.719999999999,6055.81,7044.52,11567.82,15712.44,4026.68,16017,10066.44435483871,3548.73720276993,62,84,.35253134,3.9777186,2.5946059,1.642102
ParPlan,2026-05-30,872,institutional,inpatient,Septicemia wo MV>96h wo MCC,Inpatient DRG,10730.77,5512.14,7507.48,15002.3,19082.78,3431.68,74681.52,14527.31637837838,14703.06958776253,185,209,1.0120981,21.762379,3.4619548,1.9983137
Blue Advantage HMO,2026-05-30,194,institutional,inpatient,Simple pneumonia & pleurisy w CC,Inpatient DRG,6871.95,3952.54,5199.43,9018.25,11149.45,2913.05,95459.33,7624.822780082987,6299.832969267663,241,263,.82622683,32.769547,2.8208318,1.7344689
Blue Choice PPO,2026-05-30,194,institutional,inpatient,Simple pneumonia & pleurisy w CC,Inpatient DRG,9953.85,4833.17,7307.88,13880.94,16590.59,2990.46,111259.61,11021.73287937743,7748.176525713483,257,370,.70299077,37.204849,3.4326518,1.8994483
Blue Choice PPO common,2026-05-30,194,institutional,inpatient,Simple pneumonia & pleurisy w CC,Inpatient DRG,9555.15,4734.5,6390.805,13946.37,17093.09,2990.46,25178.1,10419.684375,4869.404350698903,208,304,.46732745,8.4194736,3.6103263,2.1822555
Blue Choice PPO group 039993,2026-05-30,194,institutional,inpatient,Simple pneumonia & pleurisy w CC,Inpatient DRG,11181.86,8254.120000000001,9471,13601.16,14902.63,6011.1,111259.61,13372.54591836735,14491.92337075206,49,76,1.0837071,18.509027,1.8054777,1.4360849
Blue Essentials,2026-05-30,194,institutional,inpatient,Simple pneumonia & pleurisy w CC,Inpatient DRG,9092.16,4296.78,6498.11,12575.26,14931.2,2692.5,106938.34,9992.016047430823,7374.455045136222,253,289,.73803473,39.717117,3.4749744,1.9352181
Blue Essentials common,2026-05-30,194,institutional,inpatient,Simple pneumonia & pleurisy w CC,Inpatient DRG,9092.16,4296.78,6498.11,12575.26,14931.2,2692.5,106938.34,9992.016047430823,7374.455045136222,253,289,.73803473,39.717117,3.4749744,1.9352181
Blue Premier,2026-05-30,194,institutional,inpatient,Simple pneumonia & pleurisy w CC,Inpatient DRG,7634.1,4804.32,6412.55,9429.84,12603,3526.08,15169.22,8167.015270270267,2723.294292466651,74,84,.33345038,4.3020067,2.6232641,1.4705288
MyBlue Health HMO,2026-05-30,194,institutional,inpatient,Simple pneumonia & pleurisy w CC,Inpatient DRG,8207.049999999999,5059.77,6065.4,10053.83,11727.86,3291.06,13859.94,8185.891095890412,2484.670756904312,73,90,.30353087,4.211391,2.3178642,1.6575708
ParPlan,2026-05-30,194,institutional,inpatient,Simple pneumonia & pleurisy w CC,Inpatient DRG,9061,4715,6216.42,12661.81,16079.38,2990.46,104376.24,12422.02764705881,13391.22354118579,187,211,1.0780224,34.903072,3.4102609,2.036833
Blue Advantage HMO,2026-05-30,193,institutional,inpatient,Simple pneumonia & pleurisy w MCC,Inpatient DRG,10677.91,5995.54,7981.8,14395.31,17233.75,4260.84,99845.71000000001,11712.17842323651,7161.290918641174,241,263,.6114397,23.43334,2.8744283,1.8035167
Blue Choice PPO,2026-05-30,193,institutional,inpatient,Simple pneumonia & pleurisy w MCC,Inpatient DRG,15608.5,7576.78,11099.01,21589.02,25738.69,4374.08,116372.01,17016.58525291828,9549.151074117386,257,384,.5611673,26.604912,3.3970487,1.9451302
Blue Choice PPO common,2026-05-30,193,institutional,inpatient,Simple pneumonia & pleurisy w MCC,Inpatient DRG,14354.71,7085.64,10004.035,21379.695,27037.59,4374.08,40459.98,16256.96956730769,7785.248798808119,208,301,.47888684,9.2499409,3.8158288,2.1371071
Blue Choice PPO group 039993,2026-05-30,193,institutional,inpatient,Simple pneumonia & pleurisy w MCC,Inpatient DRG,18237.3,13263.97,15203.625,21589.02,23035.04,9698.77,116372.01,20172.846875,14684.03305602674,48,78,.72791082,11.998636,1.7366625,1.4199916
Blue Essentials,2026-05-30,193,institutional,inpatient,Simple pneumonia & pleurisy w MCC,Inpatient DRG,14620.86,6641.55,10016.37,19327.58,23554.34,3938.25,111852.18,15444.09205533597,8986.098677339831,253,289,.58184701,28.401493,3.5465126,1.9295993
Blue Essentials common,2026-05-30,193,institutional,inpatient,Simple pneumonia & pleurisy w MCC,Inpatient DRG,14620.86,6641.55,10016.37,19327.58,23554.34,3938.25,111852.18,15444.09205533597,8986.098677339831,253,289,.58184701,28.401493,3.5465126,1.9295993
Blue Premier,2026-05-30,193,institutional,inpatient,Simple pneumonia & pleurisy w MCC,Inpatient DRG,12218.66,7296.67,10410.05,15379.79,19249.07,5157.51,23037.41,12802.31810810812,4276.724480460046,74,84,.33405861,4.4667697,2.6380622,1.4773983
MyBlue Health HMO,2026-05-30,193,institutional,inpatient,Simple pneumonia & pleurisy w MCC,Inpatient DRG,12562.4,7857.14,9375.32,15421.25,18922.62,5087.01,21423.36,12778.6797260274,3935.225444994639,73,90,.30795243,4.2113853,2.4083343,1.6448772
ParPlan,2026-05-30,193,institutional,inpatient,Simple pneumonia & pleurisy w MCC,Inpatient DRG,13918.17,7085.64,9742.91,19335.75,25838.78,4374.08,109172.35,19267.17390374332,19800.65055741692,187,211,1.0276884,24.958929,3.6466403,1.984597
Blue Advantage HMO,2026-05-30,195,institutional,inpatient,Simple pneumonia & pleurisy wo CC/MCC,Inpatient DRG,5198.92,2999.33,3882.89,6883.33,8505.790000000001,2094.44,11488.86,5508.472133891214,2050.546386237945,239,261,.37225321,5.4854088,2.8358967,1.7727337
Blue Choice PPO,2026-05-30,195,institutional,inpatient,Simple pneumonia & pleurisy wo CC/MCC,Inpatient DRG,7483.450000000001,3647.35,5435.59,10602.86,12137.89,2148.56,19120,8052.582913385823,3471.539903564026,254,382,.43110886,8.898984,3.3278654,1.9506365
Blue Choice PPO common,2026-05-30,195,institutional,inpatient,Simple pneumonia & pleurisy wo CC/MCC,Inpatient DRG,7280.08,3514,4844.02,10684.09,12853.15,2148.56,19120,7905.541642512072,3721.968620089677,207,301,.47080502,8.898984,3.6576977,2.2056246
Blue Choice PPO group 039993,2026-05-30,195,institutional,inpatient,Simple pneumonia & pleurisy wo CC/MCC,Inpatient DRG,8719.744999999999,6268.1,7184.715,10356.285,11147.42,4573.76,12274.43,8712.761875,1952.247100824941,48,79,.22406754,2.6836629,1.7784369,1.441433
Blue Essentials,2026-05-30,195,institutional,inpatient,Simple pneumonia & pleurisy wo CC/MCC,Inpatient DRG,6916.08,3295.71,4879.48,9630.85,11356.55,2054.22,17208.31,7312.336733067727,3152.660993528939,251,287,.43114275,8.3770533,3.4458585,1.9737451
Blue Essentials common,2026-05-30,195,institutional,inpatient,Simple pneumonia & pleurisy wo CC/MCC,Inpatient DRG,6916.08,3295.71,4879.48,9630.85,11356.55,2054.22,17208.31,7312.336733067727,3152.66099352894,251,287,.43114275,8.3770533,3.4458585,1.9737451
Blue Premier,2026-05-30,195,institutional,inpatient,Simple pneumonia & pleurisy wo CC/MCC,Inpatient DRG,5882.59,3702.06,5000.97,7354.08,9630.85,2690.2,11690.78,6291.535945945946,2094.63572833077,74,84,.33292916,4.3456917,2.6014841,1.4705307
MyBlue Health HMO,2026-05-30,195,institutional,inpatient,Simple pneumonia & pleurisy wo CC/MCC,Inpatient DRG,6325.1,3882.89,4633.15,7679.78,8923.559999999999,2513.93,10587.13,6258.79684931507,1893.572505690028,73,90,.30254576,4.2113862,2.2981749,1.657572
ParPlan,2026-05-30,195,institutional,inpatient,Simple pneumonia & pleurisy wo CC/MCC,Inpatient DRG,6947.79,3514,4716.59,9518.5,12066.29,2148.56,45105.9,9040.211891891882,8828.722829678611,185,209,.97660571,20.993549,3.4337764,2.0180893
Blue Advantage HMO,2026-05-30,460,institutional,inpatient,Spinal fusion exc cervical wo MCC,Inpatient DRG,29896.39,17623.76,21263.5,42402.38,63390.4,12928.13,78901.47,34394.66635838149,16623.78705041976,173,190,.48332456,6.1030846,3.5968716,1.9941392
Blue Choice PPO,2026-05-30,460,institutional,inpatient,Spinal fusion exc cervical wo MCC,Inpatient DRG,42146.095,21225.78,28414.56,63248.75,78933.82000000001,13262.19,114151.23,48143.70448863634,24247.62065503861,176,243,.5036509,8.6072683,3.7187712,2.2259276
Blue Choice PPO common,2026-05-30,460,institutional,inpatient,Spinal fusion exc cervical wo MCC,Inpatient DRG,40625.675,21185.48,27503.1,59861.53,78887,13262.19,114151.23,46871.11240963854,24081.76646939118,166,237,.51378697,8.6072683,3.7236352,2.1765375
Blue Choice PPO group 039993,2026-05-30,460,institutional,inpatient,Spinal fusion exc cervical wo MCC,Inpatient DRG,70618.14499999999,51074.49,67264.53,81921.8,96564.00999999999,51074.49,96564.00999999999,73405.93124999999,14533.06959470262,8,9,.19798222,1.8906505,1.8906505,1.2179049
Blue Essentials,2026-05-30,460,institutional,inpatient,Spinal fusion exc cervical wo MCC,Inpatient DRG,38170.28999999999,19138.81,26742.36,55654.95,71040.08,13262.19,103877.58,43739.59488505744,21840.67620331239,174,190,.49933422,7.8326116,3.7118337,2.0811532
Blue Essentials common,2026-05-30,460,institutional,inpatient,Spinal fusion exc cervical wo MCC,Inpatient DRG,38170.28999999999,19138.81,26742.36,55654.95,71040.08,13262.19,103877.58,43739.59488505745,21840.67620331239,174,190,.49933422,7.8326116,3.7118337,2.0811532
Blue Premier,2026-05-30,460,institutional,inpatient,Spinal fusion exc cervical wo MCC,Inpatient DRG,39847.47,21893.34,32200.95,51641.495,62481.71,15814.89,83770.89999999999,42070.24958333333,16092.56296855006,48,50,.38251647,5.2969637,2.853914,1.6037258
MyBlue Health HMO,2026-05-30,460,institutional,inpatient,Spinal fusion exc cervical wo MCC,Inpatient DRG,31284,21131.03,23714.18,47730.49,69478.92999999999,14751.42,78901.47,37548.99680851063,17192.03770221566,47,60,.45785612,5.3487372,3.2880049,2.0127404
ParPlan,2026-05-30,460,institutional,inpatient,Spinal fusion exc cervical wo MCC,Inpatient DRG,39293.83,19947,26581.37,55604.45,69411.14999999999,13262.19,120926.52,42636.70496296295,20913.19320123058,135,142,.49049741,9.1181412,3.479779,2.0918579
Blue Advantage HMO,2026-05-30,49505,institutional,outpatient,Inguinal hernia repair,Inpatient surgery,2895.11,1629.41,2269.53,3979.96,6094.31,1018,15982.27,3465.295510597303,2072.925473836803,519,749,.59819585,15.699676,3.7401943,1.7536495
Blue Choice PPO,2026-05-30,49505,institutional,outpatient,Inguinal hernia repair,Inpatient surgery,3824.485,1964.02,2838.17,5969.93,8706.15,921,16826.5,4806.998031358883,2817.446984327496,574,927,.58611363,18.269815,4.4328213,2.1034434
Blue Choice PPO common,2026-05-30,49505,institutional,outpatient,Inguinal hernia repair,Inpatient surgery,3535.81,1939.95,2707.61,5836.23,8488.5,921,16826.5,4636.385667938928,2799.678409237736,524,844,.60384935,18.269815,4.3756285,2.1554914
Blue Choice PPO group 039993,2026-05-30,49505,institutional,outpatient,Inguinal hernia repair,Inpatient surgery,5907.75,3637.93,4943.85,8102,11100.34,2793.27,11100.34,6518.934081632651,2326.546590023433,49,78,.35689065,3.9739587,3.0512791,1.6388037
Blue Essentials,2026-05-30,49505,institutional,outpatient,Inguinal hernia repair,Inpatient surgery,3451.37,1846.93,2633.24,5484.71,7773.35,738,16826.5,4373.987124773962,2601.740035799245,553,822,.59482116,22.800135,4.2087951,2.082875
Blue Essentials common,2026-05-30,49505,institutional,outpatient,Inguinal hernia repair,Inpatient surgery,3457.825,1846.93,2633.24,5494.12,7773.35,738,16826.5,4376.903442028986,2603.195054990739,552,821,.59475726,22.800135,4.2087951,2.0864487
Blue Essentials group 295430,2026-05-30,49505,institutional,outpatient,Inguinal hernia repair,Inpatient surgery,2764.18,2764.18,2764.18,2764.18,2764.18,2764.18,2764.18,2764.18,,1,1,,1,1,1
Blue Essentials group 295781,2026-05-30,49505,institutional,outpatient,Inguinal hernia repair,Inpatient surgery,2764.18,2764.18,2764.18,2764.18,2764.18,2764.18,2764.18,2764.18,,1,1,,1,1,1
Blue Premier,2026-05-30,49505,institutional,outpatient,Inguinal hernia repair,Inpatient surgery,3109.34,1702.15,2140.79,4508.54,5428,1378.54,16826.5,3436.190833333339,1844.243942167024,216,302,.53671175,12.20603,3.1889081,2.1060169
MyBlue Health HMO,2026-05-30,49505,institutional,outpatient,Inguinal hernia repair,Inpatient surgery,3016.06,1629.41,2059.7,3575.74,5410.25,1378.54,9110.370000000001,3248.481105990784,1510.492068855278,217,320,.46498409,6.6087093,3.3203735,1.7360489
ParPlan,2026-05-30,49505,institutional,outpatient,Inguinal hernia repair,Inpatient surgery,3447.95,1920.38,2432.72,5969.93,12081.31,814,25981.65,5352.439581497792,4883.775863935641,454,652,.91243923,31.918489,6.2911038,2.4540145
Blue Advantage HMO,2026-05-30,49505,professional,outpatient,Inguinal hernia repair,Inpatient surgery,430.05,295.2,386.7,497.01,568.9,155.8,2981.29,462.4837029702985,197.2895127045555,1515,24940,.42658696,19.135366,1.927168,1.2852598
Blue Choice PPO,2026-05-30,49505,professional,outpatient,Inguinal hernia repair,Inpatient surgery,578.34,315.7,433.09,708.61,833.66,155.8,3220.86,614.9328950542825,302.4407277085681,1658,33538,.49182722,20.673042,2.6406715,1.6361727
Blue Choice PPO common,2026-05-30,49505,professional,outpatient,Inguinal hernia repair,Inpatient surgery,574.0700000000001,315.7,433.09,708.61,833.66,155.8,3220.86,614.8418731117828,302.7265711670582,1655,33521,.49236491,20.673042,2.6406715,1.6361727
Blue Choice PPO group 039993,2026-05-30,49505,professional,outpatient,Inguinal hernia repair,Inpatient surgery,570.615,295.2,503.7,675.38,687.88,225.5,809.27,560.2722222222221,145.8780494940312,18,22,.26036996,3.5887804,2.3302169,1.3408378
Blue Essentials,2026-05-30,49505,professional,outpatient,Inguinal hernia repair,Inpatient surgery,518.93,282.9,433.09,659.5700000000001,789.83,155.8,3220.86,578.9865309841972,297.7456509175228,1646,27392,.51425314,20.673042,2.7919052,1.5229398
Blue Essentials common,2026-05-30,49505,professional,outpatient,Inguinal hernia repair,Inpatient surgery,518.93,282.9,433.09,659.5700000000001,789.83,155.8,3220.86,578.8721850273821,297.9984881276129,1643,27381,.51479149,20.673042,2.7919052,1.5229398
Blue Essentials group 295430,2026-05-30,49505,professional,outpatient,Inguinal hernia repair,Inpatient surgery,574.0700000000001,501.45,501.45,609.39,675.38,225.5,675.38,542.8245454545454,123.1245479474858,11,11,.226822,2.9950333,1.3468541,1.2152557
Blue Essentials group 295781,2026-05-30,49505,professional,outpatient,Inguinal hernia repair,Inpatient surgery,574.0700000000001,501.45,501.45,609.39,675.38,225.5,675.38,542.8245454545454,123.1245479474858,11,11,.226822,2.9950333,1.3468541,1.2152557
Blue Premier,2026-05-30,49505,professional,outpatient,Inguinal hernia repair,Inpatient surgery,508.96,282.9,433.09,619.6,775.96,180.4,3220.86,569.9260752056421,352.58597813348,851,12008,.61865211,17.853991,2.7428772,1.4306495
MyBlue Health HMO,2026-05-30,49505,professional,outpatient,Inguinal hernia repair,Inpatient surgery,412.7,303.4,386.7,481.07,505.94,192.7,2981.29,447.8384672619066,221.0590509718479,672,11302,.49361336,15.471147,1.6675676,1.2440393
ParPlan,2026-05-30,49505,professional,outpatient,Inguinal hernia repair,Inpatient surgery,613.37,328,433.09,708.61,833.66,164,3220.86,598.9482983345403,240.294973554547,1381,31660,.40119484,19.639391,2.5416462,1.6361727
Blue Advantage HMO,2026-05-30,47562,institutional,outpatient,Laparoscopic cholecystectomy,Inpatient surgery,4447.15,2570.19,3427.27,6283.82,9474.07,1013,24642.85,5338.41089219331,3187.657991701382,538,776,.59711736,24.326605,3.686136,1.8334768
Blue Choice PPO,2026-05-30,47562,institutional,outpatient,Laparoscopic cholecystectomy,Inpatient surgery,5897.13,3111.28,4302,9280.719999999999,14004.02,1013,25944.57,7367.584331641295,4406.421496827166,591,940,.59808224,25.611618,4.5010476,2.1573036
Blue Choice PPO common,2026-05-30,47562,institutional,outpatient,Laparoscopic cholecystectomy,Inpatient surgery,5553.84,3019.26,4080.08,8976.780000000001,13196.03,1013,25944.57,7094.575606617655,4336.299643840845,544,870,.61121339,25.611618,4.3706174,2.2001481
Blue Choice PPO group 039993,2026-05-30,47562,institutional,outpatient,Laparoscopic cholecystectomy,Inpatient surgery,9449.904999999999,5655.44,7661.43,14275,17256.34,3916.88,17256.34,10642.52354166667,4035.63421161737,48,74,.379199,4.4056339,3.0512817,1.8632292
Blue Essentials,2026-05-30,47562,institutional,outpatient,Laparoscopic cholecystectomy,Inpatient surgery,5365.42,2867.79,3977.03,8313.98,12325.96,1013,25944.57,6735.478708551496,4059.800582889482,573,849,.60274863,25.611618,4.2980695,2.0904996
Blue Essentials common,2026-05-30,47562,institutional,outpatient,Laparoscopic cholecystectomy,Inpatient surgery,5365.42,2867.79,3977.03,8313.98,12325.96,1013,25944.57,6740.477657342671,4061.588584998997,572,848,.6025669,25.611618,4.2980695,2.0904996
Blue Essentials group 295430,2026-05-30,47562,institutional,outpatient,Laparoscopic cholecystectomy,Inpatient surgery,3876.08,3876.08,3876.08,3876.08,3876.08,3876.08,3876.08,3876.08,,1,1,,1,1,1
Blue Essentials group 295781,2026-05-30,47562,institutional,outpatient,Laparoscopic cholecystectomy,Inpatient surgery,3876.08,3876.08,3876.08,3876.08,3876.08,3876.08,3876.08,3876.08,,1,1,,1,1,1
Blue Premier,2026-05-30,47562,institutional,outpatient,Laparoscopic cholecystectomy,Inpatient surgery,4833.71,2867.79,3508.87,7008.88,9522.41,1662,25944.57,5507.714410480352,2905.194490911884,229,322,.52747732,15.610452,3.3204699,1.997475
MyBlue Health HMO,2026-05-30,47562,institutional,outpatient,Laparoscopic cholecystectomy,Inpatient surgery,4688.7,2427.65,3431.93,5558.77,8410.66,2060.44,14162.77,5026.557702702703,2336.137831435451,222,333,.46475899,6.8736629,3.4645274,1.6197213
ParPlan,2026-05-30,47562,institutional,outpatient,Laparoscopic cholecystectomy,Inpatient surgery,5206.87,2705.46,3845.475,8984.030000000001,18029.74,1013,40390.48,8055.216219008264,7420.89348256717,484,684,.92125314,39.872143,6.6642051,2.3362601
Blue Advantage HMO,2026-05-30,47562,professional,outpatient,Laparoscopic cholecystectomy,Inpatient surgery,535.0599999999999,356.87,486.66,625.47,748.64,248.5,3749.86,572.9661017811707,239.9999510356582,1965,28076,.41887286,15.08998,2.0977948,1.2852299
Blue Choice PPO,2026-05-30,47562,professional,outpatient,Laparoscopic cholecystectomy,Inpatient surgery,661.24,360.28,504.1,873.18,1038.11,255.6,4051.2,720.5644739382278,365.7087840116068,2072,37323,.50753099,15.849765,2.8813977,1.7321563
Blue Choice PPO common,2026-05-30,47562,professional,outpatient,Laparoscopic cholecystectomy,Inpatient surgery,661.24,360.28,504.1,873.18,1047.53,255.6,4051.2,720.3955485741945,365.9671874142252,2069,37307,.50800866,15.849765,2.9075441,1.7321563
Blue Choice PPO group 039993,2026-05-30,47562,professional,outpatient,Laparoscopic cholecystectomy,Inpatient surgery,693.8099999999999,390.5,545.03,839.71,865.68,326.6,1018.45,678.9880952380953,183.5266076518347,21,25,.27029428,3.1183405,2.2168503,1.5406675
Blue Essentials,2026-05-30,47562,professional,outpatient,Laparoscopic cholecystectomy,Inpatient surgery,640.52,360.28,493.45,822.495,976.52,248.5,4051.2,684.8303846153904,359.1772179827925,2028,30757,.52447617,16.302616,2.7104473,1.6668254
Blue Essentials common,2026-05-30,47562,professional,outpatient,Laparoscopic cholecystectomy,Inpatient surgery,640.52,360.28,489.9,820.3200000000001,976.52,248.5,4051.2,684.8151507661946,359.4692596194275,2023,30711,.52491426,16.302616,2.7104473,1.6744642
Blue Essentials group 295430,2026-05-30,47562,professional,outpatient,Laparoscopic cholecystectomy,Inpatient surgery,651.86,360.28,545.03,748.64,768.3,284,849.9400000000001,632.1339473684209,149.2805266447989,38,50,.23615332,2.9927466,2.132508,1.3735758
Blue Essentials group 295781,2026-05-30,47562,professional,outpatient,Laparoscopic cholecystectomy,Inpatient surgery,651.86,360.28,545.03,748.64,768.3,284,849.9400000000001,632.1339473684209,149.2805266447989,38,50,.23615332,2.9927466,2.132508,1.3735758
Blue Premier,2026-05-30,47562,professional,outpatient,Laparoscopic cholecystectomy,Inpatient surgery,611.015,360.28,473.62,766.89,965.6,269.8,4051.2,669.8518795620477,410.5975387799732,1096,13345,.61296767,15.015567,2.6801376,1.6192095
MyBlue Health HMO,2026-05-30,47562,professional,outpatient,Laparoscopic cholecystectomy,Inpatient surgery,514.6,369.2,486.66,608.55,715.9400000000001,262.7,3749.86,563.2976069364131,265.9601403478972,865,12202,.47214854,14.274305,1.9391657,1.2504623
ParPlan,2026-05-30,47562,professional,outpatient,Laparoscopic cholecystectomy,Inpatient surgery,661.24,360.28,497,873.18,1027.27,269.8,4051.2,703.9934139320713,302.7152653108544,1737,34987,.4299973,15.015567,2.85131,1.7569014
Blue Advantage HMO,2026-05-30,43644,institutional,outpatient,Laparoscopic gastric bypass,Inpatient surgery,1928.13,1205.97,1468.01,2643.48,6047.4,915.25,57015.79,3302.297211155379,5404.425384934422,502,725,1.6365654,62.295319,5.0145526,1.8007234
Blue Choice PPO,2026-05-30,43644,institutional,outpatient,Laparoscopic gastric bypass,Inpatient surgery,2596.41,1446.1,1810.6,4141.1,9877.24,1013,62646.76,4732.190895795253,6630.465573090576,547,1155,1.4011408,61.842804,6.8302608,2.2871423
Blue Choice PPO common,2026-05-30,43644,institutional,outpatient,Laparoscopic gastric bypass,Inpatient surgery,2519.72,1446.1,1810.6,3889.13,9125.09,1013,62646.76,4568.591510934397,6640.327327081886,503,1076,1.4534737,61.842804,6.3101377,2.1479785
Blue Choice PPO group 039993,2026-05-30,43644,institutional,outpatient,Laparoscopic gastric bypass,Inpatient surgery,3974.27,2118.4,2869.8,6463.84,18989,1828.71,20361,6957.926363636362,6524.958595345098,44,76,.93777347,11.134078,8.9638405,2.2523661
Blue Essentials,2026-05-30,43644,institutional,outpatient,Laparoscopic gastric bypass,Inpatient surgery,2355.39,1281.77,1799.82,3790.53,9465.150000000001,958.3200000000001,57015.79,4383.626415094343,6135.928491015115,530,790,1.399738,59.495564,7.3844371,2.1060605
Blue Essentials common,2026-05-30,43644,institutional,outpatient,Laparoscopic gastric bypass,Inpatient surgery,2355.39,1281.77,1810.6,3790.53,9475.26,958.3200000000001,57015.79,4388.682362948965,6140.631132085854,529,789,1.399197,59.495564,7.3923244,2.0935216
Blue Essentials group 295430,2026-05-30,43644,institutional,outpatient,Laparoscopic gastric bypass,Inpatient surgery,1709.03,1709.03,1709.03,1709.03,1709.03,1709.03,1709.03,1709.03,,1,1,,1,1,1
Blue Essentials group 295781,2026-05-30,43644,institutional,outpatient,Laparoscopic gastric bypass,Inpatient surgery,1709.03,1709.03,1709.03,1709.03,1709.03,1709.03,1709.03,1709.03,,1,1,,1,1,1
Blue Premier,2026-05-30,43644,institutional,outpatient,Laparoscopic gastric bypass,Inpatient surgery,1987.285,1259.81,1432.09,3159.5,7676.94,915.25,21292.66,3195.753725490199,3123.100967256213,204,282,.97726583,23.264311,6.0937285,2.2062161
MyBlue Health HMO,2026-05-30,43644,institutional,outpatient,Laparoscopic gastric bypass,Inpatient surgery,1829.6,1183.17,1269,2374.595,11000,905.3,57015.79,4254.316874999996,7907.054333087549,192,291,1.8585955,62.979996,9.2970581,1.8712332
ParPlan,2026-05-30,43644,institutional,outpatient,Laparoscopic gastric bypass,Inpatient surgery,2453.99,1421.32,1810.6,3766.05,9073.280000000001,814,38962.56,3837.033250564337,3938.334324957593,443,800,1.0264009,47.865551,6.3836999,2.0800011
Blue Advantage HMO,2026-05-30,43644,professional,outpatient,Laparoscopic gastric bypass,Inpatient surgery,1529.67,1270.01,1342.93,1642.74,1868.37,1027.89,9835.780000000001,1610.224602929845,654.1267441875747,1297,21799,.40623322,9.568903,1.4711459,1.2232506
Blue Choice PPO,2026-05-30,43644,professional,outpatient,Laparoscopic gastric bypass,Inpatient surgery,2059.45,1422.35,1654.26,2468.28,2737.91,1159.6,10626.19,2193.931330441085,998.9258111981221,1383,29575,.45531318,9.1636686,1.9249201,1.492075
Blue Choice PPO common,2026-05-30,43644,professional,outpatient,Laparoscopic gastric bypass,Inpatient surgery,2059.45,1422.35,1654.26,2468.28,2737.91,1159.6,10626.19,2194.679608411908,1000.123376032209,1379,29552,.45570359,9.1636686,1.9249201,1.492075
Blue Choice PPO group 039993,2026-05-30,43644,professional,outpatient,Laparoscopic gastric bypass,Inpatient surgery,1874.015,1422.35,1738.07,2218.07,2259.14,1406.12,2657.81,1947.83375,338.2671195347448,16,21,.17366324,1.890173,1.5883151,1.2761683
Blue Essentials,2026-05-30,43644,professional,outpatient,Laparoscopic gastric bypass,Inpatient surgery,1943.21,1422.35,1595.63,2204.85,2593.94,1159.6,10626.19,2070.684839416057,991.0028361485682,1370,23577,.478587,9.1636686,1.8237002,1.3818053
Blue Essentials common,2026-05-30,43644,professional,outpatient,Laparoscopic gastric bypass,Inpatient surgery,1943.21,1422.35,1595.63,2204.85,2593.94,1159.6,10626.19,2070.604776883686,992.0617518695526,1367,23567,.47911692,9.1636686,1.8237002,1.3818053
Blue Essentials group 295430,2026-05-30,43644,professional,outpatient,Laparoscopic gastric bypass,Inpatient surgery,1911.415,1646.85,1660.65,2001.34,2218.07,1646.85,2218.07,1886.95,221.2111630697391,10,10,.11723213,1.3468561,1.3468561,1.2051547
Blue Essentials group 295781,2026-05-30,43644,professional,outpatient,Laparoscopic gastric bypass,Inpatient surgery,1911.415,1646.85,1660.65,2001.34,2218.07,1646.85,2218.07,1886.95,221.2111630697391,10,10,.11723213,1.3468561,1.3468561,1.2051547
Blue Premier,2026-05-30,43644,professional,outpatient,Laparoscopic gastric bypass,Inpatient surgery,1701.14,1422.35,1422.35,2166.14,2593.94,1235.98,10626.19,2051.50217765043,1223.115374219366,698,10535,.59620476,8.5973806,1.8237002,1.5229304
MyBlue Health HMO,2026-05-30,43644,professional,outpatient,Laparoscopic gastric bypass,Inpatient surgery,1387.43,1270.01,1270.01,1588.12,1661.59,1027.89,9835.780000000001,1548.190699300701,737.8977549927404,572,10283,.47661942,9.568903,1.3083283,1.2504784
ParPlan,2026-05-30,43644,professional,outpatient,Laparoscopic gastric bypass,Inpatient surgery,2059.45,1422.35,1654.26,2468.28,2737.91,1235.98,10626.19,2124.887357203763,742.0887219527691,1173,28387,.34923673,8.5973806,1.9249201,1.492075
Blue Advantage HMO,2026-05-30,58571,institutional,outpatient,Laparoscopic total hysterectomy,Inpatient surgery,7067.01,3670.8,5357.96,10633.59,16489.7,1013,41698.86,8826.885741811166,5684.740638374242,519,749,.64402562,41.163731,4.4921269,1.984634
Blue Choice PPO,2026-05-30,58571,institutional,outpatient,Laparoscopic total hysterectomy,Inpatient surgery,9843.34,4424.63,6555,16153.17,23556.71,1013,43901.53,12295.7480869565,7727.345756399279,575,915,.62845671,43.338135,5.3239956,2.4642518
Blue Choice PPO common,2026-05-30,58571,institutional,outpatient,Laparoscopic total hysterectomy,Inpatient surgery,9254.42,4358.94,6423.9,15791.41,22967.79,1013,43901.53,11908.21321292773,7745.912119971807,526,838,.65046805,43.338135,5.2691226,2.4582279
Blue Choice PPO group 039993,2026-05-30,58571,institutional,outpatient,Laparoscopic total hysterectomy,Inpatient surgery,14275,9843.34,13376.84,18424.71,30034.8,6292.8,30034.8,16455.81632653061,6204.937559879461,49,72,.37706652,4.7728834,3.0512815,1.3773589
Blue Essentials,2026-05-30,58571,institutional,outpatient,Laparoscopic total hysterectomy,Inpatient surgery,9254.42,4157,6039.05,14302.29,20948.64,1013,43901.53,11189.46808318262,7078.532795692828,553,821,.63260674,43.338135,5.0393648,2.3683014
Blue Essentials common,2026-05-30,58571,institutional,outpatient,Laparoscopic total hysterectomy,Inpatient surgery,9254.42,4157,6039.05,14344.355,20948.64,1013,43901.53,11198.45760869563,7081.793024264167,552,820,.63239002,43.338135,5.0393648,2.3752668
Blue Essentials group 295430,2026-05-30,58571,institutional,outpatient,Laparoscopic total hysterectomy,Inpatient surgery,6227.25,6227.25,6227.25,6227.25,6227.25,6227.25,6227.25,6227.25,,1,1,,1,1,1
Blue Essentials group 295781,2026-05-30,58571,institutional,outpatient,Laparoscopic total hysterectomy,Inpatient surgery,6227.25,6227.25,6227.25,6227.25,6227.25,6227.25,6227.25,6227.25,,1,1,,1,1,1
Blue Premier,2026-05-30,58571,institutional,outpatient,Laparoscopic total hysterectomy,Inpatient surgery,8413.110000000001,4164,5312.55,10348.13,14302.29,2395.55,43901.53,8899.947037037038,5005.743464971943,216,302,.56244642,18.326284,3.4347479,1.947865
MyBlue Health HMO,2026-05-30,58571,institutional,outpatient,Laparoscopic total hysterectomy,Inpatient surgery,8076.59,3900.22,5766.61,9675.08,14638.81,2252.23,24650.41,8593.012350230418,4217.497655362638,217,320,.49080551,10.94489,3.7533293,1.677776
ParPlan,2026-05-30,58571,institutional,outpatient,Laparoscopic total hysterectomy,Inpatient surgery,8506.870000000001,4326.3,5993.64,16153.17,31633.29,1013,70299.95,13803.22553846153,13426.49044982268,455,651,.97270674,69.397781,7.3118577,2.6950517
Blue Advantage HMO,2026-05-30,58571,professional,outpatient,Laparoscopic total hysterectomy,Inpatient surgery,738.6900000000001,427,664.24,833.99,977.1900000000001,231.8,5161.74,782.6434709066248,360.3298780043025,1478,21654,.46040106,22.268076,2.2885013,1.2555553
Blue Choice PPO,2026-05-30,58571,professional,outpatient,Laparoscopic total hysterectomy,Inpatient surgery,974.21,463.6,743.91,1217.18,1431.97,231.8,5576.54,1042.486396063951,549.9745433203999,1626,29530,.52756041,24.05755,3.088805,1.6361926
Blue Choice PPO common,2026-05-30,58571,professional,outpatient,Laparoscopic total hysterectomy,Inpatient surgery,974.21,463.6,743.91,1217.18,1431.97,231.8,5576.54,1042.264996923067,550.1841682025921,1625,29509,.52787358,24.05755,3.088805,1.6361926
Blue Choice PPO group 039993,2026-05-30,58571,professional,outpatient,Laparoscopic total hysterectomy,Inpatient surgery,960.595,335.5,743.91,1146.13,1217.18,335.5,1390.08,908.7472222222221,297.301274364724,18,25,.32715508,4.1433086,3.6279583,1.5406836
Blue Essentials,2026-05-30,58571,professional,outpatient,Laparoscopic total hysterectomy,Inpatient surgery,889.73,402.6,743.91,1132.93,1356.68,231.8,5576.54,979.774360573924,539.1768089636575,1603,23467,.5503071,24.05755,3.3697963,1.5229396
Blue Essentials common,2026-05-30,58571,professional,outpatient,Laparoscopic total hysterectomy,Inpatient surgery,889.73,402.6,743.91,1132.93,1356.68,231.8,5576.54,979.6577951280452,539.4948204900351,1601,23461,.55069721,24.05755,3.3697963,1.5229396
Blue Essentials group 295430,2026-05-30,58571,professional,outpatient,Laparoscopic total hysterectomy,Inpatient surgery,937.905,335.5,861.33,1046.74,1160.09,335.5,1160.09,879.9116666666667,287.8989569565452,6,6,.32719076,3.4577944,3.4577944,1.2152601
Blue Essentials group 295781,2026-05-30,58571,professional,outpatient,Laparoscopic total hysterectomy,Inpatient surgery,937.905,335.5,861.33,1046.74,1160.09,335.5,1160.09,879.9116666666667,287.8989569565452,6,6,.32719076,3.4577944,3.4577944,1.2152601
Blue Premier,2026-05-30,58571,professional,outpatient,Laparoscopic total hysterectomy,Inpatient surgery,868.55,420.9,743.91,1048.65,1332.86,268.4,5576.54,960.5151547619049,629.7526663257829,840,10733,.65564054,20.776974,3.1666903,1.4096463
MyBlue Health HMO,2026-05-30,58571,professional,outpatient,Laparoscopic total hysterectomy,Inpatient surgery,702.38,439.2,664.24,826.33,869.04,286.7,5161.74,752.6323600605133,390.528255200022,661,10236,.51888317,18.003977,1.9786885,1.2440232
ParPlan,2026-05-30,58571,professional,outpatient,Laparoscopic total hysterectomy,Inpatient surgery,974.21,484.95,743.91,1217.18,1431.97,244,5576.54,1014.003422222218,442.6534803642335,1350,28541,.43654042,22.854671,2.9528198,1.6361926
Blue Advantage HMO,2026-05-30,22612,institutional,outpatient,Lumbar spinal fusion posterior,Inpatient surgery,12451.19,5579.19,8335.6,17756.28,25408.53,1013,68667.10000000001,14674.13171539962,9653.106230681808,513,734,.65783149,67.785881,4.5541611,2.1301742
Blue Choice PPO,2026-05-30,22612,institutional,outpatient,Lumbar spinal fusion posterior,Inpatient surgery,17137.02,6575.47,10596.1,23991.32,35430.22,1013,83066.96000000001,19218.73356630827,11899.36644024543,558,892,.61915457,82.000946,5.3882413,2.2641652
Blue Choice PPO common,2026-05-30,22612,institutional,outpatient,Lumbar spinal fusion posterior,Inpatient surgery,16309.825,6575.47,10122.92,23991.32,33619.505,1013,83066.96000000001,19013.69739215689,12251.52518157085,510,811,.64435261,82.000946,5.1128674,2.3699999
Blue Choice PPO group 039993,2026-05-30,22612,institutional,outpatient,Lumbar spinal fusion posterior,Inpatient surgery,19636.17,13923.83,15500.96,24336.955,42485.53,12019.72,42485.53,22319.54791666667,9203.867294851558,48,76,.412368,3.5346522,3.0512819,1.5700289
Blue Essentials,2026-05-30,22612,institutional,outpatient,Lumbar spinal fusion posterior,Inpatient surgery,15092.84,5828.26,10115.6,21659.29,30108.8,1013,75569.50999999999,17424.64390825686,10639.24246935905,545,799,.61058593,74.599716,5.1660013,2.1411769
Blue Essentials common,2026-05-30,22612,institutional,outpatient,Lumbar spinal fusion posterior,Inpatient surgery,15092.84,5828.26,10115.6,21659.29,30108.8,1013,75569.50999999999,17428.20378676469,10648.7098002499,544,798,.61100441,74.599716,5.1660013,2.1411769
Blue Essentials group 295430,2026-05-30,22612,institutional,outpatient,Lumbar spinal fusion posterior,Inpatient surgery,15488.07,15488.07,15488.07,15488.07,15488.07,15488.07,15488.07,15488.07,,1,1,,1,1,1
Blue Essentials group 295781,2026-05-30,22612,institutional,outpatient,Lumbar spinal fusion posterior,Inpatient surgery,15488.07,15488.07,15488.07,15488.07,15488.07,15488.07,15488.07,15488.07,,1,1,,1,1,1
Blue Premier,2026-05-30,22612,institutional,outpatient,Lumbar spinal fusion posterior,Inpatient surgery,14374.55,6977,9818.09,17756.28,21064.26,2535.21,58510.48,14732.39946859901,6882.591558049356,207,283,.46717384,23.079145,3.0191,1.8085269
MyBlue Health HMO,2026-05-30,22612,institutional,outpatient,Lumbar spinal fusion posterior,Inpatient surgery,14189.04,8098.34,11424.68,19279.15,25467.52,2383.54,68667.10000000001,16765.92575916228,10019.83909526765,191,294,.5976311,28.808872,3.1447828,1.6875002
ParPlan,2026-05-30,22612,institutional,outpatient,Lumbar spinal fusion posterior,Inpatient surgery,16006.455,6575.47,10042.88,23563.41,43022.41,814,99442.33,20579.56423076927,18105.2478915399,468,649,.87976831,122.16502,6.5428648,2.3462801
Blue Advantage HMO,2026-05-30,22612,professional,outpatient,Lumbar spinal fusion posterior,Inpatient surgery,1295.8,583.2,1165.21,1497.58,1714.19,307.8,9017.870000000001,1366.872558294469,653.9606731552891,1501,23837,.47843572,29.297823,2.9392834,1.2852447
Blue Choice PPO,2026-05-30,22612,professional,outpatient,Lumbar spinal fusion posterior,Inpatient surgery,1715.69,623.7,1304.98,2135.17,2511.97,307.8,9742.549999999999,1827.00620752427,993.0275461968666,1648,32196,.54352719,31.652208,4.0275292,1.6361706
Blue Choice PPO common,2026-05-30,22612,professional,outpatient,Lumbar spinal fusion posterior,Inpatient surgery,1711.815,623.7,1304.98,2135.17,2511.97,307.8,9742.549999999999,1827.129811435521,994.122798959332,1644,32206,.54408985,31.652208,4.0275292,1.6361706
Blue Choice PPO group 039993,2026-05-30,22612,professional,outpatient,Lumbar spinal fusion posterior,Inpatient surgery,1685.075,936.645,1544.355,2022.785,2072.71,445.5,2438.48,1655.9845,482.1194843656497,20,27,.29113767,5.4735804,2.2129087,1.3097928
Blue Essentials,2026-05-30,22612,professional,outpatient,Lumbar spinal fusion posterior,Inpatient surgery,1563.62,550.8,1304.98,1987.38,2379.89,307.8,9742.549999999999,1716.499373848983,972.0635641867832,1629,26093,.56630582,31.652208,4.3207879,1.5229199
Blue Essentials common,2026-05-30,22612,professional,outpatient,Lumbar spinal fusion posterior,Inpatient surgery,1563.62,550.8,1304.98,1987.38,2379.89,307.8,9742.549999999999,1716.099409594093,972.8961264949867,1626,26082,.56692296,31.652208,4.3207879,1.5229199
Blue Essentials group 295430,2026-05-30,22612,professional,outpatient,Lumbar spinal fusion posterior,Inpatient surgery,1729.78,1510.95,1510.95,1836.19,2035.03,445.5,2035.03,1614.351818181818,432.8460543846549,11,11,.26812375,4.5679684,1.3468547,1.2152553
Blue Essentials group 295781,2026-05-30,22612,professional,outpatient,Lumbar spinal fusion posterior,Inpatient surgery,1729.78,1510.95,1510.95,1836.19,2035.03,445.5,2035.03,1614.351818181818,432.8460543846549,11,11,.26812375,4.5679684,1.3468547,1.2152553
Blue Premier,2026-05-30,22612,professional,outpatient,Lumbar spinal fusion posterior,Inpatient surgery,1533.6,558.9,1304.98,1839.55,2338.1,356.4,9742.549999999999,1677.661821428566,1134.802886163472,840,11508,.67641932,27.335999,4.1833959,1.4096384
MyBlue Health HMO,2026-05-30,22612,professional,outpatient,Lumbar spinal fusion posterior,Inpatient surgery,1243.54,583.2,1165.21,1449.55,1524.47,380.7,9017.870000000001,1315.171901931645,696.7994746030547,673,10981,.52981627,23.687601,2.6139746,1.2440246
ParPlan,2026-05-30,22612,professional,outpatient,Lumbar spinal fusion posterior,Inpatient surgery,1848.19,648,1304.98,2135.17,2511.97,324,10686.68,1782.386839416057,831.0586041781488,1370,30477,.46626163,32.983582,3.876497,1.6361706
Blue Advantage HMO,2026-05-30,52601,institutional,outpatient,TURP prostate resection,Inpatient surgery,3706.03,1950.21,2884.67,5374.16,8293.98,1018,20346.1,4568.84758687259,2765.569264024285,518,748,.60531002,19.986345,4.2528653,1.8630068
Blue Choice PPO,2026-05-30,52601,institutional,outpatient,TURP prostate resection,Inpatient surgery,5099.1,2584,3609.455,8124.71,11848.54,921,21420.85,6307.226451048949,3757.829981521224,572,913,.59579754,23.258251,4.5853481,2.250952
Blue Choice PPO common,2026-05-30,52601,institutional,outpatient,TURP prostate resection,Inpatient surgery,4702.915,2350.7,3412.87,7970.255,11636.95,921,21420.85,6115.596354961833,3763.835691673511,524,832,.61544865,23.258251,4.9504189,2.3353527
Blue Choice PPO group 039993,2026-05-30,52601,institutional,outpatient,TURP prostate resection,Inpatient surgery,8178.54,4951,6707.12,9330.725,15106.88,3343.22,15106.88,8535.834375,3111.709175697296,48,76,.36454657,4.5186615,3.0512786,1.3911672
Blue Essentials,2026-05-30,52601,institutional,outpatient,TURP prostate resection,Inpatient surgery,4654.78,2439.96,3299.705,7299.545,10579.05,738,21420.85,5749.27697463768,3458.842790161676,552,820,.60161352,29.025541,4.3357472,2.2121811
Blue Essentials common,2026-05-30,52601,institutional,outpatient,TURP prostate resection,Inpatient surgery,4654.78,2439.96,3291.02,7320.7,10579.05,738,21420.85,5753.706896551723,3460.418063856339,551,819,.6014241,29.025541,4.3357472,2.2244473
Blue Essentials group 295430,2026-05-30,52601,institutional,outpatient,TURP prostate resection,Inpatient surgery,3308.39,3308.39,3308.39,3308.39,3308.39,3308.39,3308.39,3308.39,,1,1,,1,1,1
Blue Essentials group 295781,2026-05-30,52601,institutional,outpatient,TURP prostate resection,Inpatient surgery,3308.39,3308.39,3308.39,3308.39,3308.39,3308.39,3308.39,3308.39,,1,1,,1,1,1
Blue Premier,2026-05-30,52601,institutional,outpatient,TURP prostate resection,Inpatient surgery,4231.62,2471.16,2891.26,5679.344999999999,7240.5,1731,21420.85,4610.577592592595,2439.371435031602,216,302,.52908152,12.374841,2.9300005,1.9643148
MyBlue Health HMO,2026-05-30,52601,institutional,outpatient,TURP prostate resection,Inpatient surgery,4062.36,2100.49,2990.1,4866.36,7363.02,1645.51,12398.65,4406.035944700457,2064.012153671096,217,320,.46845105,7.5348372,3.5053821,1.6274908
ParPlan,2026-05-30,52601,institutional,outpatient,TURP prostate resection,Inpatient surgery,4508.33,2298.46,3261.93,8124.71,15750.63,814,35359.42,7061.19140969163,6658.318414075935,454,650,.94294548,43.439091,6.8526883,2.4907677
Blue Advantage HMO,2026-05-30,52601,professional,outpatient,TURP prostate resection,Inpatient surgery,638.75,530.3200000000001,560.77,685.97,780.18,450.78,4072.46,678.7997882352905,277.4028464678183,1275,21513,.40866667,9.0342522,1.4711494,1.2232645
Blue Choice PPO,2026-05-30,52601,professional,outpatient,TURP prostate resection,Inpatient surgery,876.8,593.9400000000001,706.3,1050,1143.28,504.85,4399.73,931.0885608856086,430.5339191487566,1355,29225,.46239847,8.7149248,1.9249083,1.4866204
Blue Choice PPO common,2026-05-30,52601,professional,outpatient,TURP prostate resection,Inpatient surgery,876.8,593.9400000000001,706.3,1050,1143.28,504.85,4399.73,930.9493722304278,430.7727299573638,1354,29208,.46272412,8.7149248,1.9249083,1.4866204
Blue Choice PPO group 039993,2026-05-30,52601,professional,outpatient,TURP prostate resection,Inpatient surgery,782.54,593.9400000000001,720.5700000000001,926.21,943.36,587.16,1109.83,808.9435714285715,146.09503532907,14,18,.18059978,1.8901663,1.5883086,1.2853851
Blue Essentials,2026-05-30,52601,professional,outpatient,TURP prostate resection,Inpatient surgery,815.8200000000001,593.9400000000001,666.29,920.6900000000001,1083.16,486.82,4399.73,880.0107738542374,431.53979872282,1331,23163,.49038014,9.037694,1.8236859,1.3818157
Blue Essentials common,2026-05-30,52601,professional,outpatient,TURP prostate resection,Inpatient surgery,815.8200000000001,593.9400000000001,666.29,920.6900000000001,1083.16,486.82,4399.73,880.0110240963783,432.0161000038669,1328,23155,.49092123,9.037694,1.8236859,1.3818157
Blue Essentials group 295430,2026-05-30,52601,professional,outpatient,TURP prostate resection,Inpatient surgery,812.4300000000001,693.4400000000001,748.8150000000001,880.96,926.21,693.4400000000001,926.21,813.0075000000001,85.91151623285771,8,8,.10567125,1.3356743,1.3356743,1.1764722
Blue Essentials group 295781,2026-05-30,52601,professional,outpatient,TURP prostate resection,Inpatient surgery,812.4300000000001,693.4400000000001,748.8150000000001,880.96,926.21,693.4400000000001,926.21,813.0075000000001,85.91151623285769,8,8,.10567125,1.3356743,1.3356743,1.1764722
Blue Premier,2026-05-30,52601,professional,outpatient,TURP prostate resection,Inpatient surgery,711.65,593.9400000000001,593.9400000000001,904.52,1083.16,566.35,4399.73,873.1820974889193,533.6219109646548,677,10363,.61112326,7.7685709,1.8236859,1.5229148
MyBlue Health HMO,2026-05-30,52601,professional,outpatient,TURP prostate resection,Inpatient surgery,579.36,530.3200000000001,530.3200000000001,663.16,728.71,450.78,4072.46,651.8441428571446,311.531573401634,560,10170,.47792339,9.0342522,1.3740948,1.2504903
ParPlan,2026-05-30,52601,professional,outpatient,TURP prostate resection,Inpatient surgery,859.97,593.9400000000001,690.78,1030.69,1143.28,587.16,4399.73,897.1233217088011,315.7506534970412,1147,27988,.35195902,7.4932384,1.9249083,1.492067
Blue Advantage HMO,2026-05-30,27130,institutional,outpatient,Total hip arthroplasty,Inpatient surgery,10800,1236.85,3782.11,16660.99,24991.49,861.53,68667.10000000001,12432.93300781251,10288.93494304905,512,734,.82755494,79.703667,20.205757,4.4052105
Blue Choice PPO,2026-05-30,27130,institutional,outpatient,Total hip arthroplasty,Inpatient surgery,13845.21,1515.27,5902.68,22849.36,32973.71,1003.45,83066.96000000001,16445.66445454547,12866.14382376512,550,888,.78234261,82.781364,21.760946,3.8710146
Blue Choice PPO common,2026-05-30,27130,institutional,outpatient,Total hip arthroplasty,Inpatient surgery,13090.78,1405.4,4484,22849.36,32726.95,1003.45,83066.96000000001,15802.47089641434,13022.32952555246,502,818,.8240692,82.781364,23.286573,5.0957537
Blue Choice PPO group 039993,2026-05-30,27130,institutional,outpatient,Total hip arthroplasty,Inpatient surgery,20177.095,13923.83,18770.56,24336.955,42485.53,12019.72,42485.53,23123.93333333333,8697.690115075267,48,74,.37613368,3.5346522,3.0512819,1.2965492
Blue Essentials,2026-05-30,27130,institutional,outpatient,Total hip arthroplasty,Inpatient surgery,12793.265,1428.88,5629,21421.28,28680.71,950.64,75569.50999999999,14781.50441176468,11362.19741489465,544,799,.76867664,79.493301,20.072161,3.8055215
Blue Essentials common,2026-05-30,27130,institutional,outpatient,Total hip arthroplasty,Inpatient surgery,12733.76,1428.88,5629,21421.28,28680.71,950.64,75569.50999999999,14773.53340699813,11371.15179987331,543,798,.76969749,79.493301,20.072161,3.8055215
Blue Essentials group 295430,2026-05-30,27130,institutional,outpatient,Total hip arthroplasty,Inpatient surgery,19109.76,19109.76,19109.76,19109.76,19109.76,19109.76,19109.76,19109.76,,1,1,,1,1,1
Blue Essentials group 295781,2026-05-30,27130,institutional,outpatient,Total hip arthroplasty,Inpatient surgery,19109.76,19109.76,19109.76,19109.76,19109.76,19109.76,19109.76,19109.76,,1,1,,1,1,1
Blue Premier,2026-05-30,27130,institutional,outpatient,Total hip arthroplasty,Inpatient surgery,12391.85,1638.77,9255.639999999999,17735.86,21421.28,998.01,36178.16,12862.32165048543,7240.300451722962,206,284,.56290776,36.250298,13.07156,1.9162219
MyBlue Health HMO,2026-05-30,27130,institutional,outpatient,Total hip arthroplasty,Inpatient surgery,12539.82,5950.35,9992.030000000001,19279.15,29851.2,921.24,68667.10000000001,15733.48670157066,11288.64938251718,191,294,.71749192,74.537689,5.0167131,1.9294528
ParPlan,2026-05-30,27130,institutional,outpatient,Total hip arthroplasty,Inpatient surgery,12539.82,1219.18,2104.545,22183.795,33321.99,814,99442.33,17073.48241304348,19073.7374442585,460,649,1.1171557,122.16502,27.331476,10.540898
Blue Advantage HMO,2026-05-30,27130,professional,outpatient,Total hip arthroplasty,Inpatient surgery,1137.54,944.4400000000001,975.84,1221.62,1389.41,764.39,7285.27,1200.887562408216,499.7946700705591,1362,22995,.41618773,9.5308285,1.4711469,1.251865
Blue Choice PPO,2026-05-30,27130,professional,outpatient,Total hip arthroplasty,Inpatient surgery,1531.51,1057.73,1230.19,1835.53,2036.04,862.34,7870.72,1638.148506849309,779.2440933014952,1460,31129,.47568586,9.1271658,1.9249147,1.4920703
Blue Choice PPO common,2026-05-30,27130,professional,outpatient,Total hip arthroplasty,Inpatient surgery,1531.51,1057.73,1230.19,1835.53,2036.04,862.34,7870.72,1638.78241924398,780.4021420751573,1455,31113,.47620851,9.1271658,1.9249147,1.4920703
Blue Choice PPO group 039993,2026-05-30,27130,professional,outpatient,Total hip arthroplasty,Inpatient surgery,1455.875,1230.19,1314.52,1649.46,1680,1045.66,1976.48,1476.751875,229.1201850621561,16,19,.15515144,1.8901746,1.3656427,1.2548002
Blue Essentials,2026-05-30,27130,professional,outpatient,Total hip arthroplasty,Inpatient surgery,1440.8,1057.73,1186.59,1639.63,1928.98,862.34,7870.72,1537.934151074156,763.049360140241,1443,25051,.49615216,9.1271658,1.8236979,1.3817999
Blue Essentials common,2026-05-30,27130,professional,outpatient,Total hip arthroplasty,Inpatient surgery,1440.8,1057.73,1186.59,1639.63,1928.98,862.34,7870.72,1537.873625000005,763.8246224844191,1440,25041,.49667582,9.1271658,1.8236979,1.3817999
Blue Essentials group 295430,2026-05-30,27130,professional,outpatient,Total hip arthroplasty,Inpatient surgery,1421.42,1224.68,1234.94,1488.29,1649.46,1224.68,1649.46,1403.227,164.501307461876,10,10,.11723072,1.3468498,1.3468498,1.2051517
Blue Essentials group 295781,2026-05-30,27130,professional,outpatient,Total hip arthroplasty,Inpatient surgery,1421.42,1224.68,1234.94,1488.29,1649.46,1224.68,1649.46,1403.227,164.501307461876,10,10,.11723072,1.3468498,1.3468498,1.2051517
Blue Premier,2026-05-30,27130,professional,outpatient,Total hip arthroplasty,Inpatient surgery,1265.05,1056.58,1057.73,1610.85,1928.98,919.14,7870.72,1518.614758713138,932.3523068596907,746,11133,.61394918,8.5631351,1.8256829,1.5229312
MyBlue Health HMO,2026-05-30,27130,professional,outpatient,Total hip arthroplasty,Inpatient surgery,1007.94,944.4400000000001,944.4400000000001,1181,1255.43,764.39,7285.27,1151.402113821136,552.6833582864566,615,10713,.48000899,9.5308285,1.329285,1.2504765
ParPlan,2026-05-30,27130,professional,outpatient,Total hip arthroplasty,Inpatient surgery,1531.51,1057.73,1069.15,1835.53,2036.04,919.14,7870.72,1577.241427425821,572.209977275076,1247,29768,.36279163,8.5631351,1.9249147,1.7168124
Blue Advantage HMO,2026-05-30,27447,institutional,outpatient,Total knee arthroplasty,Inpatient surgery,11900.71,1428.15,7895.88,17375.04,25408.53,861.1,68667.10000000001,13198.49355599213,10427.69795158962,509,733,.79006726,79.743469,17.79122,2.2005198
Blue Choice PPO,2026-05-30,27447,institutional,outpatient,Total knee arthroplasty,Inpatient surgery,14875.89,1652.37,10122.92,23444.4,33917.02,1013,83066.96000000001,17635.74852459018,12984.35806286641,549,890,.73625219,82.000946,20.526287,2.3159721
Blue Choice PPO common,2026-05-30,27447,institutional,outpatient,Total knee arthroplasty,Inpatient surgery,13845.21,1541.51,10122.92,23444.4,33202.98,1013,83066.96000000001,17117.87205588823,13210.93501587266,501,810,.77176267,82.000946,21.539257,2.3159721
Blue Choice PPO group 039993,2026-05-30,27447,institutional,outpatient,Total knee arthroplasty,Inpatient surgery,19993.19,13923.83,18738,24753.48,42485.53,12019.72,42485.53,23132.63914893617,8808.520680001646,47,74,.3807832,3.5346522,3.0512819,1.3210311
Blue Essentials,2026-05-30,27447,institutional,outpatient,Total knee arthroplasty,Inpatient surgery,13261.03,1543.15,9255.639999999999,21421.28,29513.76,997.51,75569.50999999999,15886.79926335174,11596.46830875475,543,797,.72994363,75.758148,19.125658,2.3144028
Blue Essentials common,2026-05-30,27447,institutional,outpatient,Total knee arthroplasty,Inpatient surgery,13235.41,1543.15,9255.639999999999,21421.28,29513.76,997.51,75569.50999999999,15887.53492619925,11607.16830139684,542,796,.73058331,75.758148,19.125658,2.3144028
Blue Essentials group 295430,2026-05-30,27447,institutional,outpatient,Total knee arthroplasty,Inpatient surgery,15488.07,15488.07,15488.07,15488.07,15488.07,15488.07,15488.07,15488.07,,1,1,,1,1,1
Blue Essentials group 295781,2026-05-30,27447,institutional,outpatient,Total knee arthroplasty,Inpatient surgery,15488.07,15488.07,15488.07,15488.07,15488.07,15488.07,15488.07,15488.07,,1,1,,1,1,1
Blue Premier,2026-05-30,27447,institutional,outpatient,Total knee arthroplasty,Inpatient surgery,12391.85,2100.47,9150,17256.03,21064.26,997.51,58510.48,13046.24228155339,7605.542383350358,206,284,.58296806,58.656536,10.028356,1.8859049
MyBlue Health HMO,2026-05-30,27447,institutional,outpatient,Total knee arthroplasty,Inpatient surgery,12495.75,7266.83,9332.129999999999,19279.15,25408.53,920.78,68667.10000000001,15232.34910994762,10754.99052573445,191,294,.7060625,74.574928,3.4965081,2.0658896
ParPlan,2026-05-30,27447,institutional,outpatient,Total knee arthroplasty,Inpatient surgery,13845.21,1219.18,4901.09,22849.36,43022.41,814,99442.33,18673.20359477126,19214.27505851712,459,647,1.0289758,122.16502,35.287987,4.6620975
Blue Advantage HMO,2026-05-30,27447,professional,outpatient,Total knee arthroplasty,Inpatient surgery,1048.94,369.2,943.23,1220.05,1486.38,248.5,7277.68,1075.46591084204,553.1343958055667,1817,24930,.51432073,29.286438,4.025948,1.2934809
Blue Choice PPO,2026-05-30,27447,professional,outpatient,Total knee arthroplasty,Inpatient surgery,1300.11,383.4,1044.32,1711.62,2033.42,255.6,7862.52,1372.771630833774,849.4657031210404,1907,33404,.61879605,30.761032,5.3036513,1.6389804
Blue Choice PPO common,2026-05-30,27447,professional,outpatient,Total knee arthroplasty,Inpatient surgery,1300.11,390.5,1044.32,1715.4,2033.42,255.6,7862.52,1373.018370993173,849.9731496206227,1903,33400,.61905444,30.761032,5.2072215,1.6425999
Blue Choice PPO group 039993,2026-05-30,27447,professional,outpatient,Total knee arthroplasty,Inpatient surgery,1391.815,390.5,1281.6,1647.35,1677.85,326.6,1973.94,1350.823333333333,420.2823186299195,18,21,.31113049,6.0439067,4.2966709,1.2853855
Blue Essentials,2026-05-30,27447,professional,outpatient,Total knee arthroplasty,Inpatient surgery,1250.87,369.2,1007.3,1608.78,1892.68,248.5,7862.52,1295.767944325488,818.9453673678827,1868,27219,.63201547,31.639919,5.1264358,1.597121
Blue Essentials common,2026-05-30,27447,professional,outpatient,Total knee arthroplasty,Inpatient surgery,1249.21,369.2,1007.3,1608.78,1892.68,248.5,7862.52,1295.710837808814,819.8287226547263,1862,27170,.63272506,31.639919,5.1264358,1.597121
Blue Essentials group 295430,2026-05-30,27447,professional,outpatient,Total knee arthroplasty,Inpatient surgery,1263.42,390.5,1056.37,1451,1489.1,284,1647.35,1207.927567567567,356.5968112075084,37,53,.29521373,5.800528,3.8133163,1.3735718
Blue Essentials group 295781,2026-05-30,27447,professional,outpatient,Total knee arthroplasty,Inpatient surgery,1263.42,390.5,1056.37,1451,1489.1,284,1647.35,1207.927567567568,356.5968112075083,37,53,.29521373,5.800528,3.8133163,1.3735718
Blue Premier,2026-05-30,27447,professional,outpatient,Total knee arthroplasty,Inpatient surgery,1185.06,369.2,917.96,1486.38,1892.68,269.8,7862.52,1255.884855144858,933.5398397315486,1001,12151,.74333233,29.142031,5.1264358,1.6192209
MyBlue Health HMO,2026-05-30,27447,professional,outpatient,Total knee arthroplasty,Inpatient surgery,997.39,390.5,943.23,1179.48,1387.63,262.7,7277.68,1039.261794871794,575.0954438499687,819,11484,.55336916,27.703388,3.5534699,1.2504691
ParPlan,2026-05-30,27447,professional,outpatient,Total knee arthroplasty,Inpatient surgery,1300.11,390.5,1044.32,1692.39,2033.42,269.8,7862.52,1337.651186758284,694.6034954433277,1601,31772,.51927102,29.142031,5.2072215,1.6205665
Blue Advantage HMO,2026-05-30,23472,institutional,outpatient,Total shoulder arthroplasty,Inpatient surgery,2402.68,1088.01,1511.12,13214.22,26279.29,876.45,85745.89,9117.210924528315,12411.11161928731,530,767,1.3612838,97.833176,24.153538,8.7446527
Blue Choice PPO,2026-05-30,23472,institutional,outpatient,Total shoulder arthroplasty,Inpatient surgery,3522.42,1511.12,1828.46,17756.28,31755.72,1012.45,103727.27,11845.79189141857,15487.18874108884,571,932,1.3074,102.45174,21.01469,9.7110577
Blue Choice PPO common,2026-05-30,23472,institutional,outpatient,Total shoulder arthroplasty,Inpatient surgery,3522.42,1496.32,1794.58,17756.28,32396.2,1012.45,103727.27,12093.57000000001,15678.64815139079,523,851,1.296445,102.45174,21.650583,9.894393
Blue Choice PPO group 039993,2026-05-30,23472,institutional,outpatient,Total shoulder arthroplasty,Inpatient surgery,3672.02,1768.01,2402.68,18738,20361,1526.23,26154.73,7829.282444444446,8089.68762213748,45,73,1.0332605,17.136822,11.516337,7.7987914
Blue Essentials,2026-05-30,23472,institutional,outpatient,Total shoulder arthroplasty,Inpatient surgery,3116.15,1406.54,1662.23,15092.84,28807.94,846.23,94365.06,10356.90065602838,13229.0516278998,564,834,1.2773176,111.51231,20.481422,9.079875
Blue Essentials common,2026-05-30,23472,institutional,outpatient,Total shoulder arthroplasty,Inpatient surgery,3074.06,1406.54,1662.23,15092.84,28807.94,846.23,94365.06,10338.88355239788,13233.88830076267,563,833,1.2800113,111.51231,20.481422,9.079875
Blue Essentials group 295430,2026-05-30,23472,institutional,outpatient,Total shoulder arthroplasty,Inpatient surgery,20500.53,20500.53,20500.53,20500.53,20500.53,20500.53,20500.53,20500.53,,1,1,,1,1,1
Blue Essentials group 295781,2026-05-30,23472,institutional,outpatient,Total shoulder arthroplasty,Inpatient surgery,20500.53,20500.53,20500.53,20500.53,20500.53,20500.53,20500.53,20500.53,,1,1,,1,1,1
Blue Premier,2026-05-30,23472,institutional,outpatient,Total shoulder arthroplasty,Inpatient surgery,6399.594999999999,1511.12,1662.23,15092.84,19026.64,967.12,44581.92,9083.037300884958,8028.944327373018,226,320,.88394928,46.09761,12.591084,9.079875
MyBlue Health HMO,2026-05-30,23472,institutional,outpatient,Total shoulder arthroplasty,Inpatient surgery,10719.23,1299.56,1662.23,17756.28,32023.71,755.5599999999999,85745.89,13548.1307373272,15444.11798970931,217,328,1.1399446,113.48654,24.641964,10.682204
ParPlan,2026-05-30,23472,institutional,outpatient,Total shoulder arthroplasty,Inpatient surgery,3063.26,1356.91,1794.58,13519.58,25213.92,814,124175.51,10349.20766806723,18290.68810077004,476,672,1.7673515,152.54977,18.581865,7.5335622
Blue Advantage HMO,2026-05-30,23472,professional,outpatient,Total shoulder arthroplasty,Inpatient surgery,1278.08,1061.13,1122.06,1372.56,1561.08,858.83,8196.17,1349.960787644789,548.7320985227186,1295,22138,.40648001,9.5434141,1.4711487,1.2232502
Blue Choice PPO,2026-05-30,23472,professional,outpatient,Total shoulder arthroplasty,Inpatient surgery,1720.73,1188.42,1413.24,2062.32,2287.6,968.88,8854.809999999999,1850.08175108538,840.379912480949,1382,30025,.45423934,9.1392221,1.9249088,1.459285
Blue Choice PPO common,2026-05-30,23472,professional,outpatient,Total shoulder arthroplasty,Inpatient surgery,1720.73,1188.42,1413.24,2062.32,2287.6,968.88,8854.809999999999,1850.75672714078,841.3778429321459,1378,30023,.45461288,9.1392221,1.9249088,1.459285
Blue Choice PPO group 039993,2026-05-30,23472,professional,outpatient,Total shoulder arthroplasty,Inpatient surgery,1575.27,1382.18,1462.62,1853.26,1887.58,1174.86,2220.68,1656.743333333333,266.2691603747356,15,19,.16071841,1.8901657,1.3656542,1.2670823
Blue Essentials,2026-05-30,23472,professional,outpatient,Total shoulder arthroplasty,Inpatient surgery,1632.38,1188.42,1333.2,1842.22,2167.32,968.88,8854.809999999999,1738.459577259477,828.6741825084578,1372,24020,.47667152,9.1392221,1.8236986,1.3818032
Blue Essentials common,2026-05-30,23472,professional,outpatient,Total shoulder arthroplasty,Inpatient surgery,1632.38,1188.42,1333.2,1842.22,2167.32,968.88,8854.809999999999,1738.41106647188,829.5589711996574,1369,24010,.4771938,9.1392221,1.8236986,1.3818032
Blue Essentials group 295430,2026-05-30,23472,professional,outpatient,Total shoulder arthroplasty,Inpatient surgery,1597.045,1375.99,1387.52,1672.18,1853.26,1375.99,1853.26,1576.602,184.8288416526671,10,10,.1172324,1.3468558,1.3468558,1.2051574
Blue Essentials group 295781,2026-05-30,23472,professional,outpatient,Total shoulder arthroplasty,Inpatient surgery,1597.045,1375.99,1387.52,1672.18,1853.26,1375.99,1853.26,1576.602,184.8288416526671,10,10,.1172324,1.3468558,1.3468558,1.2051574
Blue Premier,2026-05-30,23472,professional,outpatient,Total shoulder arthroplasty,Inpatient surgery,1421.35,1188.42,1188.42,1809.87,2167.32,1133.22,8854.809999999999,1718.419585121601,1020.066261885438,699,10682,.59360719,7.813849,1.8236986,1.5229212
MyBlue Health HMO,2026-05-30,23472,professional,outpatient,Total shoulder arthroplasty,Inpatient surgery,1159.24,1061.13,1061.13,1326.92,1388.31,858.83,8196.17,1296.084048865623,614.5929350229154,573,10390,.4741922,9.5434141,1.3083317,1.2504783
ParPlan,2026-05-30,23472,professional,outpatient,Total shoulder arthroplasty,Inpatient surgery,1720.73,1188.42,1382.18,2062.32,2287.6,1174.86,8854.809999999999,1787.321481164378,620.6361231849161,1168,28767,.3472437,7.5369067,1.9249088,1.4920777
Blue Advantage HMO,2026-05-30,80048,institutional,outpatient,Basic metabolic panel,Lab,10.44,5.5,6.645,16.18,29.735,5.08,63.62,14.31966129032255,11.34279844755088,620,1513,.7921136,12.523623,5.4063635,2.4349134
Blue Choice PPO,2026-05-30,80048,institutional,outpatient,Basic metabolic panel,Lab,10.44,5.5,5.5,22.97,41.62,5.33,130.66,17.97062052505967,18.95392823539134,838,36662,1.0547175,24.514071,7.5672727,4.1763635
Blue Choice PPO common,2026-05-30,80048,institutional,outpatient,Basic metabolic panel,Lab,10.44,5.5,5.5,20.39,38,5.33,87.59999999999999,15.68101394169835,14.44793395856741,789,36538,.92136478,16.435272,6.909091,3.7072728
Blue Choice PPO group 039993,2026-05-30,80048,institutional,outpatient,Basic metabolic panel,Lab,43.65,25.8,34.095,61.125,126.09,8.460000000000001,130.66,55.80229166666667,36.68782082332208,48,79,.65746081,15.444445,4.8872094,1.7927848
Blue Essentials,2026-05-30,80048,institutional,outpatient,Basic metabolic panel,Lab,10.44,5.5,7.52,28.425,41.285,5.33,124.12,19.570703125,18.42384512377653,640,1621,.94139922,23.287054,7.5063639,3.7799201
Blue Essentials common,2026-05-30,80048,institutional,outpatient,Basic metabolic panel,Lab,10.44,5.5,7.52,28.425,41.285,5.33,124.12,19.570703125,18.42384512377652,640,1621,.94139922,23.287054,7.5063639,3.7799201
Blue Premier,2026-05-30,80048,institutional,outpatient,Basic metabolic panel,Lab,10.44,5.33,5.5,11.51,31.74,4.31,87.54000000000001,14.73234177215189,15.36010981556817,316,842,1.0426116,20.310905,5.9549718,2.0927272
MyBlue Health HMO,2026-05-30,80048,institutional,outpatient,Basic metabolic panel,Lab,5.67,5.5,5.67,10.44,12.69,4.15,43.76,8.474501160092831,4.436825197365277,431,6846,.52355003,10.544579,2.3072727,1.8412699
ParPlan,2026-05-30,80048,institutional,outpatient,Basic metabolic panel,Lab,9.31,5.5,5.5,22.42,41.76,3.32,84.42,16.70983402489627,16.08082164026931,723,27388,.96235675,25.427711,7.5927272,4.0763636
Blue Advantage HMO,2026-05-30,80048,professional,outpatient,Basic metabolic panel,Lab,5.67,5,5,5.95,8.460000000000001,4.31,18.85,6.110420560747664,1.769343372241236,1070,57897,.28956163,4.3735499,1.692,1.1900001
Blue Choice PPO,2026-05-30,80048,professional,outpatient,Basic metabolic panel,Lab,5.92,5.5,5.67,5.95,8.460000000000001,4.82,28.53,6.583118081180817,2.199809078613531,1084,77073,.33415914,5.9190869,1.5381818,1.0493827
Blue Choice PPO common,2026-05-30,80048,professional,outpatient,Basic metabolic panel,Lab,5.92,5.5,5.67,5.95,8.460000000000001,4.82,28.53,6.579565619223665,2.1964880925351,1082,77009,.33383483,5.9190869,1.5381818,1.0493827
Blue Choice PPO group 039993,2026-05-30,80048,professional,outpatient,Basic metabolic panel,Lab,5.92,5.5,5.585,5.92,5.95,5.5,5.95,5.787500000000001,.1984763390000358,8,9,.034293968,1.0818182,1.0818182,1.0599821
Blue Essentials,2026-05-30,80048,professional,outpatient,Basic metabolic panel,Lab,5.92,5,5.5,5.95,8.460000000000001,4.82,23.49,6.30532818532819,2.072889040521919,1036,63196,.32875198,4.8734441,1.692,1.0818182
Blue Essentials common,2026-05-30,80048,professional,outpatient,Basic metabolic panel,Lab,5.92,5,5.5,5.95,8.460000000000001,4.82,23.49,6.30532818532819,2.072889040521919,1036,63131,.32875198,4.8734441,1.692,1.0818182
Blue Essentials group 295430,2026-05-30,80048,professional,outpatient,Basic metabolic panel,Lab,5.92,5.67,5.67,5.92,5.92,5,5.92,5.785555555555557,.229583311092131,18,67,.039682154,1.184,1.0440917,1.0440917
Blue Essentials group 295781,2026-05-30,80048,professional,outpatient,Basic metabolic panel,Lab,5.92,5.67,5.67,5.92,5.92,5,5.92,5.785555555555557,.2295833110921309,18,67,.039682154,1.184,1.0440917,1.0440917
Blue Premier,2026-05-30,80048,professional,outpatient,Basic metabolic panel,Lab,5.67,5,5.5,5.95,5.95,5,18.85,6.02364498644986,1.751159761072971,738,35844,.29071429,3.77,1.1900001,1.0818182
MyBlue Health HMO,2026-05-30,80048,professional,outpatient,Basic metabolic panel,Lab,5.67,5,5,5.95,5.95,4.31,18.85,5.775453333333328,1.383070728732425,750,32974,.23947397,4.3735499,1.1900001,1.1900001
ParPlan,2026-05-30,80048,professional,outpatient,Basic metabolic panel,Lab,5.92,5.5,5.5,5.95,9.140000000000001,1.89,26.11,6.633473684210542,2.330371702243904,1045,62305,.35130489,13.814815,1.6618181,1.0818182
Blue Advantage HMO,2026-05-30,85025,institutional,outpatient,Complete blood count w diff,Lab,9.59,5.05,6.04,14.84,27.27,4.66,58.43,12.92217868338562,10.2712348077851,638,1796,.79485315,12.538627,5.4000001,2.4569535
Blue Choice PPO,2026-05-30,85025,institutional,outpatient,Complete blood count w diff,Lab,9.59,5.05,6.16,29.84,40.28,4.9,116.86,19.21106544901064,18.48094240277792,657,2121,.96199465,23.84898,7.9762378,4.8441558
Blue Choice PPO common,2026-05-30,85025,institutional,outpatient,Complete blood count w diff,Lab,9.59,5.05,6.04,24.4,37.84,4.9,78.34999999999999,16.70266447368422,14.22024893854035,608,2028,.85137606,15.989796,7.4930692,4.0397353
Blue Choice PPO group 039993,2026-05-30,85025,institutional,outpatient,Complete blood count w diff,Lab,40.09,23.7,31.315,56.14,112.78,7.77,116.86,50.67791666666667,32.56023857395562,48,75,.64249361,15.039897,4.7586498,1.7927511
Blue Essentials,2026-05-30,85025,institutional,outpatient,Complete blood count w diff,Lab,9.59,5.05,6.16,25.41,37.53,4.9,111.04,17.62115677321156,16.61422736072858,657,1903,.94285679,22.661224,7.4316831,4.125
Blue Essentials common,2026-05-30,85025,institutional,outpatient,Complete blood count w diff,Lab,9.59,5.05,6.16,25.41,37.53,4.9,111.04,17.62115677321156,16.61422736072858,657,1903,.94285679,22.661224,7.4316831,4.125
Blue Premier,2026-05-30,85025,institutional,outpatient,Complete blood count w diff,Lab,9.59,4.9,5.05,10.58,27.27,3.96,78.3,12.97395833333338,13.58297382814857,336,1076,1.0469414,19.772728,5.5653062,2.0950496
MyBlue Health HMO,2026-05-30,85025,institutional,outpatient,Complete blood count w diff,Lab,5.21,5.05,5.21,9.59,10.57,3.81,40.19,7.646696035242327,4.014440887357272,454,7685,.52499026,10.548556,2.0930693,1.840691
ParPlan,2026-05-30,85025,institutional,outpatient,Complete blood count w diff,Lab,10.58,5.05,6.04,31.08,41.41,3.05,77.52,18.46884403669723,15.99203624026103,545,1587,.86589265,25.416393,8.1999998,5.1456952
Blue Advantage HMO,2026-05-30,85025,professional,outpatient,Complete blood count w diff,Lab,5.21,5,5.05,5.47,7.77,3.96,14.21,5.643963963963972,1.288418116553987,1110,68907,.22828248,3.5883839,1.554,1.0831683
Blue Choice PPO,2026-05-30,85025,professional,outpatient,Complete blood count w diff,Lab,5.47,5.05,5.21,5.5,7.65,4.43,26.21,6.037016806722671,1.836311692088094,1190,92101,.30417535,5.9164786,1.5148515,1.0556622
Blue Choice PPO common,2026-05-30,85025,professional,outpatient,Complete blood count w diff,Lab,5.47,5.05,5.21,5.5,7.65,4.43,26.21,6.037016806722671,1.836311692088094,1190,91941,.30417535,5.9164786,1.5148515,1.0556622
Blue Choice PPO group 039993,2026-05-30,85025,professional,outpatient,Complete blood count w diff,Lab,5.44,5.21,5.44,5.484999999999999,5.5,5.21,5.5,5.43,.0927361849549571,8,9,.017078487,1.0556622,1.0556622,1.0082721
Blue Essentials,2026-05-30,85025,professional,outpatient,Complete blood count w diff,Lab,5.44,5,5.05,5.47,7.77,4.43,21.58,5.819678604224062,1.615547902504375,1089,75576,.27760088,4.8713317,1.554,1.0831683
Blue Essentials common,2026-05-30,85025,professional,outpatient,Complete blood count w diff,Lab,5.44,5,5.05,5.47,7.77,4.43,21.58,5.819678604224061,1.615547902504375,1089,75510,.27760088,4.8713317,1.554,1.0831683
Blue Essentials group 295430,2026-05-30,85025,professional,outpatient,Complete blood count w diff,Lab,5.44,5.21,5.21,5.44,5.44,5,5.44,5.338888888888888,.138686650143785,18,68,.025976688,1.0880001,1.0441458,1.0441458
Blue Essentials group 295781,2026-05-30,85025,professional,outpatient,Complete blood count w diff,Lab,5.44,5.21,5.21,5.44,5.44,5,5.44,5.338888888888888,.138686650143785,18,68,.025976688,1.0880001,1.0441458,1.0441458
Blue Premier,2026-05-30,85025,professional,outpatient,Complete blood count w diff,Lab,5.21,5,5.05,5.47,5.9,5,15.55,5.568324808184142,1.18102892785209,782,42692,.2120977,3.1099999,1.1799999,1.0831683
MyBlue Health HMO,2026-05-30,85025,professional,outpatient,Complete blood count w diff,Lab,5.21,5,5,5.47,5.47,3.96,13.75,5.348922686945496,.8696820881048628,789,38748,.16259015,3.4722223,1.094,1.094
ParPlan,2026-05-30,85025,professional,outpatient,Complete blood count w diff,Lab,5.47,5.05,5.21,5.5,8.33,1.89,23.98,6.097769097222209,2.051375238862144,1152,70415,.33641407,12.687831,1.6495049,1.0556622
Blue Advantage HMO,2026-05-30,80053,institutional,outpatient,Comprehensive metabolic panel,Lab,13.04,7.5,10.56,22.7,38.76,6.34,91.05,19.54147747747751,15.47831478227006,555,1003,.79207498,14.361198,5.1680002,2.1496212
Blue Choice PPO,2026-05-30,80053,institutional,outpatient,Comprehensive metabolic panel,Lab,16.79,8.220000000000001,11.62,42.77,55.86,6.65,192.51,29.14445017182138,28.44901741779429,582,1167,.97613841,28.948872,6.7956204,3.680723
Blue Choice PPO common,2026-05-30,80053,institutional,outpatient,Comprehensive metabolic panel,Lab,14.08,7.71,11.09,37.95,52.16,6.65,129.08,24.99375700934588,19.82551094355589,535,1087,.79321849,19.410526,6.7652397,3.4220018
Blue Choice PPO group 039993,2026-05-30,80053,institutional,outpatient,Comprehensive metabolic panel,Lab,54.49,32.21,42.66,71.39,185.78,10.56,192.51,73.47499999999999,55.2713090832647,46,73,.75224644,18.230114,5.7677741,1.6734647
Blue Essentials,2026-05-30,80053,institutional,outpatient,Comprehensive metabolic panel,Lab,15.53,8.220000000000001,11.4,37.8,51.85,6.65,182.89,26.52220136518779,25.5906449941005,586,1063,.96487635,27.502256,6.307786,3.3157895
Blue Essentials common,2026-05-30,80053,institutional,outpatient,Comprehensive metabolic panel,Lab,15.53,8.220000000000001,11.4,37.8,51.85,6.65,182.89,26.52220136518779,25.5906449941005,586,1063,.96487635,27.502256,6.307786,3.3157895
Blue Premier,2026-05-30,80053,institutional,outpatient,Comprehensive metabolic panel,Lab,13.04,6.65,10.56,16.94,43.035,5.39,128.98,20.47139285714284,22.52665972600949,280,533,1.100397,23.929499,6.4714284,1.6041666
MyBlue Health HMO,2026-05-30,80053,institutional,outpatient,Comprehensive metabolic panel,Lab,13.04,6.65,9.43,13.04,20.91,5.17,54.63,13.23865853658535,6.108654836166199,246,523,.46142551,10.566731,3.144361,1.3828207
ParPlan,2026-05-30,80053,institutional,outpatient,Comprehensive metabolic panel,Lab,16.55,8.220000000000001,10.45,43.61,61.16,4.14,105.46,28.26154867256635,22.02834029858501,452,752,.77944565,25.473431,7.4403892,4.1732059
Blue Advantage HMO,2026-05-30,80053,professional,outpatient,Comprehensive metabolic panel,Lab,5.81,5,5,6.1,10.56,4.5,27.95,6.642475247524771,3.362628170791403,808,62383,.50623119,6.2111111,2.112,1.22
Blue Choice PPO,2026-05-30,80053,professional,outpatient,Comprehensive metabolic panel,Lab,6.02,5.5,5.81,7.39,10.56,5.5,152.99,7.768712574850365,8.100054577289342,1002,84897,1.0426508,27.816364,1.92,1.2719449
Blue Choice PPO common,2026-05-30,80053,professional,outpatient,Comprehensive metabolic panel,Lab,6.02,5.5,5.81,7.39,10.56,5.5,152.99,7.764810756972178,8.092446465356426,1004,84661,1.042195,27.816364,1.92,1.2719449
Blue Choice PPO group 039993,2026-05-30,80053,professional,outpatient,Comprehensive metabolic panel,Lab,5.81,5.5,5.5,5.81,5.81,5.5,5.81,5.685999999999999,.1697939928266013,5,5,.029861765,1.0563636,1.0563636,1.0563636
Blue Essentials,2026-05-30,80053,professional,outpatient,Comprehensive metabolic panel,Lab,5.81,5,5,6.23,12.88,5,152.99,7.264050785973438,6.751037829808084,827,68698,.92937648,30.598,2.576,1.2460001
Blue Essentials common,2026-05-30,80053,professional,outpatient,Comprehensive metabolic panel,Lab,5.81,5,5,6.23,12.88,5,152.99,7.264050785973438,6.751037829808084,827,68643,.92937648,30.598,2.576,1.2460001
Blue Essentials group 295430,2026-05-30,80053,professional,outpatient,Comprehensive metabolic panel,Lab,5.81,5.81,5.81,5.81,5.81,5,5.81,5.736363636363637,.2442241891079884,11,58,.042574741,1.1619999,1,1
Blue Essentials group 295781,2026-05-30,80053,professional,outpatient,Comprehensive metabolic panel,Lab,5.81,5.81,5.81,5.81,5.81,5,5.81,5.736363636363637,.2442241891079884,11,58,.042574741,1.1619999,1,1
Blue Premier,2026-05-30,80053,professional,outpatient,Comprehensive metabolic panel,Lab,5.81,5,5,6.1,7.39,5,27.95,6.568590604026806,3.458060178067818,596,39283,.52645391,5.5900002,1.478,1.22
MyBlue Health HMO,2026-05-30,80053,professional,outpatient,Comprehensive metabolic panel,Lab,5.81,5,5,6.1,6.1,4.65,27.95,6.027201309328944,2.357616577177444,611,35670,.39116275,6.0107527,1.22,1.22
ParPlan,2026-05-30,80053,professional,outpatient,Comprehensive metabolic panel,Lab,6.02,5.5,5.81,7.39,14.36,1.89,66,7.698748717948776,4.814043376181568,975,61221,.62530208,34.920635,2.610909,1.2719449
Blue Advantage HMO,2026-05-30,83036,institutional,outpatient,Hemoglobin A1c,Lab,11.99,6.89,9.710000000000001,20.59,35.34,5.83,73.02,17.41650273224042,12.70777593183247,549,1001,.72963995,12.524872,5.1291728,2.1204944
Blue Choice PPO,2026-05-30,83036,institutional,outpatient,Hemoglobin A1c,Lab,13.21,7.55,10.49,36.63,50.1,6.12,134.45,24.10099693251529,20.88166712435726,652,1754,.86642337,21.968954,6.6357617,3.4918971
Blue Choice PPO common,2026-05-30,83036,institutional,outpatient,Hemoglobin A1c,Lab,13.21,7.55,10,30.925,47.29,6.12,96.78,21.68379934210521,17.27895319737951,608,1682,.79686004,15.813725,6.263576,3.0925
Blue Choice PPO group 039993,2026-05-30,83036,institutional,outpatient,Hemoglobin A1c,Lab,48.94,29.62,39.03,58.75,134.45,9.710000000000001,134.45,57.06488888888888,33.87930251926564,45,77,.59369785,13.84655,4.5391626,1.5052524
Blue Essentials,2026-05-30,83036,institutional,outpatient,Hemoglobin A1c,Lab,14.08,7.55,10.49,34.66,47.58,6.12,127.72,23.46036020583185,19.76281627851517,583,1062,.84239185,20.869282,6.3019867,3.3040991
Blue Essentials common,2026-05-30,83036,institutional,outpatient,Hemoglobin A1c,Lab,14.08,7.55,10.49,34.66,47.58,6.12,127.72,23.46036020583185,19.76281627851517,583,1062,.84239185,20.869282,6.3019867,3.3040991
Blue Premier,2026-05-30,83036,institutional,outpatient,Hemoglobin A1c,Lab,11.99,6.12,9.710000000000001,15.2,38.94,4.95,90.08,17.51010791366901,16.19988439776492,278,533,.92517328,18.197979,6.3627453,1.5653965
MyBlue Health HMO,2026-05-30,83036,institutional,outpatient,Hemoglobin A1c,Lab,11.99,6.12,8.66,11.99,19.23,4.76,50.23,12.17296747967475,5.616739752190411,246,523,.46141088,10.552521,3.1421568,1.3845266
ParPlan,2026-05-30,83036,institutional,outpatient,Hemoglobin A1c,Lab,13.21,7.55,9.710000000000001,39.23,53.95,3.81,96.78,24.88780684104623,19.6429196033395,497,1292,.78925878,25.401575,7.1456952,4.0401649
Blue Advantage HMO,2026-05-30,83036,professional,outpatient,Hemoglobin A1c,Lab,5.34,5,5,5.61,9.710000000000001,4.27,17.74,5.966071428571452,1.998985306056874,812,60656,.3350589,4.1545668,1.942,1.122
Blue Choice PPO,2026-05-30,83036,professional,outpatient,Hemoglobin A1c,Lab,5.53,5.34,5.5,6.8,9.710000000000001,5.34,32.75,6.697049180327888,2.809398895765333,976,82394,.41949803,6.1329589,1.8183521,1.2363636
Blue Choice PPO common,2026-05-30,83036,professional,outpatient,Hemoglobin A1c,Lab,5.53,5.34,5.5,6.8,9.710000000000001,5.34,32.75,6.698441025641046,2.81050402692804,975,81827,.41957584,6.1329589,1.8183521,1.2363636
Blue Choice PPO group 039993,2026-05-30,83036,professional,outpatient,Hemoglobin A1c,Lab,5.34,5.34,5.34,5.5,5.5,5.34,5.5,5.404,.0876356092008267,5,5,.016216803,1.0299625,1.0299625,1.0299625
Blue Essentials,2026-05-30,83036,professional,outpatient,Hemoglobin A1c,Lab,5.34,5,5,5.73,9.710000000000001,3.77,29.34,6.27753309265946,2.433446671332002,831,66687,.38764378,7.7824936,1.942,1.146
Blue Essentials common,2026-05-30,83036,professional,outpatient,Hemoglobin A1c,Lab,5.34,5,5,5.73,9.710000000000001,3.77,29.34,6.27753309265946,2.433446671332003,831,66632,.38764378,7.7824936,1.942,1.146
Blue Essentials group 295430,2026-05-30,83036,professional,outpatient,Hemoglobin A1c,Lab,5.34,5.34,5.34,5.34,5.34,5,5.34,5.30909090909091,.1025138571564396,11,58,.019309117,1.068,1,1
Blue Essentials group 295781,2026-05-30,83036,professional,outpatient,Hemoglobin A1c,Lab,5.34,5.34,5.34,5.34,5.34,5,5.34,5.30909090909091,.1025138571564396,11,58,.019309117,1.068,1,1
Blue Premier,2026-05-30,83036,professional,outpatient,Hemoglobin A1c,Lab,5.34,5,5,5.61,6.8,5,19.44,5.835296108291053,1.799006375084589,591,37048,.30829737,3.888,1.36,1.122
MyBlue Health HMO,2026-05-30,83036,professional,outpatient,Hemoglobin A1c,Lab,5.34,5,5,5.61,5.61,4.27,13.11,5.540180921052648,1.370620465864854,608,33432,.24739634,3.0702577,1.122,1.122
ParPlan,2026-05-30,83036,professional,outpatient,Hemoglobin A1c,Lab,5.53,5.34,5.5,6.8,10.49,1.89,40,6.801151003167915,3.105125620968379,947,59416,.45655885,21.164021,1.9644195,1.2363636
Blue Advantage HMO,2026-05-30,80061,institutional,outpatient,Lipid panel,Lab,16.53,9.640000000000001,13.39,29.06,48.87,8.029999999999999,100.69,24.2282702702703,17.62211296166498,555,1003,.72733682,12.539227,5.0695019,2.1702764
Blue Choice PPO,2026-05-30,80061,institutional,outpatient,Lipid panel,Lab,21.29,10.41,14.73,54.23,70.83,8.44,180.83,35.94102915951974,30.95995608959413,583,1170,.86140984,21.425356,6.8040347,3.6816022
Blue Choice PPO common,2026-05-30,80061,institutional,outpatient,Lipid panel,Lab,18.015,9.77,14.06,47.39,66.01000000000001,8.44,133.66,31.52766791044781,24.69960711726915,536,1094,.7834264,15.836493,6.7563972,3.3705547
Blue Choice PPO group 039993,2026-05-30,80061,institutional,outpatient,Lipid panel,Lab,69.09,40.84,53.965,96.745,174.5,13.39,180.83,83.58354166666665,48.76448116570021,48,77,.58342206,13.504854,4.2727718,1.7927361
Blue Essentials,2026-05-30,80061,institutional,outpatient,Lipid panel,Lab,19.69,10.41,14.46,47.94,65.61,8.44,171.78,32.71563139931742,27.83933405040218,586,1063,.85094899,20.353081,6.3025937,3.3153527
Blue Essentials common,2026-05-30,80061,institutional,outpatient,Lipid panel,Lab,19.69,10.41,14.46,47.94,65.61,8.44,171.78,32.71563139931742,27.83933405040219,586,1063,.85094899,20.353081,6.3025937,3.3153527
Blue Premier,2026-05-30,80061,institutional,outpatient,Lipid panel,Lab,16.53,8.44,13.39,24.13,53.69,6.83,121.15,24.90826855123668,23.05061683237904,283,536,.92542028,17.737921,6.3613744,1.8020911
MyBlue Health HMO,2026-05-30,80061,institutional,outpatient,Lipid panel,Lab,16.53,8.44,11.95,16.53,26.51,6.56,69.27,16.78483739837401,7.744895236112033,246,523,.46142212,10.559451,3.1409953,1.3832636
ParPlan,2026-05-30,80061,institutional,outpatient,Lipid panel,Lab,20.98,10.41,13.26,54.77,77.52,5.25,133.66,35.79209713024282,27.85100786643792,453,753,.77813292,25.459047,7.4466858,4.1304674
Blue Advantage HMO,2026-05-30,80061,professional,outpatient,Lipid panel,Lab,7.36,5,5,7.73,13.39,4.5,24.48,7.711666666666619,3.183192505033869,810,60627,.4127762,5.4400001,2.678,1.546
Blue Choice PPO,2026-05-30,80061,professional,outpatient,Lipid panel,Lab,7.63,5.5,7.36,9.369999999999999,13.39,5.5,45.18,8.849448416751718,4.287837593611386,979,82170,.48453161,8.2145452,2.4345455,1.2730979
Blue Choice PPO common,2026-05-30,80061,professional,outpatient,Lipid panel,Lab,7.63,5.5,7.36,9.369999999999999,13.39,5.5,45.18,8.841392016376593,4.281485027874293,977,81829,.48425463,8.2145452,2.4345455,1.2730979
Blue Choice PPO group 039993,2026-05-30,80061,professional,outpatient,Lipid panel,Lab,7.36,5.5,5.5,7.36,7.36,5.5,7.36,6.616,1.018763956959609,5,5,.15398487,1.3381819,1.3381819,1.3381819
Blue Essentials,2026-05-30,80061,professional,outpatient,Lipid panel,Lab,7.36,5,5,7.73,13.39,5,40.46,8.178831325301136,3.810733739868323,830,66654,.46592644,8.092,2.678,1.546
Blue Essentials common,2026-05-30,80061,professional,outpatient,Lipid panel,Lab,7.36,5,5,7.73,13.39,5,40.46,8.178831325301136,3.810733739868323,830,66599,.46592644,8.092,2.678,1.546
Blue Essentials group 295430,2026-05-30,80061,professional,outpatient,Lipid panel,Lab,7.36,7.36,7.36,7.36,7.36,5,7.36,7.145454545454546,.7115667732035221,11,58,.099583134,1.472,1,1
Blue Essentials group 295781,2026-05-30,80061,professional,outpatient,Lipid panel,Lab,7.36,7.36,7.36,7.36,7.36,5,7.36,7.145454545454545,.7115667732035221,11,58,.099583134,1.472,1,1
Blue Premier,2026-05-30,80061,professional,outpatient,Lipid panel,Lab,7.36,5,5,7.73,9.369999999999999,5,26.82,7.506937394247033,2.958789593530723,591,37018,.39414069,5.3639998,1.874,1.546
MyBlue Health HMO,2026-05-30,80061,professional,outpatient,Lipid panel,Lab,7.36,5,5,7.73,7.73,5,18.08,7.095230263157899,2.31094978504516,608,33414,.32570469,3.6159999,1.546,1.546
ParPlan,2026-05-30,80061,professional,outpatient,Lipid panel,Lab,7.63,5.5,7.36,9.369999999999999,14.46,1.89,60,9.008301486199509,5.19881727357021,942,59341,.57711405,31.746031,2.629091,1.2730979
Blue Advantage HMO,2026-05-30,84443,institutional,outpatient,Thyroid stimulating hormone,Lab,20.75,11.93,16.8,35.62,61.15,10.08,126.34,30.04654611211568,21.36598081194248,553,1001,.71109605,12.533731,5.1257334,2.1202381
Blue Choice PPO,2026-05-30,84443,institutional,outpatient,Thyroid stimulating hormone,Lab,26.71,13.07,18.48,68.38,88.87,10.58,189.82,44.74732081911257,36.45789993280711,586,1174,.81475043,17.941399,6.799541,3.7002165
Blue Choice PPO common,2026-05-30,84443,institutional,outpatient,Thyroid stimulating hormone,Lab,22.83,12.26,17.64,61.15,83,10.58,167.54,39.73235514018686,30.98962081388291,535,1083,.77995932,15.835539,6.7699838,3.4665532
Blue Choice PPO group 039993,2026-05-30,84443,institutional,outpatient,Thyroid stimulating hormone,Lab,86.69,51.24,67.70500000000001,121.38,183.17,16.8,189.82,98.10770833333333,48.42075580274295,48,71,.4935469,11.298809,3.5747464,1.7927775
Blue Essentials,2026-05-30,84443,institutional,outpatient,Thyroid stimulating hormone,Lab,24.72,13.07,18.14,60.31,82.48999999999999,10.58,180.33,40.69051020408161,32.72555053258667,588,1065,.80425513,17.044424,6.3113999,3.3246968
Blue Essentials common,2026-05-30,84443,institutional,outpatient,Thyroid stimulating hormone,Lab,24.72,13.07,18.14,60.31,82.48999999999999,10.58,180.33,40.69051020408161,32.72555053258667,588,1065,.80425513,17.044424,6.3113999,3.3246968
Blue Premier,2026-05-30,84443,institutional,outpatient,Thyroid stimulating hormone,Lab,20.75,10.58,16.8,26.945,68.46000000000001,8.57,127.19,30.20689285714283,26.12816235575775,280,533,.86497355,14.841307,6.4706993,1.6038691
MyBlue Health HMO,2026-05-30,84443,institutional,outpatient,Thyroid stimulating hormone,Lab,20.75,10.58,14.99,20.75,33.26,8.23,86.91,21.06321138211382,9.71846703352262,246,523,.46139532,10.560145,3.1436672,1.3842561
ParPlan,2026-05-30,84443,institutional,outpatient,Thyroid stimulating hormone,Lab,26.71,13.07,16.63,69.38,97.28,6.59,167.54,45.1161098901099,35.01983695290664,455,755,.77621579,25.423368,7.4429994,4.1719785
Blue Advantage HMO,2026-05-30,84443,professional,outpatient,Thyroid stimulating hormone,Lab,9.24,5,5,9.699999999999999,16.8,4.5,30.7,9.249938042131284,4.289881813792241,807,59409,.46377411,6.8222222,3.3599999,1.9400001
Blue Choice PPO,2026-05-30,84443,professional,outpatient,Thyroid stimulating hormone,Lab,9.58,5.5,9.24,11.76,16.8,5.5,56.68,10.65754115226335,5.498747504924981,972,80734,.51594901,10.305454,3.0545454,1.2727273
Blue Choice PPO common,2026-05-30,84443,professional,outpatient,Thyroid stimulating hormone,Lab,9.58,5.5,9.24,11.76,16.8,5.5,56.68,10.64839671120245,5.500699852486915,973,80503,.5165754,10.305454,3.0545454,1.2727273
Blue Choice PPO group 039993,2026-05-30,84443,professional,outpatient,Thyroid stimulating hormone,Lab,9.24,5.5,5.5,9.24,9.24,5.5,9.24,7.744,2.048482365069321,5,5,.26452509,1.6799999,1.6799999,1.6799999
Blue Essentials,2026-05-30,84443,professional,outpatient,Thyroid stimulating hormone,Lab,9.24,5,5,9.699999999999999,16.8,5,50.76,9.812824242424171,5.004793638936933,825,65343,.5100258,10.152,3.3599999,1.9400001
Blue Essentials common,2026-05-30,84443,professional,outpatient,Thyroid stimulating hormone,Lab,9.24,5,5,9.699999999999999,16.8,5,50.76,9.812824242424171,5.004793638936932,825,65288,.5100258,10.152,3.3599999,1.9400001
Blue Essentials group 295430,2026-05-30,84443,professional,outpatient,Thyroid stimulating hormone,Lab,9.24,9.24,9.24,9.24,9.24,5,9.24,8.854545454545454,1.278408101009718,11,58,.14437874,1.848,1,1
Blue Essentials group 295781,2026-05-30,84443,professional,outpatient,Thyroid stimulating hormone,Lab,9.24,9.24,9.24,9.24,9.24,5,9.24,8.854545454545454,1.278408101009718,11,58,.14437874,1.848,1,1
Blue Premier,2026-05-30,84443,professional,outpatient,Thyroid stimulating hormone,Lab,9.24,5,5,9.699999999999999,11.76,5,33.65,8.973430034129626,4.04376612257322,586,36373,.45063773,6.73,2.352,1.9400001
MyBlue Health HMO,2026-05-30,84443,professional,outpatient,Thyroid stimulating hormone,Lab,9.24,5,5,9.699999999999999,9.699999999999999,5,22.68,8.508799342105199,3.245851140592547,608,32981,.38146994,4.5359998,1.9400001,1.9400001
ParPlan,2026-05-30,84443,professional,outpatient,Thyroid stimulating hormone,Lab,9.58,5.5,9.24,11.76,18.14,1.89,59,10.73272629310342,5.914610965409735,928,58787,.5510819,31.21693,3.2981818,1.2727273
Blue Advantage HMO,2026-05-30,88305,institutional,outpatient,Tissue exam by pathologist,Lab,52.12,31.17,44.7,98.34,162.16,18.41,372.01,77.63149090909072,58.55610712126913,550,998,.75428289,20.206953,5.2024384,2.2
Blue Choice PPO,2026-05-30,88305,institutional,outpatient,Tissue exam by pathologist,Lab,58.495,31.17,44.7,176.96,243.145,21.77,440.78,113.3745172413792,90.60097193168055,580,1153,.79912996,20.247129,7.8006096,3.9588368
Blue Choice PPO common,2026-05-30,88305,institutional,outpatient,Tissue exam by pathologist,Lab,54.42,31.17,44.7,155.34,217.67,21.77,440.78,101.3472983114445,81.59696773434065,533,1070,.80512226,20.247129,6.9833174,3.4751678
Blue Choice PPO group 039993,2026-05-30,88305,institutional,outpatient,Tissue exam by pathologist,Lab,255.27,150.88,199.365,317.01,334.45,49.47,401.2,247.9433333333335,80.10794967678576,48,77,.32308975,8.1099653,2.2166622,1.5900986
Blue Essentials,2026-05-30,88305,institutional,outpatient,Tissue exam by pathologist,Lab,56.82,31.17,44.7,159.79,222.16,21.77,394.28,104.5457839721253,81.47834392732821,574,1046,.77935565,18.111162,7.1273661,3.5747204
Blue Essentials common,2026-05-30,88305,institutional,outpatient,Tissue exam by pathologist,Lab,56.82,31.17,44.7,159.79,222.16,21.77,394.28,104.5457839721253,81.4783439273282,574,1046,.77935565,18.111162,7.1273661,3.5747204
Blue Premier,2026-05-30,88305,institutional,outpatient,Tissue exam by pathologist,Lab,44.7,31.17,44.7,76.31,198.37,23.2,311.66,76.52817857142861,65.31161611213946,280,533,.85343224,13.43362,6.3641324,1.7071588
MyBlue Health HMO,2026-05-30,88305,institutional,outpatient,Tissue exam by pathologist,Lab,44.7,31.17,44.7,54.42,97.45999999999999,23.2,255.91,54.95612244897972,29.29879212082028,245,522,.53313065,11.030603,3.1267245,1.2174497
ParPlan,2026-05-30,88305,institutional,outpatient,Tissue exam by pathologist,Lab,58.87,28.16,40.52,187.74,253.78,19.39,445.87,115.7318485523384,96.63965612103192,449,750,.83503079,22.994843,9.0120735,4.6332674
Blue Advantage HMO,2026-05-30,88305,professional,outpatient,Tissue exam by pathologist,Lab,33.1,16.62,19.21,38.94,47.16,16.33,279.65,35.53636363636354,29.46460133411039,1474,56620,.82913947,17.124924,2.8375452,2.0270693
Blue Choice PPO,2026-05-30,88305,professional,outpatient,Tissue exam by pathologist,Lab,33.1,16.62,19.56,38.94,81.38,16.33,335.26,42.62733407696605,43.68802196868381,1793,76561,1.0248828,20.530312,4.8965101,1.9907975
Blue Choice PPO common,2026-05-30,88305,professional,outpatient,Tissue exam by pathologist,Lab,33.1,16.62,19.56,38.94,81.38,16.33,335.26,42.59900055834735,43.70418428576779,1791,76464,1.0259439,20.530312,4.8965101,1.9907975
Blue Choice PPO group 039993,2026-05-30,88305,professional,outpatient,Tissue exam by pathologist,Lab,26.33,16.62,17.915,35.675,38.94,16.62,38.94,26.99,9.524754415031742,16,18,.35289937,2.3429604,2.3429604,1.991348
Blue Essentials,2026-05-30,88305,professional,outpatient,Tissue exam by pathologist,Lab,33.1,16.62,19.21,38.94,79.81,15.71,335.26,41.68434441087615,43.76616787084497,1655,62993,1.0499426,21.340548,4.8020458,2.0270693
Blue Essentials common,2026-05-30,88305,professional,outpatient,Tissue exam by pathologist,Lab,33.1,16.62,19.21,38.94,79.81,15.71,335.26,41.69938898971569,43.78921494166755,1653,62817,1.0501164,21.340548,4.8020458,2.0270693
Blue Essentials group 295430,2026-05-30,88305,professional,outpatient,Tissue exam by pathologist,Lab,33.1,16.62,19.21,38.25,38.94,16.62,93.89,29.37139999999998,13.44816776989888,50,180,.45786607,5.6492176,2.3429604,1.9911505
Blue Essentials group 295781,2026-05-30,88305,professional,outpatient,Tissue exam by pathologist,Lab,33.1,16.62,19.21,38.25,38.94,16.62,93.89,29.37139999999998,13.44816776989888,50,180,.45786607,5.6492176,2.3429604,1.9911505
Blue Premier,2026-05-30,88305,professional,outpatient,Tissue exam by pathologist,Lab,33.1,16.62,19.21,38.94,57.88,16.38,335.26,41.63350823045248,47.66540567523042,972,27072,1.1448809,20.467644,3.4825511,2.0270693
MyBlue Health HMO,2026-05-30,88305,professional,outpatient,Tissue exam by pathologist,Lab,33.1,16.62,19.21,38.25,47.16,16.33,279.65,35.89410288582157,31.36857555366168,797,24325,.87392002,17.124924,2.8375452,1.9911505
ParPlan,2026-05-30,88305,professional,outpatient,Tissue exam by pathologist,Lab,33.1,16.62,19.56,38.94,50.07,16.62,283,37.06447129909366,28.69647247229741,1655,69805,.77423126,17.027678,3.0126355,1.9907975
Blue Advantage HMO,2026-05-30,81001,institutional,outpatient,Urinalysis automated w scope,Lab,3.92,2.06,2.47,6.05,11.13,1.9,43.66,5.575444444444439,5.709196110785475,630,1791,1.0239894,22.978947,5.4029126,2.4493928
Blue Choice PPO,2026-05-30,81001,institutional,outpatient,Urinalysis automated w scope,Lab,4.31,2.06,2.76,11.22,16.36,2,92.28,8.201337126600315,11.14718290930648,703,2700,1.3591909,46.139999,7.9417477,4.0652175
Blue Choice PPO common,2026-05-30,81001,institutional,outpatient,Urinalysis automated w scope,Lab,3.92,2.06,2.51,8.75,15.15,2,61.88,6.681887366818878,5.946065369943037,657,2617,.88987809,30.940001,7.3543692,3.4860559
Blue Choice PPO group 039993,2026-05-30,81001,institutional,outpatient,Urinalysis automated w scope,Lab,16.36,9.67,12.74,21.43,89.06,3.17,92.28,27.56489361702128,28.98820718786689,47,71,1.051635,29.110411,9.2099276,1.6821036
Blue Essentials,2026-05-30,81001,institutional,outpatient,Urinalysis automated w scope,Lab,3.92,2.06,2.51,10.43,15.33,2,87.67,7.751295731707327,10.3538321112146,656,1902,1.335755,43.834999,7.4417477,4.1553783
Blue Essentials common,2026-05-30,81001,institutional,outpatient,Urinalysis automated w scope,Lab,3.92,2.06,2.51,10.43,15.33,2,87.67,7.751295731707328,10.3538321112146,656,1902,1.335755,43.834999,7.4417477,4.1553783
Blue Premier,2026-05-30,81001,institutional,outpatient,Urinalysis automated w scope,Lab,3.92,2,2.06,4.31,11.13,1.62,61.83,6.049613095238098,9.469354128505898,336,1077,1.5652826,38.166668,5.5650001,2.0922329
MyBlue Health HMO,2026-05-30,81001,institutional,outpatient,Urinalysis automated w scope,Lab,2.12,2.06,2.12,3.92,4.31,1.55,16.4,3.154154175588852,1.620407237599192,467,7103,.5137375,10.580646,2.0922329,1.8490566
ParPlan,2026-05-30,81001,institutional,outpatient,Urinalysis automated w scope,Lab,4.31,2.06,2.47,11.76,16.77,1.24,31.62,7.270913884007006,6.370588465972535,569,2148,.87617439,25.5,8.1407766,4.7611337
Blue Advantage HMO,2026-05-30,81001,professional,outpatient,Urinalysis automated w scope,Lab,2.23,2.06,2.12,3.9,5,1.62,6.1,2.944257246376792,1.212919419637231,1104,57598,.41196108,3.7654321,2.4271846,1.8396226
Blue Choice PPO,2026-05-30,81001,professional,outpatient,Urinalysis automated w scope,Lab,2.23,2.06,2.12,4.31,5.5,1.81,10.72,3.087078746824691,1.385637778161465,1181,77231,.44885081,5.9226518,2.6699028,2.0330188
Blue Choice PPO common,2026-05-30,81001,professional,outpatient,Urinalysis automated w scope,Lab,2.23,2.06,2.12,4.31,5.5,1.81,10.72,3.093009298393881,1.388176349047778,1183,77286,.44881091,5.9226518,2.6699028,2.0330188
Blue Choice PPO group 039993,2026-05-30,81001,professional,outpatient,Urinalysis automated w scope,Lab,2.22,2.22,2.22,5.5,5.5,2.22,5.5,3.158571428571428,1.5995043875258,7,8,.50640118,2.4774776,2.4774776,2.4774776
Blue Essentials,2026-05-30,81001,professional,outpatient,Urinalysis automated w scope,Lab,2.23,2.12,2.12,3.9,5,1.81,8.82,3.035741088180089,1.249515235406141,1066,62722,.41160139,4.8729281,2.3584905,1.8396226
Blue Essentials common,2026-05-30,81001,professional,outpatient,Urinalysis automated w scope,Lab,2.23,2.12,2.12,3.9,5,1.81,8.82,3.035741088180089,1.249515235406141,1066,62658,.41160139,4.8729281,2.3584905,1.8396226
Blue Essentials group 295430,2026-05-30,81001,professional,outpatient,Urinalysis automated w scope,Lab,2.22,2.12,2.12,2.22,2.22,2.12,5,2.341111111111111,.6652897545553667,18,66,.28417692,2.3584905,1.0471698,1.0471698
Blue Essentials group 295781,2026-05-30,81001,professional,outpatient,Urinalysis automated w scope,Lab,2.22,2.12,2.12,2.22,2.22,2.12,5,2.341111111111111,.6652897545553665,18,66,.28417692,2.3584905,1.0471698,1.0471698
Blue Premier,2026-05-30,81001,professional,outpatient,Urinalysis automated w scope,Lab,2.23,2.12,2.12,4.28,5,2.06,6.34,2.98605298013244,1.234880570628019,755,35680,.41354945,3.0776699,2.3584905,2.018868
MyBlue Health HMO,2026-05-30,81001,professional,outpatient,Urinalysis automated w scope,Lab,2.23,2.06,2.12,3.9,5,1.62,6.1,2.887142857142846,1.240059415018998,770,33085,.42951092,3.7654321,2.4271846,1.8396226
ParPlan,2026-05-30,81001,professional,outpatient,Urinalysis automated w scope,Lab,2.23,2.06,2.12,4.31,5.5,1.89,9.81,3.10996560619085,1.407531804950985,1163,62693,.45258757,5.1904764,2.6699028,2.0330188
Blue Advantage HMO,2026-05-30,87086,institutional,outpatient,Urine culture,Lab,9.960000000000001,5.73,8.07,17.11,29.46,4.84,67.31999999999999,14.8013019891501,11.55573535862451,553,1001,.78072423,13.909091,5.1413612,2.1201982
Blue Choice PPO,2026-05-30,87086,institutional,outpatient,Urine culture,Lab,12.83,6.27,8.880000000000001,32.6,42.69,5.08,142.3,22.12089193825035,21.27957918447567,583,1172,.96196753,28.01181,6.8086123,3.6711712
Blue Choice PPO common,2026-05-30,87086,institutional,outpatient,Urine culture,Lab,10.86,5.89,8.470000000000001,28.445,39.79,5.08,95.41,19.02033582089549,15.05375517715569,536,1085,.79145581,18.781496,6.755518,3.3583236
Blue Choice PPO group 039993,2026-05-30,87086,institutional,outpatient,Urine culture,Lab,41.64,24.61,32.52,58.305,137.32,8.07,142.3,56.45104166666666,41.45645945816813,48,75,.73437899,17.633209,5.5798454,1.7928966
Blue Essentials,2026-05-30,87086,institutional,outpatient,Urine culture,Lab,11.87,6.27,8.720000000000001,28.81,39.54,5.08,135.17,20.13047863247857,19.16944559164573,585,1062,.95225978,26.608267,6.3062201,3.303899
Blue Essentials common,2026-05-30,87086,institutional,outpatient,Urine culture,Lab,11.87,6.27,8.720000000000001,28.81,39.54,5.08,135.17,20.13047863247857,19.16944559164573,585,1062,.95225978,26.608267,6.3062201,3.303899
Blue Premier,2026-05-30,87086,institutional,outpatient,Urine culture,Lab,9.960000000000001,5.08,8.07,12.945,32.885,4.12,95.34999999999999,15.54453571428572,16.77103226045306,280,533,1.0789021,23.143204,6.4734254,1.6040893
MyBlue Health HMO,2026-05-30,87086,institutional,outpatient,Urine culture,Lab,9.960000000000001,5.08,7.2,9.960000000000001,15.98,3.95,41.75,10.11520325203253,4.668150418084974,246,523,.46149844,10.56962,3.1456692,1.3833333
ParPlan,2026-05-30,87086,institutional,outpatient,Urine culture,Lab,12.65,6.27,7.99,32.92,46.75,3.16,80.53,21.51712389380531,16.78037061060944,452,751,.77986121,25.484177,7.4561405,4.1201501
Blue Advantage HMO,2026-05-30,87086,professional,outpatient,Urine culture,Lab,4.66,4.44,4.44,5,8.07,4.12,14.75,5.329645776566756,1.614008892113834,734,50969,.30283606,3.5800972,1.8175676,1.1261262
Blue Choice PPO,2026-05-30,87086,professional,outpatient,Urine culture,Lab,5.5,4.44,4.6,5.65,8.07,4.44,27.23,5.824103923647892,2.320502457169991,943,70096,.39843082,6.1328831,1.8175676,1.2282609
Blue Choice PPO common,2026-05-30,87086,professional,outpatient,Urine culture,Lab,5.5,4.44,4.6,5.65,8.07,4.44,27.23,5.818630573248369,2.315636845320172,942,69935,.39796939,6.1328831,1.8175676,1.2282609
Blue Choice PPO group 039993,2026-05-30,87086,professional,outpatient,Urine culture,Lab,4.44,4.44,4.44,5.5,5.5,4.44,5.5,4.864000000000001,.5805859109554758,5,5,.11936388,1.2387388,1.2387388,1.2387388
Blue Essentials,2026-05-30,87086,professional,outpatient,Urine culture,Lab,5,4.44,4.44,5.08,8.07,3.49,24.41,5.457484737484723,1.941382443739436,819,56229,.35572842,6.9942694,1.8175676,1.1441442
Blue Essentials common,2026-05-30,87086,professional,outpatient,Urine culture,Lab,5,4.44,4.44,5.08,8.07,3.49,24.41,5.457484737484725,1.941382443739435,819,56178,.35572842,6.9942694,1.8175676,1.1441442
Blue Essentials group 295430,2026-05-30,87086,professional,outpatient,Urine culture,Lab,4.44,4.44,4.44,4.44,4.44,4.44,5,4.490909090909091,.1688463529635475,11,53,.037597366,1.1261262,1,1
Blue Essentials group 295781,2026-05-30,87086,professional,outpatient,Urine culture,Lab,4.44,4.44,4.44,4.44,4.44,4.44,5,4.490909090909091,.1688463529635475,11,53,.037597366,1.1261262,1,1
Blue Premier,2026-05-30,87086,professional,outpatient,Urine culture,Lab,4.66,4.44,4.44,5,5.65,4.44,16.16,5.134532871972325,1.453969242399242,578,33014,.2831746,3.6396396,1.2725226,1.1261262
MyBlue Health HMO,2026-05-30,87086,professional,outpatient,Urine culture,Lab,4.66,4.44,4.44,5,5,4.12,10.89,4.973147113594051,1.110085533024659,537,30165,.22321591,2.643204,1.1261262,1.1261262
ParPlan,2026-05-30,87086,professional,outpatient,Urine culture,Lab,5.5,4.44,4.6,5.65,8.720000000000001,1.89,24.92,5.856770255271886,2.372922319616992,901,53555,.40515885,13.185185,1.963964,1.2282609
Blue Advantage HMO,2026-05-30,59425,institutional,outpatient,Antepartum care 4-6 visits,Maternity,485.23,294.58,367.6,852.17,2889.34,213.21,11575.72,1048.77178988327,1571.500623562129,257,287,1.49842,54.292576,9.8083372,2.3181992
Blue Choice PPO,2026-05-30,59425,institutional,outpatient,Antepartum care 4-6 visits,Maternity,658.005,430.09,540.375,1097.03,2937.12,246.29,12718.96,1399.984610389611,2059.370706738228,308,515,1.4709952,51.642212,6.8290825,2.0301273
Blue Choice PPO common,2026-05-30,59425,institutional,outpatient,Antepartum care 4-6 visits,Maternity,643.3,430.09,533.92,1029.28,2128.31,246.29,12718.96,1264.651094339623,1804.646993632608,265,441,1.4269921,51.642212,4.9485226,1.9277794
Blue Choice PPO group 039993,2026-05-30,59425,institutional,outpatient,Antepartum care 4-6 visits,Maternity,806.885,430.09,593.6700000000001,1312.33,8427,371.28,9037,2372.266363636364,3211.911505730238,44,73,1.3539422,24.34012,19.593573,2.2105379
Blue Essentials,2026-05-30,59425,institutional,outpatient,Antepartum care 4-6 visits,Maternity,661.68,393.33,470.53,1095.45,3330.46,205.86,11575.72,1345.220152091254,1933.202707027577,263,310,1.4370902,56.23103,8.4673433,2.3281193
Blue Essentials common,2026-05-30,59425,institutional,outpatient,Antepartum care 4-6 visits,Maternity,661.68,393.33,470.53,1095.45,3330.46,205.86,11575.72,1345.220152091254,1933.202707027577,263,310,1.4370902,56.23103,8.4673433,2.3281193
Blue Premier,2026-05-30,59425,institutional,outpatient,Antepartum care 4-6 visits,Maternity,624.92,422.74,533.02,920.8399999999999,5572,235.26,6055,1385.624342105263,1702.684171293733,76,88,1.2288209,25.737482,13.180678,1.72759
MyBlue Health HMO,2026-05-30,59425,institutional,outpatient,Antepartum care 4-6 visits,Maternity,462.07,261,411.71,1521.86,6995.43,183.8,11575.72,1666.011384615385,2506.658891033962,65,85,1.5045869,62.979977,26.802414,3.6964369
ParPlan,2026-05-30,59425,institutional,outpatient,Antepartum care 4-6 visits,Maternity,641.46,446.97,546.2,1012.805,1656.99,246.29,4353,908.9229310344834,683.3353112118145,232,311,.75180775,17.674286,3.7071617,1.854275
Blue Advantage HMO,2026-05-30,59425,professional,outpatient,Antepartum care 4-6 visits,Maternity,413.25,323.38,369.9,503.48,551.03,255.65,3199.52,452.691055806939,170.3601653508805,2652,44454,.37632766,12.515236,1.7039706,1.3611246
Blue Choice PPO,2026-05-30,59425,professional,outpatient,Antepartum care 4-6 visits,Maternity,566.74,353.75,460.8,709.95,868.52,288.41,3456.64,609.1850719550706,249.7512517730835,2849,60300,.40997598,11.98516,2.4551802,1.5406901
Blue Choice PPO common,2026-05-30,59425,professional,outpatient,Antepartum care 4-6 visits,Maternity,566.74,353.75,460.8,709.95,868.52,288.41,3456.64,609.2213000702727,249.8249958230633,2846,60263,.41007265,11.98516,2.4551802,1.5406901
Blue Choice PPO group 039993,2026-05-30,59425,professional,outpatient,Antepartum care 4-6 visits,Maternity,548.3399999999999,435.38,459.405,607.13,709.95,349.72,731.9,548.3974999999999,103.4111140377172,24,30,.18856964,2.0928171,1.6306444,1.3215573
Blue Essentials,2026-05-30,59425,professional,outpatient,Antepartum care 4-6 visits,Maternity,538.01,353.75,439.4,645.14,815.95,245.4,3456.64,575.1149182076881,244.664193856869,2812,48285,.42541793,14.085737,2.3065724,1.4682294
Blue Essentials common,2026-05-30,59425,professional,outpatient,Antepartum care 4-6 visits,Maternity,538.01,353.75,439.4,645.14,815.95,245.4,3456.64,575.0972827635395,244.813942688134,2808,48275,.42569137,14.085737,2.3065724,1.4682294
Blue Essentials group 295430,2026-05-30,59425,professional,outpatient,Antepartum care 4-6 visits,Maternity,542.3299999999999,416.34,468.91,610.8099999999999,683.49,409.59,718.6,541.345,98.0108036278541,10,10,.18105054,1.7544373,1.6416631,1.3026167
Blue Essentials group 295781,2026-05-30,59425,professional,outpatient,Antepartum care 4-6 visits,Maternity,542.3299999999999,416.34,468.91,610.8099999999999,683.49,409.59,718.6,541.345,98.0108036278541,10,10,.18105054,1.7544373,1.6416631,1.3026167
Blue Premier,2026-05-30,59425,professional,outpatient,Antepartum care 4-6 visits,Maternity,497.75,353.75,423.09,632.95,714.3099999999999,307.4,3456.64,563.7744629244646,292.5258844945984,1443,21716,.51887041,11.244762,2.0192509,1.4960173
MyBlue Health HMO,2026-05-30,59425,professional,outpatient,Antepartum care 4-6 visits,Maternity,411.45,315.87,337.1,452.37,516.6,255.65,3199.52,432.1591270527232,187.2568614544751,1157,20955,.43330535,12.515236,1.6354829,1.341946
ParPlan,2026-05-30,59425,professional,outpatient,Antepartum care 4-6 visits,Maternity,561.87,353.75,460.8,690.1,861.0599999999999,307.4,3456.64,591.3104302854777,209.6634490444443,2417,57933,.35457423,11.244762,2.4340918,1.4976128
Blue Advantage HMO,2026-05-30,59426,institutional,outpatient,Antepartum care 7+ visits,Maternity,897.95,557.5700000000001,648.34,1098.935,3141,414.94,12337.91,1378.539469696969,1684.586028595121,132,141,1.2220079,29.734203,5.6333733,1.694998
Blue Choice PPO,2026-05-30,59426,institutional,outpatient,Antepartum care 7+ visits,Maternity,1244.81,778.01,933.61,1886.67,3300,434.39,13556.79,1964.884397163122,2230.12022015514,141,198,1.134988,31.208799,4.2415905,2.020833
Blue Choice PPO common,2026-05-30,59426,institutional,outpatient,Antepartum care 7+ visits,Maternity,1225.36,778.01,891.93,1692.82,2864.37,434.39,13556.79,1710.044324324325,1905.611317570784,111,151,1.1143637,31.208799,3.6816621,1.8979292
Blue Choice PPO group 039993,2026-05-30,59426,institutional,outpatient,Antepartum care 7+ visits,Maternity,1510.63,842.84,1063.28,2314.57,8427,654.8200000000001,9037,2849.756129032259,2978.16236184069,31,49,1.0450587,13.800739,9.9983387,2.1768208
Blue Essentials,2026-05-30,59426,institutional,outpatient,Antepartum care 7+ visits,Maternity,1121.63,706.6900000000001,849.33,1698.65,3407.93,414.94,12337.91,1840.627669172933,2127.19440966474,133,152,1.1556897,29.734203,4.8223834,1.9999882
Blue Essentials common,2026-05-30,59426,institutional,outpatient,Antepartum care 7+ visits,Maternity,1121.63,706.6900000000001,849.33,1698.65,3407.93,414.94,12337.91,1840.627669172932,2127.194409664739,133,152,1.1556897,29.734203,4.8223834,1.9999882
Blue Premier,2026-05-30,59426,institutional,outpatient,Antepartum care 7+ visits,Maternity,1222.12,745.59,1011.41,1549.53,5646,414.94,6055,2005.127142857142,1755.456208353058,42,47,.87548375,14.592471,7.5725265,1.5320493
MyBlue Health HMO,2026-05-30,59426,institutional,outpatient,Antepartum care 7+ visits,Maternity,745.59,460.32,622.41,849.33,4266.08,382.52,12337.91,1717.986571428571,2824.347689087271,35,44,1.6439871,32.254288,9.2676401,1.3645828
ParPlan,2026-05-30,59426,institutional,outpatient,Antepartum care 7+ visits,Maternity,1244.81,790.24,959.54,1845,3138.29,434.39,5417.53,1640.602647058824,1160.170752240509,102,117,.70716131,12.471581,3.9713125,1.9227964
Blue Advantage HMO,2026-05-30,59426,professional,outpatient,Antepartum care 7+ visits,Maternity,758.9,593.85,679.28,937.09,1008.82,469.47,5856.3,831.9710863723709,309.727838120327,2605,44184,.37228197,12.474279,1.6987791,1.3795342
Blue Choice PPO,2026-05-30,59426,professional,outpatient,Antepartum care 7+ visits,Maternity,1040.77,656.65,843.63,1299.75,1590.07,529.63,6326.92,1125.510980180177,447.7179709231052,2775,59898,.39779085,11.945925,2.4214878,1.5406636
Blue Choice PPO common,2026-05-30,59426,professional,outpatient,Antepartum care 7+ visits,Maternity,1040.77,656.65,843.63,1299.75,1590.07,529.63,6326.92,1125.816453593352,448.067792838035,2769,59869,.39799365,11.945925,2.4214878,1.5406636
Blue Choice PPO group 039993,2026-05-30,59426,professional,outpatient,Antepartum care 7+ visits,Maternity,1006.97,799.53,842.37,1111.52,1299.75,642.22,1339.95,1005.330833333333,188.457062850947,24,30,.18745776,2.0864346,1.6256425,1.3195152
Blue Essentials,2026-05-30,59426,professional,outpatient,Antepartum care 7+ visits,Maternity,989.35,652.99,804.4400000000001,1187.04,1506.55,529.63,6326.92,1060.066020999271,438.6210026857964,2762,47992,.41376764,11.945925,2.3071563,1.4756104
Blue Essentials common,2026-05-30,59426,professional,outpatient,Antepartum care 7+ visits,Maternity,989.35,652.99,804.4400000000001,1187.04,1508.66,529.63,6326.92,1060.041453952134,438.8934285456494,2758,47982,.41403422,11.945925,2.3103876,1.4756104
Blue Essentials group 295430,2026-05-30,59426,professional,outpatient,Antepartum care 7+ visits,Maternity,992.89,764.5699999999999,861.11,1118.25,1251.315,752.17,1315.59,992.4059999999999,178.4540094004926,10,10,.17981955,1.7490594,1.6366258,1.2986146
Blue Essentials group 295781,2026-05-30,59426,professional,outpatient,Antepartum care 7+ visits,Maternity,992.89,764.5699999999999,861.11,1118.25,1251.315,752.17,1315.59,992.4059999999999,178.4540094004926,10,10,.17981955,1.7490594,1.6366258,1.2986146
Blue Premier,2026-05-30,59426,professional,outpatient,Antepartum care 7+ visits,Maternity,915.75,649.63,776.97,1158.79,1307.75,606.27,6326.92,1040.505727532089,525.7913819612178,1402,21479,.50532293,10.435812,2.0130689,1.4914218
MyBlue Health HMO,2026-05-30,59426,professional,outpatient,Antepartum care 7+ visits,Maternity,753.27,580.0599999999999,619.05,833.3050000000001,952.25,469.47,5856.3,795.6055535714333,342.73062459028,1120,20758,.43077958,12.474279,1.6416405,1.346103
ParPlan,2026-05-30,59426,professional,outpatient,Antepartum care 7+ visits,Maternity,1038.28,649.63,843.63,1282.15,1590.07,590.98,6326.92,1097.804033433341,379.1755068354732,2333,57564,.34539452,10.705811,2.4476547,1.5198014
Blue Advantage HMO,2026-05-30,59510,institutional,outpatient,Cesarean delivery global,Maternity,3090.71,1883.4,2385.16,4225.59,10494.7,1013,76036.38,5884.204999999999,9572.181487214628,258,288,1.6267587,75.060593,5.5722098,1.7716171
Blue Choice PPO,2026-05-30,59510,institutional,outpatient,Cesarean delivery global,Maternity,4487.35,2704.37,3235.59,7195.57,11925.8,108.09,83545.85000000001,7596.152700729934,10419.70240635503,274,400,1.3717079,772.92859,4.4098258,2.223882
Blue Choice PPO common,2026-05-30,59510,institutional,outpatient,Cesarean delivery global,Maternity,4373.805,2656.08,3187.3,6825.44,12769.325,108.09,83545.85000000001,7943.573565217396,11300.15426297479,230,329,1.4225529,772.92859,4.8075829,2.141449
Blue Choice PPO group 039993,2026-05-30,59510,institutional,outpatient,Cesarean delivery global,Maternity,5300.09,2825.11,3899.615,8427,8620.190000000001,2438.77,9037,5780.089090909089,2287.369881860171,44,71,.39573264,3.7055564,3.051276,2.1609826
Blue Essentials,2026-05-30,59510,institutional,outpatient,Cesarean delivery global,Maternity,4153.15,2414.62,3018.27,6519.47,11568.03,100.89,76036.38,6959.506577946774,9549.893288172498,263,310,1.3722084,753.65625,4.7908282,2.1600022
Blue Essentials common,2026-05-30,59510,institutional,outpatient,Cesarean delivery global,Maternity,4153.15,2414.62,3018.27,6519.47,11568.03,100.89,76036.38,6959.506577946771,9549.8932881725,263,310,1.3722084,753.65625,4.7908282,2.1600022
Blue Premier,2026-05-30,59510,institutional,outpatient,Cesarean delivery global,Maternity,3984.125,2776.81,3428.76,5646,6108.99,1545.36,28395.93,4926.167894736845,3508.670426573696,76,88,.71225148,18.374962,2.2000029,1.6466594
MyBlue Health HMO,2026-05-30,59510,institutional,outpatient,Cesarean delivery global,Maternity,3035.18,1714.38,2671.38,6900.98,45950.22,1207.31,76036.38,10664.32646153846,16445.97147497701,65,85,1.5421481,62.979996,26.80282,2.5833015
ParPlan,2026-05-30,59510,institutional,outpatient,Cesarean delivery global,Maternity,4273.875,2704.37,3283.88,6442.745,10136.93,108.09,20176.56,5615.26341346154,4015.916914594469,208,234,.71517873,186.66444,3.7483518,1.9619308
Blue Advantage HMO,2026-05-30,59510,professional,outpatient,Cesarean delivery global,Maternity,2118.39,1811.05,1962.39,2222.86,2547.23,1588.28,15092.41,2281.771864139026,933.3489463728645,1266,21064,.4090457,9.5023613,1.4064934,1.132731
Blue Choice PPO,2026-05-30,59510,professional,outpatient,Cesarean delivery global,Maternity,2639.44,2156.2,2197.78,3069.29,3564.82,1791.79,16305.24,2915.910810611635,1362.28166495633,1357,28657,.46718907,9.0999727,1.6532882,1.396541
Blue Choice PPO common,2026-05-30,59510,professional,outpatient,Cesarean delivery global,Maternity,2639.44,2156.2,2197.78,3087.17,3564.82,1791.79,16305.24,2916.970782287815,1363.007585368115,1355,28645,.46726817,9.0999727,1.6532882,1.4046766
Blue Choice PPO group 039993,2026-05-30,59510,professional,outpatient,Cesarean delivery global,Maternity,2297.15,1897.68,2243.52,2702.54,3244.5,1897.68,3244.5,2477.348888888889,400.1797825804186,9,10,.1615355,1.7097192,1.7097192,1.2045982
Blue Essentials,2026-05-30,59510,professional,outpatient,Cesarean delivery global,Maternity,2620.35,2059.26,2197.78,2970.97,3473.42,1791.79,16305.24,2848.124383458633,1363.644469031336,1330,22602,.47878683,9.0999727,1.6867322,1.351805
Blue Essentials common,2026-05-30,59510,professional,outpatient,Cesarean delivery global,Maternity,2620.35,2059.26,2197.78,2970.97,3473.42,1791.79,16305.24,2848.124383458633,1363.644469031336,1330,22600,.47878683,9.0999727,1.6867322,1.351805
Blue Essentials group 295430,2026-05-30,59510,professional,outpatient,Cesarean delivery global,Maternity,2481.14,2279.97,2279.97,2682.31,2682.31,2279.97,2682.31,2481.14,284.4973423425956,2,2,.11466396,1.1764672,1.1764672,1.1764672
Blue Essentials group 295781,2026-05-30,59510,professional,outpatient,Cesarean delivery global,Maternity,2481.14,2279.97,2279.97,2682.31,2682.31,2279.97,2682.31,2481.14,284.4973423425956,2,2,.11466396,1.1764672,1.1764672,1.1764672
Blue Premier,2026-05-30,59510,professional,outpatient,Cesarean delivery global,Maternity,2279.97,2059.26,2197.78,2838.96,3384.17,1810.36,16305.24,2825.609625899283,1658.75421426979,695,10449,.58704293,9.006629,1.6433914,1.2917398
MyBlue Health HMO,2026-05-30,59510,professional,outpatient,Cesarean delivery global,Maternity,1962.39,1818.61,1880.69,2165.14,2492.22,1588.28,15092.41,2206.868538732396,1004.148150508765,568,10011,.45501041,9.5023613,1.3703983,1.1512477
ParPlan,2026-05-30,59510,professional,outpatient,Cesarean delivery global,Maternity,2536.71,2156.2,2197.78,3030.1,3564.82,1897.68,16305.24,2825.218301056328,1057.167628663218,1136,27748,.3741897,8.5921965,1.6532882,1.3787094
Blue Advantage HMO,2026-05-30,59514,institutional,outpatient,Cesarean delivery only,Maternity,1214.6,757.68,948.91,1992.71,4167.24,550.37,29881.18,2401.018532818533,3756.307685824149,259,289,1.5644642,54.292892,5.5,2.099999
Blue Choice PPO,2026-05-30,59514,institutional,outpatient,Cesarean delivery only,Maternity,1821.91,1089.16,1309.5,3083.96,6500.03,635.77,32832.29,3170.519127272729,4154.314952560775,275,404,1.3102949,51.641773,5.9679294,2.3550668
Blue Choice PPO common,2026-05-30,59514,institutional,outpatient,Cesarean delivery only,Maternity,1802.93,1062.78,1271.54,2846.73,5218.52,635.77,32832.29,3318.589656652362,4809.055533835661,233,328,1.4491262,51.641773,4.910254,2.2388048
Blue Choice PPO group 039993,2026-05-30,59514,institutional,outpatient,Cesarean delivery only,Maternity,2191.98,1110.22,1508.77,3387.61,7556,958.4,8102,3193.651627906976,2459.065916539323,43,67,.76998568,8.4536724,6.8058581,2.2452793
Blue Essentials,2026-05-30,59514,institutional,outpatient,Cesarean delivery only,Maternity,1659.005,1005.84,1208.705,2782.39,5522.66,531.39,29881.18,2920.56018939394,3819.810763583575,264,311,1.3079034,56.232109,5.4905949,2.3019595
Blue Essentials common,2026-05-30,59514,institutional,outpatient,Cesarean delivery only,Maternity,1659.005,1005.84,1208.705,2782.39,5522.66,531.39,29881.18,2920.56018939394,3819.810763583575,264,311,1.3079034,56.232109,5.4905949,2.3019595
Blue Premier,2026-05-30,59514,institutional,outpatient,Cesarean delivery only,Maternity,1613.15,1091.25,1375.92,2377.02,5063,607.3,11159.18,2323.854210526316,1716.488231511662,76,88,.73863852,18.375071,4.6396337,1.7275859
MyBlue Health HMO,2026-05-30,59514,institutional,outpatient,Cesarean delivery only,Maternity,1192.78,673.73,1060.75,3193.78,18057.76,474.45,29881.18,4217.72676923077,6454.997757900732,65,85,1.5304447,62.980671,26.802666,3.0108697
ParPlan,2026-05-30,59514,institutional,outpatient,Cesarean delivery only,Maternity,1739.75,1100,1316.18,2618.99,4261.95,635.77,7929.09,2282.642679425838,1567.656726840775,209,235,.6867727,12.471633,3.8745,1.9898418
Blue Advantage HMO,2026-05-30,59514,professional,outpatient,Cesarean delivery only,Maternity,725.77,369.2,660.11,828.8200000000001,971.12,248.5,5148.46,751.8624513847979,348.5605576535741,1697,24172,.46359617,20.718149,2.6303358,1.2555786
Blue Choice PPO,2026-05-30,59514,professional,outpatient,Cesarean delivery only,Maternity,909.87,383.4,730.86,1188.26,1423.08,255.6,5562.19,979.0360640000027,537.6444114826104,1875,32636,.5491569,21.761307,3.7117372,1.625838
Blue Choice PPO common,2026-05-30,59514,professional,outpatient,Cesarean delivery only,Maternity,909.87,383.4,730.86,1192.34,1423.08,255.6,5562.19,978.8503098290627,538.2145350271542,1872,32613,.54984355,21.761307,3.7117372,1.6314205
Blue Choice PPO group 039993,2026-05-30,59514,professional,outpatient,Cesarean delivery only,Maternity,934.39,390.5,735.0799999999999,1080.915,1152.89,326.6,1174.23,869.56375,265.3700320150463,16,20,.30517605,3.5953155,2.9523432,1.4704726
Blue Essentials,2026-05-30,59514,professional,outpatient,Cesarean delivery only,Maternity,884.2,369.2,704.96,1125.9,1324.58,248.5,5562.19,928.2361300813021,525.7064817680856,1845,26528,.56634992,22.383059,3.5877032,1.5971119
Blue Essentials common,2026-05-30,59514,professional,outpatient,Cesarean delivery only,Maternity,884.2,369.2,704.96,1125.9,1324.58,248.5,5562.19,928.4358414766571,525.89286896508,1842,26518,.5664289,22.383059,3.5877032,1.5971119
Blue Essentials group 295430,2026-05-30,59514,professional,outpatient,Cesarean delivery only,Maternity,870.095,284,284,979.95,1096.565,284,1152.89,703.9970000000001,350.5923974281879,10,11,.49800268,4.0594716,3.8611443,3.4505281
Blue Essentials group 295781,2026-05-30,59514,professional,outpatient,Cesarean delivery only,Maternity,870.095,284,284,979.95,1096.565,284,1152.89,703.9970000000001,350.5923974281879,10,11,.49800268,4.0594716,3.8611443,3.4505281
Blue Premier,2026-05-30,59514,professional,outpatient,Cesarean delivery only,Maternity,829.36,369.2,642.43,1041.19,1267.55,269.8,5562.19,904.1106097560994,605.845454657564,984,11848,.67010105,20.615974,3.433234,1.6207057
MyBlue Health HMO,2026-05-30,59514,professional,outpatient,Cesarean delivery only,Maternity,698.02,379.85,660.11,821.2,868.97,262.7,5148.46,730.7460131578935,382.7770555759422,760,11146,.52381682,19.598249,2.2876661,1.2440351
ParPlan,2026-05-30,59514,professional,outpatient,Cesarean delivery only,Maternity,909.87,390.5,730.86,1184.41,1403.96,269.8,5562.19,957.3250418006467,438.6132210708159,1555,30987,.45816541,20.615974,3.595288,1.6205703
Blue Advantage HMO,2026-05-30,59515,institutional,outpatient,Cesarean delivery w postpartum care,Maternity,1679.13,1036.34,1293.43,3341.95,10310.91,760.86,41309.21,3989.527027027027,6403.104810749346,148,163,1.6049784,54.292786,9.9493504,2.5837889
Blue Choice PPO,2026-05-30,59515,institutional,outpatient,Cesarean delivery w postpartum care,Maternity,2617.09,1465.57,1845.115,4571.225,12291.75,1013,45388.97,5080.434874999997,6914.031125130015,160,225,1.3609133,44.806484,8.3870096,2.4774742
Blue Choice PPO common,2026-05-30,59515,institutional,outpatient,Cesarean delivery w postpartum care,Maternity,2584.29,1456.12,1810.31,4353,15007.22,1013,45388.97,5224.75964539007,7314.595113789611,141,198,1.3999869,44.806484,10.306307,2.4045606
Blue Choice PPO group 039993,2026-05-30,59515,institutional,outpatient,Cesarean delivery w postpartum care,Maternity,3443.53,1639.775,2157.94,5897.1,7206,1521.71,7206,3921.084,2159.156015484803,20,30,.55065286,4.7354622,4.3945055,2.7327452
Blue Essentials,2026-05-30,59515,institutional,outpatient,Cesarean delivery w postpartum care,Maternity,2387.51,1311.82,1633.215,4219.88,9536.93,734.62,41309.21,4653.662960526318,6362.513321370183,152,169,1.3672055,56.232079,7.269999,2.5837872
Blue Essentials common,2026-05-30,59515,institutional,outpatient,Cesarean delivery w postpartum care,Maternity,2387.51,1311.82,1633.215,4219.88,9536.93,734.62,41309.21,4653.662960526318,6362.513321370183,152,169,1.3672055,56.232079,7.269999,2.5837872
Blue Premier,2026-05-30,59515,institutional,outpatient,Cesarean delivery w postpartum care,Maternity,2210.415,1529.03,1889.02,3318.9,4828,1176.17,15427,3028.267391304348,2328.710895942631,46,48,.76899117,13.116302,3.1575575,1.7569427
MyBlue Health HMO,2026-05-30,59515,institutional,outpatient,Cesarean delivery w postpartum care,Maternity,2623.64,1167.52,1626.66,12029.39,25737.91,655.91,41309.21,8075.23815789474,10459.56190578948,38,47,1.2952635,62.979996,22.044941,7.3951473
ParPlan,2026-05-30,59515,institutional,outpatient,Cesarean delivery w postpartum care,Maternity,2289.95,1521.71,1786.15,3705.895,5880.87,1013,10961.57,3199.59775862069,2287.223722617934,116,120,.71484727,10.820898,3.8646457,2.074795
Blue Advantage HMO,2026-05-30,59515,professional,outpatient,Cesarean delivery w postpartum care,Maternity,1216.25,1033.82,1074.92,1279.12,1438.31,831.03,7414.31,1289.164904397712,515.3634032285497,1046,10428,.39976531,8.9218321,1.3912576,1.1899676
Blue Choice PPO,2026-05-30,59515,professional,outpatient,Cesarean delivery w postpartum care,Maternity,1719.97,1273.48,1393.84,2046.03,2107.69,930.71,8010.13,1795.480842844591,735.4753968716461,1139,12847,.40962586,8.606472,1.6550633,1.4679087
Blue Choice PPO common,2026-05-30,59515,professional,outpatient,Cesarean delivery w postpartum care,Maternity,1729.55,1273.48,1393.84,2046.03,2107.69,930.71,8010.13,1795.956716549287,736.3640890504104,1136,12832,.41001216,8.606472,1.6550633,1.4679087
Blue Choice PPO group 039993,2026-05-30,59515,professional,outpatient,Cesarean delivery w postpartum care,Maternity,1433.91,1273.48,1318.13,1616.43,1707.51,1082.46,2046.03,1478.872307692307,247.4788819325077,13,18,.16734298,1.8901669,1.340822,1.2263055
Blue Essentials,2026-05-30,59515,professional,outpatient,Cesarean delivery w postpartum care,Maternity,1540.67,1220.16,1309.57,1842.92,1996.87,897.48,8010.13,1679.066577540117,750.8138759750622,1122,12257,.44716147,8.9251347,1.636564,1.4072711
Blue Essentials common,2026-05-30,59515,professional,outpatient,Cesarean delivery w postpartum care,Maternity,1540.67,1220.16,1309.57,1842.92,1996.87,897.48,8010.13,1679.244473214296,751.4532178695822,1120,12255,.44749483,8.9251347,1.636564,1.4072711
Blue Essentials group 295430,2026-05-30,59515,professional,outpatient,Cesarean delivery w postpartum care,Maternity,1579.445,1451.38,1451.38,1707.51,1707.51,1451.38,1707.51,1579.445,181.1112598653103,2,2,.11466766,1.1764734,1.1764734,1.1764734
Blue Essentials group 295781,2026-05-30,59515,professional,outpatient,Cesarean delivery w postpartum care,Maternity,1579.445,1451.38,1451.38,1707.51,1707.51,1451.38,1707.51,1579.445,181.1112598653103,2,2,.11466766,1.1764734,1.1764734,1.1764734
Blue Premier,2026-05-30,59515,professional,outpatient,Cesarean delivery w postpartum care,Maternity,1540.67,1100.61,1286.78,1697.34,1996.87,1044.09,8010.13,1715.15645348837,968.6811687586322,516,4636,.56477714,7.6718769,1.8143302,1.31906
MyBlue Health HMO,2026-05-30,59515,professional,outpatient,Cesarean delivery w postpartum care,Maternity,1170.72,1010.18,1043.41,1251.41,1438.31,831.03,7414.31,1278.837442455241,644.6044474289928,391,3798,.50405502,8.9218321,1.4238156,1.1993464
ParPlan,2026-05-30,59515,professional,outpatient,Cesarean delivery w postpartum care,Maternity,1706.415,1273.48,1433.91,2032.945,2107.69,1082.46,8010.13,1743.125022026424,517.2543700302913,908,9173,.2967397,7.3999314,1.6550633,1.4177634
Blue Advantage HMO,2026-05-30,76801,institutional,outpatient,OB ultrasound <14wk,Maternity,112.775,73.52,80.87,175.71,251.44,49.99,525.17,142.5177551020409,78.84607014427407,294,348,.55323684,10.505501,3.4200218,2.1727464
Blue Choice PPO,2026-05-30,76801,institutional,outpatient,OB ultrasound <14wk,Maternity,203.5,80.87,90.72,297.76,355.84,57.35,716.34,213.4304155844157,131.2201538181388,385,1194,.6148147,12.490671,4.4001484,3.282187
Blue Choice PPO common,2026-05-30,76801,institutional,outpatient,OB ultrasound <14wk,Maternity,170.44,80.87,90.72,274.23,329.37,57.35,558.36,190.6495857988169,106.1718410692294,338,1118,.5568952,9.7360067,4.0728331,3.0228174
Blue Choice PPO group 039993,2026-05-30,76801,institutional,outpatient,OB ultrasound <14wk,Maternity,310.25,228.65,254.38,408.04,691.3200000000001,119.84,716.34,367.4414893617021,168.5097008171123,47,77,.45860282,5.9774699,3.0234857,1.604057
Blue Essentials,2026-05-30,76801,institutional,outpatient,OB ultrasound <14wk,Maternity,211.71,80.87,111.54,282.32,351.43,54.4,680.53,214.8643396226416,122.0143900083957,318,385,.5678671,12.509743,4.3456163,2.5311098
Blue Essentials common,2026-05-30,76801,institutional,outpatient,OB ultrasound <14wk,Maternity,211.71,80.87,111.54,282.32,351.43,54.4,680.53,214.8643396226416,122.0143900083957,318,385,.5678671,12.509743,4.3456163,2.5311098
Blue Premier,2026-05-30,76801,institutional,outpatient,OB ultrasound <14wk,Maternity,169.1,73.52,80.87,238.2,376.1,61.02,505.08,181.172429906542,118.1554077431309,107,133,.65217102,8.2772865,5.1156149,2.9454679
MyBlue Health HMO,2026-05-30,76801,institutional,outpatient,OB ultrasound <14wk,Maternity,98.595,73.52,80.87,139.925,221.3,35.29,273.49,117.7607954545455,55.0320152425734,88,124,.46732035,7.7497873,3.0100653,1.7302461
ParPlan,2026-05-30,76801,institutional,outpatient,OB ultrasound <14wk,Maternity,188.43,82.91,90.72,290.4,376.85,57.35,644.62,212.892693602694,136.3370154528287,297,746,.6404025,11.240105,4.54529,3.2010581
Blue Advantage HMO,2026-05-30,76801,professional,outpatient,OB ultrasound <14wk,Maternity,77.59,32.94,36.46,90.88,104.56,24.95,671.79,70.41414618369988,43.09323237464285,3092,53411,.61199683,26.925451,3.1742563,2.4925947
Blue Choice PPO,2026-05-30,76801,professional,outpatient,OB ultrasound <14wk,Maternity,83.45,36.39,39.35,98.31,114.79,29.92,725.77,79.74570493753784,58.4029631705861,3362,70877,.73236501,24.257019,3.154438,2.4983482
Blue Choice PPO common,2026-05-30,76801,professional,outpatient,OB ultrasound <14wk,Maternity,83.45,36.39,39.35,98.31,114.79,29.92,725.77,79.72398393335385,58.41057456232506,3361,70895,.73266,24.257019,3.154438,2.4983482
Blue Choice PPO group 039993,2026-05-30,76801,professional,outpatient,OB ultrasound <14wk,Maternity,75.77000000000001,34.78,38.39,95.7,104.21,32.63,122.94,70.01468750000004,31.02224435885456,32,38,.44308195,3.7676985,2.9962623,2.4928367
Blue Essentials,2026-05-30,76801,professional,outpatient,OB ultrasound <14wk,Maternity,81.34,35.53,39.16,98.03,114.02,29.92,725.77,78.25103552991138,58.33918723191087,3293,58195,.74553883,24.257019,3.2091191,2.5033197
Blue Essentials common,2026-05-30,76801,professional,outpatient,OB ultrasound <14wk,Maternity,81.34,35.53,39.16,98.03,114.02,29.92,725.77,78.26395370088279,58.4008348254739,3283,58043,.74620348,24.257019,3.2091191,2.5033197
Blue Essentials group 295430,2026-05-30,76801,professional,outpatient,OB ultrasound <14wk,Maternity,75.205,35.53,36.46,90.88,104.21,34,128.07,67.96318181818182,30.02058925056349,66,156,.44171843,3.7667646,2.9330144,2.4925947
Blue Essentials group 295781,2026-05-30,76801,professional,outpatient,OB ultrasound <14wk,Maternity,75.205,35.53,36.46,90.88,104.21,34,128.07,67.96318181818181,30.0205892505635,66,156,.44171843,3.7667646,2.9330144,2.4925947
Blue Premier,2026-05-30,76801,professional,outpatient,OB ultrasound <14wk,Maternity,81.34,35.53,38.88,96.92,114.02,30.77,725.77,78.30312466559701,64.26791682692004,1869,26629,.82075799,23.586935,3.2091191,2.4927983
MyBlue Health HMO,2026-05-30,76801,professional,outpatient,OB ultrasound <14wk,Maternity,77.25999999999999,32.94,36.46,90.88,98.8,24.95,671.79,70.23896262886655,47.50110635129387,1552,24982,.67627859,26.925451,2.9993927,2.4925947
ParPlan,2026-05-30,76801,professional,outpatient,OB ultrasound <14wk,Maternity,83.45,36.46,39.35,98.17,114.79,31.19,725.77,77.34532329798201,47.0862671537339,2923,65801,.60877973,23.269318,3.1483817,2.4947903
Blue Advantage HMO,2026-05-30,76805,institutional,outpatient,OB ultrasound >=14wk,Maternity,135.44,91.54000000000001,100.69,212.37,299.32,62.25,660.24,170.7976797385622,89.84079657203121,306,383,.52600712,10.606265,3.2698274,2.1091468
Blue Choice PPO,2026-05-30,76805,institutional,outpatient,OB ultrasound >=14wk,Maternity,293.385,100.69,153.79,378.98,463.19,71.40000000000001,701.97,283.880981595092,135.6749633282075,326,489,.47792903,9.8315125,4.6001587,2.4642694
Blue Choice PPO common,2026-05-30,76805,institutional,outpatient,OB ultrasound >=14wk,Maternity,268.74,100.69,144.52,364.84,410.1,71.40000000000001,701.97,262.7006859205775,128.0273528967353,277,398,.48735067,9.8315125,4.072897,2.5244949
Blue Choice PPO group 039993,2026-05-30,76805,institutional,outpatient,OB ultrasound >=14wk,Maternity,386.3,284.69,316.73,537.78,551.0700000000001,149.21,627.96,407.5844680851063,115.2128695032262,47,75,.28267238,4.2085652,1.9356844,1.6979131
Blue Essentials,2026-05-30,76805,institutional,outpatient,OB ultrasound >=14wk,Maternity,151.815,93.69,119,310.32,379.405,67.73999999999999,680.64,214.5050222222223,127.06050630145,450,2509,.59234279,10.04783,4.0495782,2.6077311
Blue Essentials common,2026-05-30,76805,institutional,outpatient,OB ultrasound >=14wk,Maternity,151.815,93.69,119,310.32,379.405,67.73999999999999,680.64,214.5050222222223,127.06050630145,450,2509,.59234279,10.04783,4.0495782,2.6077311
Blue Premier,2026-05-30,76805,institutional,outpatient,OB ultrasound >=14wk,Maternity,109.39,93.69,93.69,256.97,318.56,75.98,628.88,178.9375694444442,110.297329990993,144,926,.6164012,8.2769146,3.4001493,2.7427688
MyBlue Health HMO,2026-05-30,76805,institutional,outpatient,OB ultrasound >=14wk,Maternity,120.36,91.54000000000001,100.69,173.33,275.54,43.94,340.53,145.1375280898878,68.4630866413178,89,125,.47171181,7.749886,3.0100503,1.7214222
ParPlan,2026-05-30,76805,institutional,outpatient,OB ultrasound >=14wk,Maternity,276.405,103.43,151.04,374.75,514.34,71.40000000000001,802.62,293.9515322580644,169.2924593643871,248,287,.57591963,11.241177,4.9728317,2.4811308
Blue Advantage HMO,2026-05-30,76805,professional,outpatient,OB ultrasound >=14wk,Maternity,92.22,33.17,36.72,109.38,120.44,25.13,774.26,78.89536908517321,50.73530542100095,3170,53187,.64307076,30.810186,3.6309919,2.9787581
Blue Choice PPO,2026-05-30,76805,professional,outpatient,OB ultrasound >=14wk,Maternity,93.69,36.65,39.64,113.24,137.67,30.13,836.48,88.69027288732356,67.82085517456161,3408,68354,.76469326,27.762363,3.7563438,2.8567104
Blue Choice PPO common,2026-05-30,76805,professional,outpatient,OB ultrasound >=14wk,Maternity,93.69,36.65,39.64,113.24,137.67,30.13,836.48,88.66900234741743,67.83084128399828,3408,68324,.76498932,27.762363,3.7563438,2.8567104
Blue Choice PPO group 039993,2026-05-30,76805,professional,outpatient,OB ultrasound >=14wk,Maternity,82.19499999999999,35.03,38.66,110.23,137.67,32.86,138.47,78.38361111111114,37.85653913340112,36,44,.48296499,4.2139378,3.9300599,2.8512676
Blue Essentials,2026-05-30,76805,professional,outpatient,OB ultrasound >=14wk,Maternity,93.69,35.79,39.44,112.92,133.34,20.52,836.48,87.00344504830859,67.79003591511352,3312,55698,.77916497,40.764133,3.7256217,2.8630831
Blue Essentials common,2026-05-30,76805,professional,outpatient,OB ultrasound >=14wk,Maternity,93.69,35.79,39.44,112.92,133.34,20.52,836.48,87.01804663840038,67.85664186391178,3302,55542,.77979964,40.764133,3.7256217,2.8630831
Blue Essentials group 295430,2026-05-30,76805,professional,outpatient,OB ultrasound >=14wk,Maternity,84.39,35.79,40.13,114.4,120.04,34.24,145.73,77.01271428571431,37.80923148226505,70,160,.4909479,4.2561331,3.3540094,2.8507352
Blue Essentials group 295781,2026-05-30,76805,professional,outpatient,OB ultrasound >=14wk,Maternity,84.39,35.79,40.13,114.4,120.04,34.24,145.73,77.01271428571431,37.80923148226505,70,160,.4909479,4.2561331,3.3540094,2.8507352
Blue Premier,2026-05-30,76805,professional,outpatient,OB ultrasound >=14wk,Maternity,93.69,35.79,39.06,111.63,131.33,30.77,836.48,87.01398078975414,74.41425258996303,1874,25592,.8551988,27.184921,3.6694608,2.8579109
MyBlue Health HMO,2026-05-30,76805,professional,outpatient,OB ultrasound >=14wk,Maternity,89.08,33.17,36.72,104.68,113.81,25.13,774.26,78.63042378241556,55.66194578995677,1581,24698,.70789325,30.810186,3.4311125,2.8507626
ParPlan,2026-05-30,76805,professional,outpatient,OB ultrasound >=14wk,Maternity,93.69,36.65,39.42,113.08,132.22,31.41,836.48,85.73869946091672,55.29541382505627,2968,63981,.64492947,26.63101,3.6076398,2.8685946
Blue Advantage HMO,2026-05-30,76811,institutional,outpatient,OB ultrasound detailed,Maternity,128.01,84.69,93.16,201.565,294.72,57.59,604.2,164.4145945945947,91.45745133808848,296,350,.55626112,10.491405,3.4799857,2.1636431
Blue Choice PPO,2026-05-30,76811,institutional,outpatient,OB ultrasound detailed,Maternity,271.01,93.16,139.74,352.31,435.18,66.06,799.5,272.4942201834865,151.1546100981196,327,477,.55470759,12.102634,4.6713181,2.5211823
Blue Choice PPO common,2026-05-30,76811,institutional,outpatient,OB ultrasound detailed,Maternity,250.68,93.16,130,340.285,385.85,66.06,799.5,246.9318214285717,128.4193734361426,280,409,.52006006,12.102634,4.141799,2.6175768
Blue Choice PPO group 039993,2026-05-30,76811,institutional,outpatient,OB ultrasound detailed,Maternity,357.39,263.39,293.875,485.275,753.63,138.04,780.9400000000001,422.6712499999999,183.5992294243437,48,77,.43437833,5.6573458,2.8612704,1.6512973
Blue Essentials,2026-05-30,76811,institutional,outpatient,OB ultrasound detailed,Maternity,219.35,77.91,94.19,319.28,389.57,62.67,799.5,229.6988579387192,144.1337736235728,359,1332,.62749016,12.7573,5.0002565,3.389744
Blue Essentials common,2026-05-30,76811,institutional,outpatient,OB ultrasound detailed,Maternity,219.35,77.91,94.19,319.28,389.57,62.67,799.5,229.6988579387192,144.1337736235728,359,1326,.62749016,12.7573,5.0002565,3.389744
Blue Premier,2026-05-30,76811,institutional,outpatient,OB ultrasound detailed,Maternity,194.79,84.69,93.16,274.4,435.18,70.29000000000001,581.8200000000001,206.3810280373831,130.7023949264099,107,133,.63330626,8.277422,5.138505,2.9454701
MyBlue Health HMO,2026-05-30,76811,institutional,outpatient,OB ultrasound detailed,Maternity,113.83,84.69,93.16,161.55,254.92,40.65,394,137.8838636363637,68.80501995572433,88,124,.49900705,9.6924973,3.0100367,1.7341133
ParPlan,2026-05-30,76811,institutional,outpatient,OB ultrasound detailed,Maternity,256.44,95.93000000000001,139.74,351.445,486.97,66.06,799.5,276.905685483871,163.403034011687,248,287,.59010357,12.102634,5.0763059,2.5149922
Blue Advantage HMO,2026-05-30,76811,professional,outpatient,OB ultrasound detailed,Maternity,125.03,62.84,69.53,145.4,159.39,58.98,1000.09,116.7391449275373,61.67608481571882,2760,48151,.52832395,16.956427,2.5364418,2.0911837
Blue Choice PPO,2026-05-30,76811,professional,outpatient,OB ultrasound detailed,Maternity,130.64,67.77,74.64,153.69,194.49,57.06,1080.46,131.8152950983679,87.80632480382555,2999,64490,.66613156,18.935507,2.869854,2.0590837
Blue Choice PPO common,2026-05-30,76811,professional,outpatient,OB ultrasound detailed,Maternity,130.64,67.77,74.64,153.69,194.49,57.06,1080.46,131.7949432576788,87.84307243215379,2996,64490,.6665132,18.935507,2.869854,2.0590837
Blue Choice PPO group 039993,2026-05-30,76811,professional,outpatient,OB ultrasound detailed,Maternity,128.085,66.34,73.20999999999999,145.87,190.62,62.23,197.83,117.8377777777778,43.72217724458077,18,22,.37103701,3.1790133,2.8733795,1.9924873
Blue Essentials,2026-05-30,76811,professional,outpatient,OB ultrasound detailed,Maternity,127.02,67.7,74.14,149.44,186.855,57.06,1080.46,128.8535374149674,87.16484200212709,2940,52271,.6764645,18.935507,2.7600443,2.015646
Blue Essentials common,2026-05-30,76811,professional,outpatient,OB ultrasound detailed,Maternity,127.02,67.7,74.14,149.44,187.58,57.06,1080.46,128.874130879347,87.23439569382832,2934,52125,.6768961,18.935507,2.7707534,2.015646
Blue Essentials group 295430,2026-05-30,76811,professional,outpatient,OB ultrasound detailed,Maternity,127.205,67.77,69.53,138.53,158.86,64.84,204.35,111.1440625,39.13820573702239,64,154,.35213941,3.1516039,2.344105,1.9923774
Blue Essentials group 295781,2026-05-30,76811,professional,outpatient,OB ultrasound detailed,Maternity,127.205,67.77,69.53,138.53,158.86,64.84,204.35,111.1440625,39.13820573702239,64,154,.35213941,3.1516039,2.344105,1.9923774
Blue Premier,2026-05-30,76811,professional,outpatient,OB ultrasound detailed,Maternity,126.48,67.7,73.20999999999999,147.73,188.98,58.98,1080.46,130.6962040025822,102.356434554718,1549,23290,.78316301,18.319092,2.7914329,2.0178938
MyBlue Health HMO,2026-05-30,76811,professional,outpatient,OB ultrasound detailed,Maternity,123.59,62.84,69.53,138.53,159.39,58.98,1000.09,117.5009222133118,69.40192089176408,1247,22120,.59065002,16.956427,2.5364418,1.9923774
ParPlan,2026-05-30,76811,professional,outpatient,OB ultrasound detailed,Maternity,130.64,69.40000000000001,74.64,153.69,186.53,62.23,1080.46,127.1593829541086,66.71646795201691,2593,61142,.5246681,17.362366,2.6877522,2.0590837
Blue Advantage HMO,2026-05-30,76817,institutional,outpatient,OB ultrasound transvaginal,Maternity,123.29,67.25,77.90000000000001,224.16,331.76,32.78,1093.49,166.7962352941177,116.5772734390871,425,719,.69892031,33.358452,4.9332342,2.8775353
Blue Choice PPO,2026-05-30,76817,institutional,outpatient,OB ultrasound transvaginal,Maternity,239.85,67.25,93.03,404.62,493.15,37.5,1162.6,265.8040262582055,179.821890716018,457,870,.67652059,31.002666,7.3330855,4.3493495
Blue Choice PPO common,2026-05-30,76817,institutional,outpatient,OB ultrasound transvaginal,Maternity,193.9,67.25,84.84,377.71,478.58,37.5,1162.6,244.8141075794618,174.5697800567636,409,781,.71307075,31.002666,7.1164312,4.4520273
Blue Choice PPO group 039993,2026-05-30,76817,institutional,outpatient,OB ultrasound transvaginal,Maternity,428.15,348.57,383.54,485.31,607.47,182.69,768.87,445.9559574468085,113.4543149132413,47,71,.25440699,4.2086048,1.742749,1.2653439
Blue Essentials,2026-05-30,76817,institutional,outpatient,OB ultrasound transvaginal,Maternity,211.27,67.25,84.84,367.62,452.8,37.5,1127.28,242.9385426008965,163.9972616252109,446,759,.67505658,30.060801,6.7330856,4.3330975
Blue Essentials common,2026-05-30,76817,institutional,outpatient,OB ultrasound transvaginal,Maternity,211.27,67.25,84.84,367.62,452.8,37.5,1127.28,242.9385426008965,163.9972616252109,446,759,.67505658,30.060801,6.7330856,4.3330975
Blue Premier,2026-05-30,76817,institutional,outpatient,OB ultrasound transvaginal,Maternity,123.29,67.25,68.68000000000001,271.11,367.06,40.97,769.99,179.103117647059,131.401894658367,170,271,.73366612,18.793995,5.4581413,3.9474373
MyBlue Health HMO,2026-05-30,76817,institutional,outpatient,OB ultrasound transvaginal,Maternity,123.29,67.25,69.48999999999999,177.41,235.37,40.97,416.94,138.9320129870131,81.11927785497258,154,281,.5838775,10.176715,3.4999256,2.5530293
ParPlan,2026-05-30,76817,institutional,outpatient,OB ultrasound transvaginal,Maternity,184.93,67.25,68.68000000000001,390.31,537.96,37.5,1162.6,261.7593442622949,221.9087585278004,366,625,.84775871,31.002666,7.9994054,5.6830225
Blue Advantage HMO,2026-05-30,76817,professional,outpatient,OB ultrasound transvaginal,Maternity,63.88,24.95,28.84,75.16,82.39,23.29,529.46,55.89795975017356,35.07367951308167,2882,52507,.62745905,22.733362,3.3022044,2.6061027
Blue Choice PPO,2026-05-30,76817,professional,outpatient,OB ultrasound transvaginal,Maternity,65.84999999999999,27.55,29.82,79.45,95.56,22.65,572.01,63.68914449818637,47.0898413954498,3308,71074,.73936999,25.254305,3.4686027,2.6643193
Blue Choice PPO common,2026-05-30,76817,professional,outpatient,OB ultrasound transvaginal,Maternity,65.84999999999999,27.55,29.82,79.45,95.23,22.65,572.01,63.68471584038709,47.08552920214229,3308,71057,.73935366,25.254305,3.4566243,2.6643193
Blue Choice PPO group 039993,2026-05-30,76817,professional,outpatient,OB ultrasound transvaginal,Maternity,58.62,26.44,29.845,77.43000000000001,89.075,24.71,97.83,55.4895,25.51074128263375,20,24,.45973998,3.9591258,3.3689485,2.5944045
Blue Essentials,2026-05-30,76817,professional,outpatient,OB ultrasound transvaginal,Maternity,64.66,26.88,29.44,76.93000000000001,92.88,15.57,572.01,61.58008760545076,47.81945367438266,3082,57318,.77654088,36.737957,3.4553571,2.6131115
Blue Essentials common,2026-05-30,76817,professional,outpatient,OB ultrasound transvaginal,Maternity,64.66,26.88,29.44,76.92,92.88,15.57,572.01,61.58829538061133,47.86274150080206,3074,57164,.7771402,36.737957,3.4553571,2.6127717
Blue Essentials group 295430,2026-05-30,76817,professional,outpatient,OB ultrasound transvaginal,Maternity,60.14,26.9,28.885,74.935,82.12,25.74,101.78,54.12985294117648,24.74613309111396,68,158,.45716238,3.9541569,3.052788,2.5942531
Blue Essentials group 295781,2026-05-30,76817,professional,outpatient,OB ultrasound transvaginal,Maternity,60.14,26.9,28.885,74.935,82.12,25.74,101.78,54.12985294117648,24.74613309111396,68,158,.45716238,3.9541569,3.052788,2.5942531
Blue Premier,2026-05-30,76817,professional,outpatient,OB ultrasound transvaginal,Maternity,64.09,26.88,29.07,76.37,89.84,23.29,572.01,61.95908442330578,53.27617830262428,1682,25522,.85986066,24.560326,3.3422618,2.6271069
MyBlue Health HMO,2026-05-30,76817,professional,outpatient,OB ultrasound transvaginal,Maternity,63.88,24.95,27.6,71.61,82.39,23.29,529.46,56.66687822878219,39.4727036538935,1355,23756,.69657451,22.733362,3.3022044,2.5945652
ParPlan,2026-05-30,76817,professional,outpatient,OB ultrasound transvaginal,Maternity,67.53,27.55,29.82,77.47,90.45,24.71,572.01,61.64969592259863,38.3289714856047,2894,66241,.62172198,23.148928,3.2831216,2.5979209
Blue Advantage HMO,2026-05-30,59400,institutional,outpatient,Vaginal delivery global,Maternity,2283.105,1472.5,1698.72,3070.75,5205.04,1013,68580.17999999999,3794.875632911397,6587.221845892224,474,694,1.7358202,67.700081,3.534832,1.8076847
Blue Choice PPO,2026-05-30,59400,institutional,outpatient,Vaginal delivery global,Maternity,3115.91,1735.44,2395.62,4573.46,7556,47.22,75353.25999999999,4922.51048449612,7179.416157531993,516,859,1.4584867,1595.7911,4.3539391,1.9090924
Blue Choice PPO common,2026-05-30,59400,institutional,outpatient,Vaginal delivery global,Maternity,3093.45,1735.44,2263.5,4355.68,7273.99,47.22,75353.25999999999,4901.321252653924,7488.262830234804,471,778,1.527805,1595.7911,4.1914387,1.9243119
Blue Choice PPO group 039993,2026-05-30,59400,institutional,outpatient,Vaginal delivery global,Maternity,4780.360000000001,2548.07,3451.88,7556,7774.89,2199.62,8102,5176.567954545454,2079.037693183343,44,72,.40162474,3.6833634,3.051286,2.1889522
Blue Essentials,2026-05-30,59400,institutional,outpatient,Vaginal delivery global,Maternity,2831.19,1538.23,2177.84,4181.455,7178,44.07,68580.17999999999,4497.485479999993,6552.319975498157,500,757,1.4568852,1556.1648,4.6664023,1.920001
Blue Essentials common,2026-05-30,59400,institutional,outpatient,Vaginal delivery global,Maternity,2831.19,1538.23,2177.84,4225.01,7178,44.07,68580.17999999999,4502.388296593179,6557.977184968026,499,756,1.4565552,1556.1648,4.6664023,1.9400002
Blue Essentials group 295430,2026-05-30,59400,institutional,outpatient,Vaginal delivery global,Maternity,2050.98,2050.98,2050.98,2050.98,2050.98,2050.98,2050.98,2050.98,,1,1,,1,1,1
Blue Essentials group 295781,2026-05-30,59400,institutional,outpatient,Vaginal delivery global,Maternity,2050.98,2050.98,2050.98,2050.98,2050.98,2050.98,2050.98,2050.98,,1,1,,1,1,1
Blue Premier,2026-05-30,59400,institutional,outpatient,Vaginal delivery global,Maternity,2273,1538.23,1765.53,3419.21,5063,1282.65,25611.4,3013.410819672129,2387.838581014469,183,258,.79240394,19.967567,3.2914453,1.9366479
MyBlue Health HMO,2026-05-30,59400,institutional,outpatient,Vaginal delivery global,Maternity,2313.92,1472.5,1690.08,2787.64,4791.25,1088.92,68580.17999999999,4832.443296089385,9615.495191955943,179,275,1.9897792,62.98,3.2538199,1.649413
ParPlan,2026-05-30,59400,institutional,outpatient,Vaginal delivery global,Maternity,3114.31,1735.44,2263.5,4300.9,9139.41,47.22,18198.03,4225.348111380137,3455.76998775431,413,604,.81786633,385.38818,5.266336,1.9001105
Blue Advantage HMO,2026-05-30,59400,professional,outpatient,Vaginal delivery global,Maternity,1907.05,1637.18,1766.61,2033.86,2308.43,1439.11,13640.67,2069.942839313588,854.5514512990466,1282,22523,.41283819,9.4785461,1.4100038,1.1512785
Blue Choice PPO,2026-05-30,59400,professional,outpatient,Vaginal delivery global,Maternity,2394.32,1941.09,1978.52,2826.87,3209.18,1681.74,14736.84,2632.961051094896,1216.079365950226,1370,30545,.4618676,8.7628527,1.6532875,1.4287801
Blue Choice PPO common,2026-05-30,59400,professional,outpatient,Vaginal delivery global,Maternity,2394.32,1941.09,1978.52,2826.25,3209.18,1681.74,14736.84,2632.160116873635,1216.590642440696,1369,30539,.46220237,8.7628527,1.6532875,1.4284667
Blue Choice PPO group 039993,2026-05-30,59400,professional,outpatient,Vaginal delivery global,Maternity,2231.15,1978.52,2014.765,2552.635,2920.81,1708.36,3085.38,2313.188333333333,416.0702851864713,12,14,.17986874,1.8060479,1.4762601,1.2669641
Blue Essentials,2026-05-30,59400,professional,outpatient,Vaginal delivery global,Maternity,2365.08,1853.82,1978.52,2727.8,3126.89,1473,14736.84,2573.821649331357,1225.289762780978,1346,24432,.47605854,10.004643,1.686728,1.3787073
Blue Essentials common,2026-05-30,59400,professional,outpatient,Vaginal delivery global,Maternity,2365.08,1853.82,1978.52,2727.8,3126.89,1473,14736.84,2573.404747023814,1226.121525540346,1344,24428,.47645888,10.004643,1.686728,1.3787073
Blue Essentials group 295430,2026-05-30,59400,professional,outpatient,Vaginal delivery global,Maternity,2518.645,2052.5,2233.605,2853.98,3085.38,2052.5,3085.38,2543.7925,431.1052086111541,4,4,.16947342,1.5032302,1.5032302,1.2777461
Blue Essentials group 295781,2026-05-30,59400,professional,outpatient,Vaginal delivery global,Maternity,2518.645,2052.5,2233.605,2853.98,3085.38,2052.5,3085.38,2543.7925,431.1052086111541,4,4,.16947342,1.5032302,1.5032302,1.2777461
Blue Premier,2026-05-30,59400,professional,outpatient,Vaginal delivery global,Maternity,2052.5,1853.82,1978.52,2555.73,3126.89,1629.75,14736.84,2559.576500000003,1497.870236842225,680,10857,.5852024,9.0423927,1.686728,1.2917383
MyBlue Health HMO,2026-05-30,59400,professional,outpatient,Vaginal delivery global,Maternity,1766.61,1637.18,1710.105,1960.31,2293.1,1439.11,13640.67,2016.399772727282,981.010163611854,572,10514,.4865157,9.4785461,1.4006401,1.1463097
ParPlan,2026-05-30,59400,professional,outpatient,Vaginal delivery global,Maternity,2283.64,1941.09,1978.52,2727.8,3209.18,1708.36,14736.84,2533.191571553999,924.0763138008916,1139,29081,.36478737,8.6263084,1.6532875,1.3787073
Blue Advantage HMO,2026-05-30,59409,institutional,outpatient,Vaginal delivery only,Maternity,3097.64,1773.65,2110.89,4209.3,5970.46,1013,12477.51,3485.386702898551,1876.215684827015,276,304,.53830922,12.317384,3.3661997,1.9940878
Blue Choice PPO,2026-05-30,59409,institutional,outpatient,Vaginal delivery only,Maternity,4335.63,2512.59,3147.61,6514.13,8293.690000000001,1013,13136.61,4961.95046979866,2335.085172639013,298,425,.47059825,12.968025,3.300853,2.0695479
Blue Choice PPO common,2026-05-30,59409,institutional,outpatient,Vaginal delivery only,Maternity,4446.62,2473.12,3047.68,6514.13,8268.709999999999,1013,13136.61,4959.533092369478,2419.303218168071,249,345,.48780867,12.968025,3.3434327,2.1374061
Blue Choice PPO group 039993,2026-05-30,59409,institutional,outpatient,Vaginal delivery only,Maternity,4236.905000000001,2922.78,3941.5,5508.309999999999,8918.219999999999,2523.08,8918.219999999999,4901.207291666665,1827.36744308697,48,77,.37284026,3.534656,3.05128,1.3975161
Blue Essentials,2026-05-30,59409,institutional,outpatient,Vaginal delivery only,Maternity,3822.09,2168,2872.81,5862.72,7544.26,1013,13136.61,4488.605088339225,2212.528940553177,283,330,.49292126,12.968025,3.4798248,2.0407615
Blue Essentials common,2026-05-30,59409,institutional,outpatient,Vaginal delivery only,Maternity,3822.09,2168,2872.81,5862.72,7544.26,1013,13136.61,4488.605088339225,2212.528940553177,283,330,.49292126,12.968025,3.4798248,2.0407615
Blue Premier,2026-05-30,59409,institutional,outpatient,Vaginal delivery only,Maternity,3847.07,2637,2866,4396.66,5970.46,1598.78,13136.61,3976.307922077921,1645.269646131742,77,89,.41376817,8.2166462,2.2641108,1.5340754
MyBlue Health HMO,2026-05-30,59409,institutional,outpatient,Vaginal delivery only,Maternity,3166.945,1773.65,2398.18,4946.24,5495.82,1249.05,7319.43,3565.41581081081,1428.077637658696,74,89,.40053606,5.8599977,3.0985932,2.0624974
ParPlan,2026-05-30,59409,institutional,outpatient,Vaginal delivery only,Maternity,4349.844999999999,2458.815,3105.665,6070.385,9650.970000000001,1013,20874.12,5449.81209090909,3999.92162846251,220,249,.73395586,20.606239,3.9250493,1.9546168
Blue Advantage HMO,2026-05-30,59409,professional,outpatient,Vaginal delivery only,Maternity,724.02,582,615.42,761.4400000000001,918.8200000000001,471.04,4546.89,756.0903958333323,290.3008833666249,1440,24067,.38394997,9.6528749,1.5787286,1.2372688
Blue Choice PPO,2026-05-30,59409,professional,outpatient,Vaginal delivery only,Maternity,943.77,651.8099999999999,775.12,1131.12,1254.68,531.4,4912.28,1008.63026334027,447.9804923229043,1443,32634,.44414738,9.2440348,1.9249167,1.4592837
Blue Choice PPO common,2026-05-30,59409,professional,outpatient,Vaginal delivery only,Maternity,943.77,651.8099999999999,775.12,1131.12,1254.68,531.4,4912.28,1008.477690707358,448.2182081632605,1442,32620,.44445029,9.2440348,1.9249167,1.4592837
Blue Choice PPO group 039993,2026-05-30,59409,professional,outpatient,Vaginal delivery only,Maternity,841.6600000000001,651.8099999999999,758.08,962.24,1016.46,644.37,1035.28,852.9800000000001,126.9415371796736,14,20,.14882123,1.6066545,1.5594422,1.2693119
Blue Essentials,2026-05-30,59409,professional,outpatient,Vaginal delivery only,Maternity,895.3099999999999,651.8099999999999,731.22,1010.4,1188.7,531.4,4912.28,950.5881786462014,445.103353744373,1433,26267,.46823993,9.2440348,1.823691,1.3818003
Blue Essentials common,2026-05-30,59409,professional,outpatient,Vaginal delivery only,Maternity,895.3099999999999,651.8099999999999,731.22,1010.4,1188.7,531.4,4912.28,950.680048985309,445.7122017860135,1429,26230,.46883512,9.2440348,1.823691,1.3818003
Blue Essentials group 295430,2026-05-30,59409,professional,outpatient,Vaginal delivery only,Maternity,779.5700000000001,651.8099999999999,754.6900000000001,895.3099999999999,918.8200000000001,651.1,1016.46,790.1284615384616,102.7013618485094,26,40,.12998059,1.5611427,1.4096439,1.1863282
Blue Essentials group 295781,2026-05-30,59409,professional,outpatient,Vaginal delivery only,Maternity,779.5700000000001,651.8099999999999,754.6900000000001,895.3099999999999,918.8200000000001,651.1,1016.46,790.1284615384616,102.7013618485094,26,40,.12998059,1.5611427,1.4096439,1.1863282
Blue Premier,2026-05-30,59409,professional,outpatient,Vaginal delivery only,Maternity,780.99,651.8099999999999,651.8099999999999,992.66,1188.7,566.4,4912.28,943.7112894375888,550.8464224062187,729,11368,.58370227,8.6728106,1.823691,1.5229285
MyBlue Health HMO,2026-05-30,59409,professional,outpatient,Vaginal delivery only,Maternity,642.4400000000001,582,582,731.22,892.43,471.04,4546.89,730.4607753164562,337.5339647050487,632,10820,.46208364,9.6528749,1.5333849,1.2563918
ParPlan,2026-05-30,59409,professional,outpatient,Vaginal delivery only,Maternity,943.77,651.8099999999999,758.08,1131.12,1254.68,566.4,4912.28,978.3231265306199,332.5473694476819,1225,30226,.33991569,8.6728106,1.9249167,1.4920852
Blue Advantage HMO,2026-05-30,59410,institutional,outpatient,Vaginal delivery w postpartum care,Maternity,1381.13,859.61,1074.51,2006.96,4727.84,625.83,33978.02,2648.400154440155,4266.211243088264,259,289,1.6108636,54.292732,5.4999824,1.8677909
Blue Choice PPO,2026-05-30,59410,institutional,outpatient,Vaginal delivery w postpartum care,Maternity,2071.7,1208.49,1469.34,3300,5447.77,722.9400000000001,37333.75,3565.192072727273,5067.067740903492,275,408,1.4212608,51.64156,4.507915,2.2459064
Blue Choice PPO common,2026-05-30,59410,institutional,outpatient,Vaginal delivery w postpartum care,Maternity,2040.45,1197.7,1437.46,3177.685,5651.92,722.9400000000001,37333.75,3591.287327586208,5014.527059906528,232,332,1.3963035,51.64156,4.7189779,2.2106249
Blue Choice PPO group 039993,2026-05-30,59410,institutional,outpatient,Vaginal delivery w postpartum care,Maternity,2244.34,1262.44,1715.63,3852.07,3989,1089.8,4277,2599.081860465116,1077.277841464653,43,71,.41448399,3.9245734,3.159754,2.2452803
Blue Essentials,2026-05-30,59410,institutional,outpatient,Vaginal delivery w postpartum care,Maternity,1866.69,1111.38,1370.34,3139.92,5211.37,604.25,33978.02,3163.883802281373,4256.168031421712,263,310,1.3452352,56.231724,4.6890984,2.2913437
Blue Essentials common,2026-05-30,59410,institutional,outpatient,Vaginal delivery w postpartum care,Maternity,1866.69,1111.38,1370.34,3139.92,5211.37,604.25,33978.02,3163.883802281373,4256.168031421712,263,310,1.3452352,56.231724,4.6890984,2.2913437
Blue Premier,2026-05-30,59410,institutional,outpatient,Vaginal delivery w postpartum care,Maternity,1834.32,1240.86,1564.56,2607.915,3280.19,690.5700000000001,12689.16,2268.838684210526,1578.6746645887,76,88,.69580734,18.374908,2.643481,1.666868
MyBlue Health HMO,2026-05-30,59410,institutional,outpatient,Vaginal delivery w postpartum care,Maternity,1356.32,766.1,1203.45,3193.78,20533.56,539.5,33978.02,4790.33046153846,7340.827539488359,65,85,1.5324261,62.980576,26.802715,2.6538534
ParPlan,2026-05-30,59410,institutional,outpatient,Vaginal delivery w postpartum care,Maternity,1960.66,1230.07,1476.66,2972.675,4566.67,722.9400000000001,9016.209999999999,2573.156153846156,1780.192643743715,208,234,.69183236,12.471588,3.7125285,2.0131073
Blue Advantage HMO,2026-05-30,59410,professional,outpatient,Vaginal delivery w postpartum care,Maternity,937.265,788.21,833.47,1019.54,1159.57,669.98,6023.3,996.726392508138,391.4906720062499,1228,19724,.39277646,8.9902687,1.4711435,1.2232474
Blue Choice PPO,2026-05-30,59410,professional,outpatient,Vaginal delivery w postpartum care,Maternity,1278.16,882.75,1026.68,1531.89,1699.23,750.34,6507.34,1362.543724604966,592.0506453819522,1329,27021,.43451864,8.6725216,1.9249278,1.4920813
Blue Choice PPO common,2026-05-30,59410,professional,outpatient,Vaginal delivery w postpartum care,Maternity,1278.16,882.75,1026.68,1531.89,1699.23,750.34,6507.34,1362.064206170053,592.2448743648496,1329,27015,.43481421,8.6725216,1.9249278,1.4920813
Blue Choice PPO group 039993,2026-05-30,59410,professional,outpatient,Vaginal delivery w postpartum care,Maternity,1156.03,1026.68,1086.43,1303.17,1360.03,872.68,1376.6,1169.21,151.7771331261729,11,14,.12981169,1.5774397,1.3246874,1.1994975
Blue Essentials,2026-05-30,59410,professional,outpatient,Vaginal delivery w postpartum care,Maternity,1212.53,882.75,990.3,1368.4,1609.88,723.55,6507.34,1288.372501942506,595.0909235315463,1287,21002,.46189353,8.9936285,1.82371,1.3818035
Blue Essentials common,2026-05-30,59410,professional,outpatient,Vaginal delivery w postpartum care,Maternity,1212.53,882.75,990.3,1368.4,1609.88,723.55,6507.34,1288.395875486386,595.5399744476141,1285,20998,.46223369,8.9936285,1.82371,1.3818035
Blue Essentials group 295430,2026-05-30,59410,professional,outpatient,Vaginal delivery w postpartum care,Maternity,1206.1,1055.78,1112.945,1309.345,1376.6,1055.78,1376.6,1211.145,134.3566206035266,4,4,.11093356,1.3038701,1.3038701,1.1764687
Blue Essentials group 295781,2026-05-30,59410,professional,outpatient,Vaginal delivery w postpartum care,Maternity,1206.1,1055.78,1112.945,1309.345,1376.6,1055.78,1376.6,1211.145,134.3566206035266,4,4,.11093356,1.3038701,1.3038701,1.1764687
Blue Premier,2026-05-30,59410,professional,outpatient,Vaginal delivery w postpartum care,Maternity,1055.78,882.75,882.75,1344.37,1609.88,841.75,6507.34,1272.736286149166,736.8179420015463,657,9748,.5789243,7.7307277,1.82371,1.522934
MyBlue Health HMO,2026-05-30,59410,professional,outpatient,Vaginal delivery w postpartum care,Maternity,841.2,788.21,788.21,980.87,1031.23,669.98,6023.3,953.7755555555565,433.6275292758415,531,9510,.45464316,8.9902687,1.3083189,1.2444272
ParPlan,2026-05-30,59410,professional,outpatient,Vaginal delivery w postpartum care,Maternity,1278.16,882.75,892.29,1444.34,1699.23,872.68,6507.34,1306.542988298831,438.1943525816905,1111,26368,.33538458,7.4567308,1.9249278,1.6186889
Blue Advantage HMO,2026-05-30,786,institutional,inpatient,Cesarean section wo sterilization w MCC,Maternity DRG,11545.02,6698,8273.719999999999,17735.93,21638.96,4762,27173.86,12926.88169082126,5640.577686550139,207,234,.4363448,5.7063966,3.23066,2.1436465
Blue Choice PPO,2026-05-30,786,institutional,inpatient,Cesarean section wo sterilization w MCC,Maternity DRG,16480.88,8601.49,10973.92,24637.63,29070,5165.05,44041.65,18172.98897777776,8810.06960276889,225,357,.48478925,8.5268583,3.379647,2.2451074
Blue Choice PPO common,2026-05-30,786,institutional,inpatient,Cesarean section wo sterilization w MCC,Maternity DRG,15459.13,8423.860000000001,11157.75,22424.96,26142.03,5165.05,40801.47,16482.6886111111,6750.589298468094,180,281,.40955633,7.8995304,3.1033316,2.0098102
Blue Choice PPO group 039993,2026-05-30,786,institutional,inpatient,Cesarean section wo sterilization w MCC,Maternity DRG,27740.85,8690,9717,33740.52,44041.65,6370,44041.65,24411.84288888889,12542.39581760465,45,73,.51378322,6.9139166,5.0680842,3.4723186
Blue Essentials,2026-05-30,786,institutional,inpatient,Cesarean section wo sterilization w MCC,Maternity DRG,14388.32,7503,9596,22362.27,26338.72,4650.41,41839.57,16384.08361990951,8324.47058980578,221,267,.50808275,8.9969635,3.5104251,2.330374
Blue Essentials common,2026-05-30,786,institutional,inpatient,Cesarean section wo sterilization w MCC,Maternity DRG,14388.32,7503,9596,22362.27,26338.72,4650.41,41839.57,16384.08361990951,8324.47058980578,221,267,.50808275,8.9969635,3.5104251,2.330374
Blue Premier,2026-05-30,786,institutional,inpatient,Cesarean section wo sterilization w MCC,Maternity DRG,18177.755,8001.64,12366.17,22606.4,26994.07,6049,29507.91,17557.19013513513,6872.889260891726,74,86,.39145723,4.8781466,3.3735671,1.8280842
MyBlue Health HMO,2026-05-30,786,institutional,inpatient,Cesarean section wo sterilization w MCC,Maternity DRG,11585.2,8227,9594.33,15089.44,15160.37,6325.95,24076.91,12213.31120689655,3438.260636164275,58,84,.28151748,3.8060544,1.8427579,1.5727456
ParPlan,2026-05-30,786,institutional,inpatient,Cesarean section wo sterilization w MCC,Maternity DRG,16397.215,8016,10629.9,23538.36,29766.06,5165.05,71951.69,19567.15623456789,13503.35343346237,162,189,.69010299,13.930492,3.7133307,2.2143538
Blue Advantage HMO,2026-05-30,788,institutional,inpatient,Cesarean section wo sterilization wo CC/MCC,Maternity DRG,7132,4037.67,5336.06,10271,12023.42,2914.67,15795.27,7761.929082125605,3117.253945800278,207,234,.40160814,5.4192309,2.9778116,1.9248284
Blue Choice PPO,2026-05-30,788,institutional,inpatient,Cesarean section wo sterilization wo CC/MCC,Maternity DRG,10281.235,5288.89,7744.38,13682.08,16684.65,2992.13,25599.96,10936.64508849557,4686.754750456203,226,361,.42853677,8.5557642,3.15466,1.7667109
Blue Choice PPO common,2026-05-30,788,institutional,inpatient,Cesarean section wo sterilization wo CC/MCC,Maternity DRG,9566.285,4957.85,7098.445,12334.95,14636.24,2992.13,22843.67,9831.17983333333,3616.57087587702,180,270,.36786744,7.6345849,2.9521346,1.7376975
Blue Choice PPO group 039993,2026-05-30,788,institutional,inpatient,Cesarean section wo sterilization wo CC/MCC,Maternity DRG,15034.94,8690,9701,19612.25,25599.96,6250.9,25599.96,15028.41304347826,5902.91242870307,46,75,.39278349,4.0954037,2.9459102,2.021673
Blue Essentials,2026-05-30,788,institutional,inpatient,Cesarean section wo sterilization wo CC/MCC,Maternity DRG,9035.450000000001,4625.09,6782,12490.15,15136.38,2693.99,24319.96,9821.167375565605,4463.257990100381,221,267,.4544529,9.0274868,3.2726672,1.8416618
Blue Essentials common,2026-05-30,788,institutional,inpatient,Cesarean section wo sterilization wo CC/MCC,Maternity DRG,9035.450000000001,4625.09,6782,12490.15,15136.38,2693.99,24319.96,9821.167375565612,4463.257990100383,221,267,.4544529,9.0274868,3.2726672,1.8416618
Blue Premier,2026-05-30,788,institutional,inpatient,Cesarean section wo sterilization wo CC/MCC,Maternity DRG,9693.615,4938.49,7263.57,13081,15581.86,3528.04,17151.97,10051.98675675676,3749.157768831466,74,86,.37297678,4.8616142,3.1551871,1.8009051
MyBlue Health HMO,2026-05-30,788,institutional,inpatient,Cesarean section wo sterilization wo CC/MCC,Maternity DRG,8125.49,4612.92,5848.2,8487.9,11484,3417.19,14079,7695.174655172415,2529.924057252988,58,84,.3287676,4.1200519,2.4895294,1.4513696
ParPlan,2026-05-30,788,institutional,inpatient,Cesarean section wo sterilization wo CC/MCC,Maternity DRG,9353.01,4957.85,6858.53,13139.9,16082.35,2992.13,35163.58,11104.41234567901,7021.7869511228,162,189,.63234204,11.752023,3.2438154,1.9158479
Blue Advantage HMO,2026-05-30,806,institutional,inpatient,Vaginal delivery wo sterilization w CC,Maternity DRG,5719.565000000001,3196.03,4221.69,8257.809999999999,9725.26,2289.15,12421.4,6289.10378640777,2543.87659836278,206,234,.40448952,5.4262061,3.0429189,1.9560437
Blue Choice PPO,2026-05-30,806,institutional,inpatient,Vaginal delivery wo sterilization w CC,Maternity DRG,8115.41,4223.95,5876.8,11032.73,13285.41,2349.98,20131.8,8788.392800000003,3781.497339976902,225,355,.43028316,8.5667963,3.1452575,1.8773363
Blue Choice PPO common,2026-05-30,806,institutional,inpatient,Vaginal delivery wo sterilization w CC,Maternity DRG,7727.64,3965.6,5781.7,10662,11829.41,2349.98,18270.9,8054.683128491615,3012.16645347957,179,280,.37396461,7.7749171,2.9830062,1.8440943
Blue Choice PPO group 039993,2026-05-30,806,institutional,inpatient,Vaginal delivery wo sterilization w CC,Maternity DRG,12025.885,5800,6417,15423.07,20131.8,4247,20131.8,11550.25739130435,4985.431652318554,46,73,.43162948,4.7402401,3.471,2.4034705
Blue Essentials,2026-05-30,806,institutional,inpatient,Vaginal delivery wo sterilization w CC,Maternity DRG,7147.57,3632.5,5083.43,10221.98,11981.33,2115.83,19125.21,7901.90343891403,3591.425238721573,221,268,.45450127,9.0391054,3.2983704,2.010843
Blue Essentials common,2026-05-30,806,institutional,inpatient,Vaginal delivery wo sterilization w CC,Maternity DRG,7147.57,3632.5,5083.43,10221.98,11981.33,2115.83,19125.21,7901.903438914031,3591.425238721573,221,268,.45450127,9.0391054,3.2983704,2.010843
Blue Premier,2026-05-30,806,institutional,inpatient,Vaginal delivery wo sterilization w CC,Maternity DRG,8159.81,4085.62,6009.17,10333.57,12339.21,2770.89,13488.31,8052.461351351353,2951.061892424267,74,86,.36647949,4.8678617,3.0201561,1.7196335
MyBlue Health HMO,2026-05-30,806,institutional,inpatient,Vaginal delivery wo sterilization w CC,Maternity DRG,6614.555,3816.28,4655.264999999999,7255.335,10523,2733.28,10934,6345.999642857145,2147.201485917692,56,83,.33835512,4.0003219,2.7573972,1.5585225
ParPlan,2026-05-30,806,institutional,inpatient,Vaginal delivery wo sterilization w CC,Maternity DRG,7524.68,3965.6,5348,10662,13285.41,2349.98,30709.53,8977.849815950916,5781.622217450663,163,190,.64398742,13.067996,3.3501639,1.9936424
Blue Advantage HMO,2026-05-30,807,institutional,inpatient,Vaginal delivery wo sterilization wo CC/MCC,Maternity DRG,5146.75,2808.02,3819.97,7540.81,8701.950000000001,1986.9,11106.77,5711.013203883496,2383.876548264259,206,234,.41741744,5.5899997,3.098963,1.9740496
Blue Choice PPO,2026-05-30,807,institutional,inpatient,Vaginal delivery wo sterilization wo CC/MCC,Maternity DRG,7392.45,3693.22,5445.42,10310.24,12075.52,2039.71,18001.14,7989.156283185842,3435.242595645761,226,353,.42998815,8.8253431,3.2696455,1.8933783
Blue Choice PPO common,2026-05-30,807,institutional,inpatient,Vaginal delivery wo sterilization wo CC/MCC,Maternity DRG,6950.39,3588.25,5129.44,9620.83,10687.23,2039.71,16091.82,7284.34659217877,2814.662097259356,179,284,.3863987,7.8892684,2.9783962,1.8756102
Blue Choice PPO group 039993,2026-05-30,807,institutional,inpatient,Vaginal delivery wo sterilization wo CC/MCC,Maternity DRG,10845.56,5800,6417,13790.76,18001.14,4247,18001.14,10480.61866666667,4265.861461611988,45,75,.40702382,4.2385545,3.1036448,2.1490977
Blue Essentials,2026-05-30,807,institutional,inpatient,Vaginal delivery wo sterilization wo CC/MCC,Maternity DRG,6530.57,3228.98,4870,9173.290000000001,10955.71,1836.47,17101.08,7160.689954751126,3243.390759460691,221,268,.45294389,9.3119297,3.3929322,1.8836324
Blue Essentials common,2026-05-30,807,institutional,inpatient,Vaginal delivery wo sterilization wo CC/MCC,Maternity DRG,6530.57,3228.98,4870,9173.290000000001,10955.71,1836.47,17101.08,7160.689954751127,3243.39075946069,221,268,.45294389,9.3119297,3.3929322,1.8836324
Blue Premier,2026-05-30,807,institutional,inpatient,Vaginal delivery wo sterilization wo CC/MCC,Maternity DRG,7353.425,3569,5249.33,9239.91,11033.28,2405.04,12060.76,7206.595270270271,2642.86217721508,74,86,.36672828,5.0147858,3.0914207,1.7602075
MyBlue Health HMO,2026-05-30,807,institutional,inpatient,Vaginal delivery wo sterilization wo CC/MCC,Maternity DRG,5809.46,3333.72,4092.145,6440.655000000001,10523,2473.19,10934,5830.598392857145,2224.883305055695,56,83,.38158748,4.421011,3.156534,1.5739068
ParPlan,2026-05-30,807,institutional,inpatient,Vaginal delivery wo sterilization wo CC/MCC,Maternity DRG,6603.07,3588.25,4831.37,9620.83,11640.4,2039.71,26909.4,8030.567852760738,5082.410862520741,163,190,.63288313,13.192758,3.2440326,1.9913255
Blue Advantage HMO,2026-05-30,66984,institutional,outpatient,Cataract surgery with IOL,Outpatient procedure,1946.64,1207.37,1526.01,2830.6,4104.38,987.99,10546.78,2368.695907335908,1361.788926862311,518,738,.57491082,10.674987,3.3994384,1.8549026
Blue Choice PPO,2026-05-30,66984,institutional,outpatient,Cataract surgery with IOL,Outpatient procedure,2630.155,1413.38,1917.29,4048,5883.61,1100,11103.9,3301.972578397219,1908.726076369129,574,903,.57805634,10.094455,4.1627941,2.1113133
Blue Choice PPO common,2026-05-30,66984,institutional,outpatient,Cataract surgery with IOL,Outpatient procedure,2527.32,1413.38,1905.76,3881.97,5661.21,1100,11103.9,3157.225219047624,1811.891390305809,525,820,.57388729,10.094455,4.0054407,2.0369668
Blue Choice PPO group 039993,2026-05-30,66984,institutional,outpatient,Cataract surgery with IOL,Outpatient procedure,3770.765,2365.58,3204.65,7218.04,8179,1878.16,8771,4785.77125,2201.910732068493,48,78,.46009529,4.6699963,3.4575031,2.2523646
Blue Essentials,2026-05-30,66984,institutional,outpatient,Cataract surgery with IOL,Outpatient procedure,2467.855,1340.15,1770.56,3639.35,5277.055,1053.49,11103.9,3010.191800000003,1778.932756337855,550,807,.59096992,10.54011,3.93766,2.0554795
Blue Essentials common,2026-05-30,66984,institutional,outpatient,Cataract surgery with IOL,Outpatient procedure,2469.04,1340.15,1770.56,3639.35,5297.27,1053.49,11103.9,3012.289417122043,1779.874197114927,549,806,.59087092,10.54011,3.952744,2.0554795
Blue Essentials group 295430,2026-05-30,66984,institutional,outpatient,Cataract surgery with IOL,Outpatient procedure,1858.6,1858.6,1858.6,1858.6,1858.6,1858.6,1858.6,1858.6,,1,1,,1,1,1
Blue Essentials group 295781,2026-05-30,66984,institutional,outpatient,Cataract surgery with IOL,Outpatient procedure,1858.6,1858.6,1858.6,1858.6,1858.6,1858.6,1858.6,1858.6,,1,1,,1,1,1
Blue Premier,2026-05-30,66984,institutional,outpatient,Cataract surgery with IOL,Outpatient procedure,2021.86,1254.72,1568.135,3174.32,4298,1006.14,11103.9,2473.104567307692,1343.113948648767,208,283,.5430882,11.036139,3.4254653,2.0242646
MyBlue Health HMO,2026-05-30,66984,institutional,outpatient,Cataract surgery with IOL,Outpatient procedure,1946.64,1124.52,1396.77,2486.89,3518.04,987.99,5924.05,2155.69014851485,989.1634237013292,202,296,.45886159,5.9960628,3.1284814,1.7804577
ParPlan,2026-05-30,66984,institutional,outpatient,Cataract surgery with IOL,Outpatient procedure,2338.5,1354.65,1742.53,3881.97,7855.65,1100,16894.66,3563.846298701299,3125.364477479069,462,651,.87696385,15.358782,5.7990255,2.227778
Blue Advantage HMO,2026-05-30,66984,professional,outpatient,Cataract surgery with IOL,Outpatient procedure,430.24,205,391.31,502.93,575.68,143.5,3034.42,447.5722125084071,239.9441359613698,1487,21614,.53610152,21.145784,2.8081951,1.285247
Blue Choice PPO,2026-05-30,66984,professional,outpatient,Cataract surgery with IOL,Outpatient procedure,539.37,209.1,389.5,717.0599999999999,843.6,147.6,3278.27,588.6447678018573,387.480354913537,1615,29339,.65825838,22.210501,4.0344334,1.8409756
Blue Choice PPO common,2026-05-30,66984,professional,outpatient,Cataract surgery with IOL,Outpatient procedure,539.37,209.1,393.6,717.0599999999999,843.6,147.6,3278.27,588.8926270136305,387.4723597489382,1614,29300,.65796775,22.210501,4.0344334,1.8217988
Blue Choice PPO group 039993,2026-05-30,66984,professional,outpatient,Cataract surgery with IOL,Outpatient procedure,524.54,188.6,364.225,604.2349999999999,675.2,188.6,675.2,481.2249999999999,167.526436037506,8,11,.34812495,3.5800636,3.5800636,1.6589608
Blue Essentials,2026-05-30,66984,professional,outpatient,Cataract surgery with IOL,Outpatient procedure,524.15,200.9,417.9,667.43,799.24,143.5,3278.27,559.5348080553823,374.1943340108661,1589,23198,.6687597,22.845087,3.9782977,1.5971045
Blue Essentials common,2026-05-30,66984,professional,outpatient,Cataract surgery with IOL,Outpatient procedure,524.15,200.9,417.9,667.43,799.24,143.5,3278.27,559.7838853904299,374.1804203030964,1588,23193,.6684373,22.845087,3.9782977,1.5971045
Blue Essentials group 295430,2026-05-30,66984,professional,outpatient,Cataract surgery with IOL,Outpatient procedure,164,164,164,524.15,616.65,164,616.65,326.56,224.9840422118866,5,6,.68895161,3.760061,3.760061,3.1960366
Blue Essentials group 295781,2026-05-30,66984,professional,outpatient,Cataract surgery with IOL,Outpatient procedure,164,164,164,524.15,616.65,164,616.65,326.56,224.9840422118866,5,6,.68895161,3.760061,3.760061,3.1960366
Blue Premier,2026-05-30,66984,professional,outpatient,Cataract surgery with IOL,Outpatient procedure,438.25,205,307.5,616.65,785.21,155.8,3278.27,535.7645161290326,441.0041771679472,775,9514,.82313061,21.041527,3.8302927,2.0053658
MyBlue Health HMO,2026-05-30,66984,professional,outpatient,Cataract surgery with IOL,Outpatient procedure,404.32,213.2,391.31,486.8,522.9349999999999,151.7,3034.42,427.9720967741928,238.0541099316928,620,9482,.55623746,20.002769,2.4527907,1.2440264
ParPlan,2026-05-30,66984,professional,outpatient,Cataract surgery with IOL,Outpatient procedure,539.37,209.1,433.25,717.0599999999999,843.6,155.8,3588.93,576.96076368876,316.3269801589623,1388,27997,.54826427,23.035494,4.0344334,1.6550721
Blue Advantage HMO,2026-05-30,45378,institutional,outpatient,Colonoscopy diagnostic,Outpatient procedure,763.88,462.09,602.11,1084.71,1619.43,364.62,3897.79,926.8664023210836,534.0927531317794,517,738,.57623488,10.690006,3.5045769,1.8015146
Blue Choice PPO,2026-05-30,45378,institutional,outpatient,Colonoscopy diagnostic,Outpatient procedure,1093.86,559.5700000000001,758.5599999999999,1656,2291.64,430.99,4503,1311.294643478262,799.7330020666915,575,910,.60988045,10.448038,4.0953588,2.1830838
Blue Choice PPO common,2026-05-30,45378,institutional,outpatient,Colonoscopy diagnostic,Outpatient procedure,1007.48,535.73,722.02,1581.23,2138.86,430.99,4156.87,1243.300114068442,714.4877684719223,526,816,.57467037,9.6449337,3.9924216,2.1900086
Blue Choice PPO group 039993,2026-05-30,45378,institutional,outpatient,Colonoscopy diagnostic,Outpatient procedure,1451.37,893.74,1214.57,2727.05,4200,693.14,4503,2041.195102040816,1212.515576568542,49,80,.59402239,6.4965229,4.6993532,2.2452803
Blue Essentials,2026-05-30,45378,institutional,outpatient,Colonoscopy diagnostic,Outpatient procedure,977.77,502.55,696.93,1504.84,2054.84,408.3,4278,1199.373770491802,746.3722234964991,549,808,.62230158,10.47759,4.0888271,2.1592412
Blue Essentials common,2026-05-30,45378,institutional,outpatient,Colonoscopy diagnostic,Outpatient procedure,977.77,502.55,696.93,1508.66,2054.84,408.3,4278,1200.310729927007,746.7309180004679,548,807,.62211466,10.47759,4.0888271,2.1647224
Blue Essentials group 295430,2026-05-30,45378,institutional,outpatient,Colonoscopy diagnostic,Outpatient procedure,685.92,685.92,685.92,685.92,685.92,685.92,685.92,685.92,,1,1,,1,1,1
Blue Essentials group 295781,2026-05-30,45378,institutional,outpatient,Colonoscopy diagnostic,Outpatient procedure,685.92,685.92,685.92,685.92,685.92,685.92,685.92,685.92,,1,1,,1,1,1
Blue Premier,2026-05-30,45378,institutional,outpatient,Colonoscopy diagnostic,Outpatient procedure,817.35,488.88,620.9400000000001,1262,1894.42,402.99,4103.68,1031.49432038835,630.4604045339768,206,283,.61121076,10.183082,3.8750205,2.0324025
MyBlue Health HMO,2026-05-30,45378,institutional,outpatient,Colonoscopy diagnostic,Outpatient procedure,740.0700000000001,415.87,534.29,960.2,1512.48,364.62,3193.78,837.6142786069655,412.3754871989869,201,296,.49232146,8.759201,3.6369057,1.7971513
ParPlan,2026-05-30,45378,institutional,outpatient,Colonoscopy diagnostic,Outpatient procedure,905.075,487.36,697.39,1512.48,3025.005,453.67,6382.98,1394.064173913044,1201.581997227394,460,652,.86192733,14.069654,6.2069211,2.1687722
Blue Advantage HMO,2026-05-30,45378,professional,outpatient,Colonoscopy diagnostic,Outpatient procedure,239.17,137.36,165.39,298.73,350.68,107.6,1933.76,243.3211397788473,115.7251346227025,3527,57689,.47560659,17.971746,2.5529995,1.8062156
Blue Choice PPO,2026-05-30,45378,professional,outpatient,Colonoscopy diagnostic,Outpatient procedure,275.23,173.17,212.51,394.77,518.76,121.39,2089.15,317.4190999462634,163.9302996251806,3722,76053,.51644748,17.210232,2.9956689,1.8576537
Blue Choice PPO common,2026-05-30,45378,professional,outpatient,Colonoscopy diagnostic,Outpatient procedure,275.23,173.17,212.51,394.77,518.76,121.39,2089.15,317.4272331271826,163.9924359596229,3719,75970,.51662999,17.210232,2.9956689,1.8576537
Blue Choice PPO group 039993,2026-05-30,45378,professional,outpatient,Colonoscopy diagnostic,Outpatient procedure,236.49,173.17,194.98,352.42,424.04,147.19,437.16,275.7662068965518,92.2134401582156,29,37,.33438993,2.9700387,2.4486921,1.8074675
Blue Essentials,2026-05-30,45378,professional,outpatient,Colonoscopy diagnostic,Outpatient procedure,271.19,164,196.9,373.59,487.35,121.39,2089.15,299.3277856558498,160.7161126248196,3667,63098,.53692347,17.210232,2.9716463,1.897359
Blue Essentials common,2026-05-30,45378,professional,outpatient,Colonoscopy diagnostic,Outpatient procedure,271.36,164,196.9,373.59,487.35,121.39,2089.15,299.3575641725838,160.7796359080291,3662,63078,.53708225,17.210232,2.9716463,1.897359
Blue Essentials group 295430,2026-05-30,45378,professional,outpatient,Colonoscopy diagnostic,Outpatient procedure,228.845,164,178.08,347.005,408.24,164,565.66,275.5934999999999,111.3185717363507,20,21,.40392306,3.4491463,2.4892683,1.9485905
Blue Essentials group 295781,2026-05-30,45378,professional,outpatient,Colonoscopy diagnostic,Outpatient procedure,228.845,164,178.08,347.005,408.24,164,565.66,275.5934999999999,111.3185717363507,20,21,.40392306,3.4491463,2.4892683,1.9485905
Blue Premier,2026-05-30,45378,professional,outpatient,Colonoscopy diagnostic,Outpatient procedure,270.82,148.89,186.83,338.24,442.38,129.38,2089.15,297.0924076809466,179.3013569782715,2031,28132,.60352051,16.147396,2.9711869,1.8104159
MyBlue Health HMO,2026-05-30,45378,professional,outpatient,Colonoscopy diagnostic,Outpatient procedure,237.8,132.94,160.13,276.06,328.41,107.6,1933.76,238.8325310467179,124.5517874667563,1691,25859,.52150261,17.971746,2.4703627,1.7239742
ParPlan,2026-05-30,45378,professional,outpatient,Colonoscopy diagnostic,Outpatient procedure,275.23,150.5,210.87,392.84,514.3,129.38,2089.15,308.0036928933995,140.33721396692,3152,68911,.45563483,16.147396,3.4172757,1.8629488
Blue Advantage HMO,2026-05-30,45380,institutional,outpatient,Colonoscopy with biopsy,Outpatient procedure,944.27,607.37,773.25,1315.53,1988.36,381.84,5140.78,1157.076964618248,653.8397803566077,537,777,.56507891,13.463179,3.2737212,1.7012997
Blue Choice PPO,2026-05-30,45380,institutional,outpatient,Colonoscopy with biopsy,Outpatient procedure,1279.105,721.26,949.02,1975,2862.03,430.99,5412.33,1612.382969798657,941.0173223289247,596,946,.583619,12.557901,3.9680974,2.0810943
Blue Choice PPO common,2026-05-30,45380,institutional,outpatient,Colonoscopy with biopsy,Outpatient procedure,1219.055,696.995,930.04,1928.1,2751.565,430.99,5412.33,1550.268563636362,898.1944615796309,550,864,.57937992,12.557901,3.9477544,2.0731366
Blue Choice PPO group 039993,2026-05-30,45380,institutional,outpatient,Colonoscopy with biopsy,Outpatient procedure,1963.25,1174.94,1591.69,3585.07,4200,911.0599999999999,4503,2449.293958333333,1157.638696335869,48,72,.4726418,4.9425945,3.5746505,2.252367
Blue Essentials,2026-05-30,45380,institutional,outpatient,Colonoscopy with biopsy,Outpatient procedure,1151.76,650.08,885,1807.6,2560.76,408.3,5412.33,1475.60692173913,876.0910277632511,575,852,.59371573,13.255768,3.939146,2.042486
Blue Essentials common,2026-05-30,45380,institutional,outpatient,Colonoscopy with biopsy,Outpatient procedure,1153.305,650.08,885,1807.6,2560.76,408.3,5412.33,1476.606986062717,876.5266195640255,574,851,.59360862,13.255768,3.939146,2.042486
Blue Essentials group 295430,2026-05-30,45380,institutional,outpatient,Colonoscopy with biopsy,Outpatient procedure,901.5700000000001,901.5700000000001,901.5700000000001,901.5700000000001,901.5700000000001,901.5700000000001,901.5700000000001,901.5700000000001,,1,1,,1,1,1
Blue Essentials group 295781,2026-05-30,45380,institutional,outpatient,Colonoscopy with biopsy,Outpatient procedure,901.5700000000001,901.5700000000001,901.5700000000001,901.5700000000001,901.5700000000001,901.5700000000001,901.5700000000001,901.5700000000001,,1,1,,1,1,1
Blue Premier,2026-05-30,45380,institutional,outpatient,Colonoscopy with biopsy,Outpatient procedure,1084.56,648.87,814.15,1526.415,1988.36,442.33,5412.33,1239.912763157896,660.6658356942371,228,322,.5328325,12.235955,3.0643427,1.8748572
MyBlue Health HMO,2026-05-30,45380,institutional,outpatient,Colonoscopy with biopsy,Outpatient procedure,1004.22,564.67,754.47,1154.85,1747.34,415.87,3193.78,1085.469819819821,489.6079982849369,222,334,.4510563,7.6797557,3.0944445,1.5306772
ParPlan,2026-05-30,45380,institutional,outpatient,Colonoscopy with biopsy,Outpatient procedure,1124.59,630.18,831.73,1928.1,3876.29,453.67,8391.26,1723.577864476386,1531.776603203671,487,687,.88871914,18.496395,6.1510839,2.3181801
Blue Advantage HMO,2026-05-30,45380,professional,outpatient,Colonoscopy with biopsy,Outpatient procedure,262.6,152.89,179.87,378.06,435.37,117.02,2474.6,290.1611241084184,154.7544800693424,3505,55598,.5333398,21.146812,2.8476028,2.1018512
Blue Choice PPO,2026-05-30,45380,professional,outpatient,Colonoscopy with biopsy,Outpatient procedure,316.83,184.5,225.5,497.16,656.51,132.02,2673.46,377.7357343412517,217.3981316640985,3704,73601,.57552969,20.250416,3.5583198,2.2047007
Blue Choice PPO common,2026-05-30,45380,professional,outpatient,Colonoscopy with biopsy,Outpatient procedure,316.83,184.5,225.5,497.16,656.51,132.02,2673.46,377.7566117710572,217.3781723493165,3704,73570,.57544506,20.250416,3.5583198,2.2047007
Blue Choice PPO group 039993,2026-05-30,45380,professional,outpatient,Colonoscopy with biopsy,Outpatient procedure,254.865,188.6,209.705,451.08,536.65,160.09,553.24,329.9395833333334,135.9330864314327,24,30,.41199386,3.455806,2.8454401,2.1510217
Blue Essentials,2026-05-30,45380,professional,outpatient,Colonoscopy with biopsy,Outpatient procedure,302.68,164,213.2,464.47,613.55,132.02,2673.46,356.6428069211762,212.4201289326069,3641,60972,.59561032,20.250416,3.7411585,2.1785648
Blue Essentials common,2026-05-30,45380,professional,outpatient,Colonoscopy with biopsy,Outpatient procedure,302.68,164,213.2,465.185,614.85,132.02,2673.46,356.6832755775584,212.4924199963328,3636,60952,.59574538,20.250416,3.7490854,2.1819184
Blue Essentials group 295430,2026-05-30,45380,professional,outpatient,Colonoscopy with biopsy,Outpatient procedure,240.19,164,193.67,439.15,516.645,164,715.87,324.274,157.9349590779298,20,21,.48704168,4.3650608,3.1502743,2.2675169
Blue Essentials group 295781,2026-05-30,45380,professional,outpatient,Colonoscopy with biopsy,Outpatient procedure,240.19,164,193.67,439.15,516.645,164,715.87,324.274,157.9349590779298,20,21,.48704168,4.3650608,3.1502743,2.2675169
Blue Premier,2026-05-30,45380,professional,outpatient,Colonoscopy with biopsy,Outpatient procedure,302.68,161.93,196.8,417.36,539.95,140.72,2673.46,353.3106066633517,233.6069392550007,2011,27760,.66119426,18.998436,3.3344655,2.1207316
MyBlue Health HMO,2026-05-30,45380,professional,outpatient,Colonoscopy with biopsy,Outpatient procedure,257.71,144.59,169.32,345.87,415.62,117.02,2474.6,284.6123076923073,164.1739505161032,1690,25739,.57683361,21.146812,2.8744726,2.0427003
ParPlan,2026-05-30,45380,professional,outpatient,Colonoscopy with biopsy,Outpatient procedure,311.71,163.68,225.5,497.16,650.87,140.72,2852.45,366.3219426751583,194.8787360950811,3140,68240,.53198761,20.270395,3.9764786,2.2047007
Blue Advantage HMO,2026-05-30,45385,institutional,outpatient,Colonoscopy with polyp removal,Outpatient procedure,944.27,607.37,773.25,1315.53,1988.36,381.84,5140.78,1157.076964618248,653.8397803566077,537,777,.56507891,13.463179,3.2737212,1.7012997
Blue Choice PPO,2026-05-30,45385,institutional,outpatient,Colonoscopy with polyp removal,Outpatient procedure,1137.91,703.96,808.02,1891.45,2761.61,430.99,5412.33,1508.314865269458,924.1319442561949,668,1555,.61269164,12.557901,3.9229643,2.3408456
Blue Choice PPO common,2026-05-30,45385,institutional,outpatient,Colonoscopy with polyp removal,Outpatient procedure,1106,703.96,808.02,1864.84,2622.02,430.99,5412.33,1437.621647819061,866.7623856555193,619,1478,.60291409,12.557901,3.7246718,2.3079131
Blue Choice PPO group 039993,2026-05-30,45385,institutional,outpatient,Colonoscopy with polyp removal,Outpatient procedure,1908.02,1174.94,1596.71,3585.07,4200,911.0599999999999,4503,2435.583265306122,1149.52999243058,49,74,.47197318,4.9425945,3.5746505,2.2452855
Blue Essentials,2026-05-30,45385,institutional,outpatient,Colonoscopy with polyp removal,Outpatient procedure,1145.29,650.08,885,1807.6,2560.76,408.3,5412.33,1469.789163763066,865.6670265922927,574,851,.58897358,13.255768,3.939146,2.042486
Blue Essentials common,2026-05-30,45385,institutional,outpatient,Colonoscopy with polyp removal,Outpatient procedure,1151.76,650.08,885,1807.6,2560.76,408.3,5412.33,1470.780820244328,866.0970247938991,573,850,.58886886,13.255768,3.939146,2.042486
Blue Essentials group 295430,2026-05-30,45385,institutional,outpatient,Colonoscopy with polyp removal,Outpatient procedure,901.5700000000001,901.5700000000001,901.5700000000001,901.5700000000001,901.5700000000001,901.5700000000001,901.5700000000001,901.5700000000001,,1,1,,1,1,1
Blue Essentials group 295781,2026-05-30,45385,institutional,outpatient,Colonoscopy with polyp removal,Outpatient procedure,901.5700000000001,901.5700000000001,901.5700000000001,901.5700000000001,901.5700000000001,901.5700000000001,901.5700000000001,901.5700000000001,,1,1,,1,1,1
Blue Premier,2026-05-30,45385,institutional,outpatient,Colonoscopy with polyp removal,Outpatient procedure,1084.56,648.87,814.15,1526.415,1988.36,442.33,5412.33,1239.912763157896,660.665835694237,228,322,.5328325,12.235955,3.0643427,1.8748572
MyBlue Health HMO,2026-05-30,45385,institutional,outpatient,Colonoscopy with polyp removal,Outpatient procedure,1004.22,564.67,754.47,1154.85,1747.34,415.87,3193.78,1085.469819819821,489.6079982849369,222,334,.4510563,7.6797557,3.0944445,1.5306772
ParPlan,2026-05-30,45385,institutional,outpatient,Colonoscopy with polyp removal,Outpatient procedure,1030.03,640.59,703.96,1767.43,3408.46,453.67,8391.26,1592.846028880866,1468.161208726219,554,1253,.92172199,18.496395,5.3208137,2.5106966
Blue Advantage HMO,2026-05-30,45385,professional,outpatient,Colonoscopy with polyp removal,Outpatient procedure,316,182.19,213.36,395.85,455.24,143.5,2582.77,319.6242277339343,154.5974698682,3548,54637,.48368508,17.998398,2.4987102,1.855315
Blue Choice PPO,2026-05-30,45385,professional,outpatient,Colonoscopy with polyp removal,Outpatient procedure,365.71,204.05,267.21,522.25,689.29,147.6,2790.32,416.402672413794,222.741794658424,3712,72100,.5349192,18.904608,3.3780446,1.9544553
Blue Choice PPO common,2026-05-30,45385,professional,outpatient,Colonoscopy with polyp removal,Outpatient procedure,365.71,204.05,267.21,522.25,689.29,147.6,2790.32,416.3996008629998,222.8339281526984,3708,72065,.53514445,18.904608,3.3780446,1.9544553
Blue Choice PPO group 039993,2026-05-30,45385,professional,outpatient,Colonoscopy with polyp removal,Outpatient procedure,342.815,237.32,264.24,481.84,570.3,188.6,683.36,385.7171875,135.9269098718813,32,38,.35240045,3.6233299,2.4030845,1.8234938
Blue Essentials,2026-05-30,45385,professional,outpatient,Colonoscopy with polyp removal,Outpatient procedure,365.59,204.05,244.04,496,643.21,143.5,2790.32,393.8431079607424,218.4553861092564,3668,59508,.55467618,19.444738,3.1522176,2.0324538
Blue Essentials common,2026-05-30,45385,professional,outpatient,Colonoscopy with polyp removal,Outpatient procedure,365.59,204.05,244.04,496.4,643.21,143.5,2790.32,393.8871935571945,218.5337693303377,3663,59488,.55481309,19.444738,3.1522176,2.0340927
Blue Essentials group 295430,2026-05-30,45385,professional,outpatient,Colonoscopy with polyp removal,Outpatient procedure,302.655,164,240.145,461.075,542.4400000000001,164,751.61,357.906,158.3320487024525,20,21,.44238445,4.5829878,3.3075609,1.9199859
Blue Essentials group 295781,2026-05-30,45385,professional,outpatient,Colonoscopy with polyp removal,Outpatient procedure,302.655,164,240.145,461.075,542.4400000000001,164,751.61,357.906,158.3320487024525,20,21,.44238445,4.5829878,3.3075609,1.9199859
Blue Premier,2026-05-30,45385,professional,outpatient,Colonoscopy with polyp removal,Outpatient procedure,348.72,204.05,241.3,438.19,583.0599999999999,155.8,2790.32,389.4664359351988,243.5769737395391,2037,27114,.62541199,17.909628,2.8574369,1.8159553
MyBlue Health HMO,2026-05-30,45385,professional,outpatient,Colonoscopy with polyp removal,Outpatient procedure,317.79,182.19,202.61,363.14,436.37,147.46,2582.77,313.8418289085533,165.4161606268722,1695,25430,.52706856,17.515055,2.3951368,1.7923104
ParPlan,2026-05-30,45385,professional,outpatient,Colonoscopy with polyp removal,Outpatient procedure,365.71,204.05,264.43,521.98,683.36,155.8,2994.85,405.4395456000013,196.9024613614315,3125,66939,.48565185,19.222401,3.348983,1.9739817
Blue Advantage HMO,2026-05-30,52000,institutional,outpatient,Cystoscopy,Outpatient procedure,558.51,332.73,441.17,812.53,1274.45,266.24,4275,746.7931599229285,601.4565093968039,519,749,.80538565,16.056942,3.8302829,1.8417617
Blue Choice PPO,2026-05-30,52000,institutional,outpatient,Cystoscopy,Outpatient procedure,748.4300000000001,401.06,556.53,1179.84,1847.68,311.58,9037,1095.446689895472,1161.670148154494,574,917,1.0604534,29.003788,4.6069913,2.1199934
Blue Choice PPO common,2026-05-30,52000,institutional,outpatient,Cystoscopy,Outpatient procedure,707.525,392.15,549.6,1124.19,1669.59,311.58,5856,963.1130343511464,687.5804423199855,524,840,.71391457,18.794531,4.2575288,2.0454695
Blue Choice PPO group 039993,2026-05-30,52000,institutional,outpatient,Cystoscopy,Outpatient procedure,1088.02,651.14,882.1,1986.81,8427,562.1,9037,2526.717291666667,2981.893656044862,48,74,1.1801454,16.077211,12.941917,2.2523637
Blue Essentials,2026-05-30,52000,institutional,outpatient,Cystoscopy,Outpatient procedure,684.53,357.07,528.7,1046.28,1680.72,278.77,8585,998.6191139240508,1080.576590055105,553,822,1.0820708,30.795998,4.7069764,1.9789673
Blue Essentials common,2026-05-30,52000,institutional,outpatient,Cystoscopy,Outpatient procedure,684.53,357.07,525.9200000000001,1051.845,1680.72,278.77,8585,999.4056521739134,1081.398250485338,552,821,1.0820414,30.795998,4.7069764,2.0000095
Blue Essentials group 295430,2026-05-30,52000,institutional,outpatient,Cystoscopy,Outpatient procedure,564.45,564.45,564.45,564.45,564.45,564.45,564.45,564.45,,1,1,,1,1,1
Blue Essentials group 295781,2026-05-30,52000,institutional,outpatient,Cystoscopy,Outpatient procedure,564.45,564.45,564.45,564.45,564.45,564.45,564.45,564.45,,1,1,,1,1,1
Blue Premier,2026-05-30,52000,institutional,outpatient,Cystoscopy,Outpatient procedure,601.05,347.58,416.58,893.23,1731,266.24,6055,947.5118055555545,1106.973667487059,216,302,1.1682954,22.742638,4.9801483,2.1441979
MyBlue Health HMO,2026-05-30,52000,institutional,outpatient,Cystoscopy,Outpatient procedure,573.36,332.73,397.79,667.84,990.62,266.24,3193.78,613.1686175115199,314.7611456796431,217,320,.51333541,11.995869,2.9772489,1.6788758
ParPlan,2026-05-30,52000,institutional,outpatient,Cystoscopy,Outpatient procedure,695.66,392.15,504.28,1068.54,2309.6,313.22,4650.36,1021.380923076923,882.7405282017949,455,652,.86426181,14.846945,5.8895831,2.1189418
Blue Advantage HMO,2026-05-30,52000,professional,outpatient,Cystoscopy,Outpatient procedure,155.59,59.91,72.13,197.51,234.74,46.93,1368.24,141.1745714285703,87.87560465043413,2975,49921,.62246054,29.154911,3.9182107,2.7382505
Blue Choice PPO,2026-05-30,52000,professional,outpatient,Cystoscopy,Outpatient procedure,177.01,64.94,94.02,259.25,335.19,52.94,1478.19,185.9499493243233,119.7321171378554,2960,66738,.64389431,27.921988,5.1615338,2.7573919
Blue Choice PPO common,2026-05-30,52000,professional,outpatient,Cystoscopy,Outpatient procedure,177.01,64.94,94.02,259.25,335.19,52.94,1478.19,185.924847767252,119.7935024644534,2956,66714,.64431143,27.921988,5.1615338,2.7573919
Blue Choice PPO group 039993,2026-05-30,52000,professional,outpatient,Cystoscopy,Outpatient procedure,149.175,78.78,89.375,246.45,279.22,64.2,334.57,168.1794444444444,85.18862717336475,36,48,.5065341,5.2113709,3.5443006,2.7574825
Blue Essentials,2026-05-30,52000,professional,outpatient,Cystoscopy,Outpatient procedure,170.73,64.94,89.19,245.94,301.46,52.94,1478.19,175.3967280791516,115.458511186635,2931,54403,.6582706,27.921988,4.6421313,2.757484
Blue Essentials common,2026-05-30,52000,professional,outpatient,Cystoscopy,Outpatient procedure,170.73,64.94,89.19,245.94,301.7,52.94,1478.19,175.3965011982175,115.5535715731114,2921,54321,.65881342,27.921988,4.6458268,2.757484
Blue Essentials group 295430,2026-05-30,52000,professional,outpatient,Cystoscopy,Outpatient procedure,140.06,75.19,77.66,214.15,252.4,64.87,279.22,151.410606060606,74.59010606443702,66,88,.49263462,4.3043008,3.3568294,2.7575328
Blue Essentials group 295781,2026-05-30,52000,professional,outpatient,Cystoscopy,Outpatient procedure,140.06,75.19,77.66,214.15,252.4,64.87,279.22,151.4106060606059,74.59010606443701,66,88,.49263462,4.3043008,3.3568294,2.7575328
Blue Premier,2026-05-30,52000,professional,outpatient,Cystoscopy,Outpatient procedure,170.73,64.94,77.66,214.54,277.55,56.43,1478.19,172.724082446808,126.4301962874743,1504,24041,.73197782,26.195108,4.2739453,2.7625546
MyBlue Health HMO,2026-05-30,52000,professional,outpatient,Cystoscopy,Outpatient procedure,155.59,57.98,63.75,177.79,209.17,46.93,1368.24,135.8547611827141,92.69030914383873,1319,22733,.682275,29.154911,3.6076233,2.7888627
ParPlan,2026-05-30,52000,professional,outpatient,Cystoscopy,Outpatient procedure,177.01,64.94,94.02,255.56,334.57,56.43,1478.19,179.8038746551034,106.3278762095421,2537,63173,.59135473,26.195108,5.1519866,2.7181451
Blue Advantage HMO,2026-05-30,64483,institutional,outpatient,Epidural steroid injection lumbar,Outpatient procedure,718.6600000000001,456.01,582.525,1084.09,1705.31,303.77,3690.27,912.8891666666655,532.0742161958889,516,737,.58284646,12.148237,3.7396328,1.8610189
Blue Choice PPO,2026-05-30,64483,institutional,outpatient,Epidural steroid injection lumbar,Outpatient procedure,1031.3,535.46,709.22,1640.34,2363.07,342.87,4277,1289.925483304042,794.1241399344126,569,900,.61563569,12.474115,4.4131589,2.3128788
Blue Choice PPO common,2026-05-30,64483,institutional,outpatient,Epidural steroid injection lumbar,Outpatient procedure,974.66,525.1,682.2850000000001,1559.14,2225.02,342.87,4156.87,1215.552615384615,713.279424718578,520,822,.58679438,12.12375,4.2373261,2.2851741
Blue Choice PPO group 039993,2026-05-30,64483,institutional,outpatient,Epidural steroid injection lumbar,Outpatient procedure,1542.89,950.1,1291.16,2899.02,3989,663.28,4277,2079.188571428571,1124.991794462668,49,76,.54107249,6.448257,4.1985054,2.2452834
Blue Essentials,2026-05-30,64483,institutional,outpatient,Epidural steroid injection lumbar,Outpatient procedure,946.5599999999999,501.18,667.43,1477.93,2111.33,324.82,4063,1174.363596330276,731.6431756402434,545,804,.62301248,12.508466,4.212718,2.2143595
Blue Essentials common,2026-05-30,64483,institutional,outpatient,Epidural steroid injection lumbar,Outpatient procedure,948.3299999999999,501.18,667.43,1477.93,2111.33,324.82,4063,1175.315790441177,731.9784915155383,544,803,.62279302,12.508466,4.212718,2.2143595
Blue Essentials group 295430,2026-05-30,64483,institutional,outpatient,Epidural steroid injection lumbar,Outpatient procedure,656.37,656.37,656.37,656.37,656.37,656.37,656.37,656.37,,1,1,,1,1,1
Blue Essentials group 295781,2026-05-30,64483,institutional,outpatient,Epidural steroid injection lumbar,Outpatient procedure,656.37,656.37,656.37,656.37,656.37,656.37,656.37,656.37,,1,1,,1,1,1
Blue Premier,2026-05-30,64483,institutional,outpatient,Epidural steroid injection lumbar,Outpatient procedure,812.05,501.18,594.1900000000001,1266.8,1843.35,351.89,3885.2,1009.233737864078,608.3697980445691,206,283,.60280365,11.04095,3.6780198,2.131978
MyBlue Health HMO,2026-05-30,64483,institutional,outpatient,Epidural steroid injection lumbar,Outpatient procedure,747.09,406.02,549.28,998.8200000000001,1445.45,330.84,3193.78,854.0092537313436,440.5383502908008,201,296,.51584727,9.6535482,3.5600462,1.8184168
ParPlan,2026-05-30,64483,institutional,outpatient,Epidural steroid injection lumbar,Outpatient procedure,877.75,466.37,639.1,1559.14,3024.81,360.91,6785.49,1377.913947368419,1259.721653079413,456,648,.91422373,18.801058,6.4858589,2.4395869
Blue Advantage HMO,2026-05-30,64483,professional,outpatient,Epidural steroid injection lumbar,Outpatient procedure,172.35,83.47,100.5,220.31,260.54,65.38,1396.71,167.5990689238195,89.62001210623737,3308,52853,.53472859,21.362955,3.121361,2.1921394
Blue Choice PPO,2026-05-30,64483,professional,outpatient,Epidural steroid injection lumbar,Outpatient procedure,196.08,91.45,131,295.14,373.83,73.76000000000001,1508.95,221.0679146634608,125.3401737370268,3328,70029,.56697589,20.457565,4.0878077,2.2529771
Blue Choice PPO common,2026-05-30,64483,professional,outpatient,Epidural steroid injection lumbar,Outpatient procedure,196.08,91.45,131,297.04,373.83,73.76000000000001,1508.95,221.2008376016865,125.4207458676347,3319,69958,.56699944,20.457565,4.0878077,2.2674809
Blue Choice PPO group 039993,2026-05-30,64483,professional,outpatient,Epidural steroid injection lumbar,Outpatient procedure,182.57,109.77,119.205,261.325,309.3,89.44,370.62,197.5094444444445,82.24316627953071,36,42,.41640118,4.1437836,2.8177097,2.1922319
Blue Essentials,2026-05-30,64483,professional,outpatient,Epidural steroid injection lumbar,Outpatient procedure,189.13,90.94,123.24,272.44,355.36,73.76000000000001,1508.95,208.1704455294472,122.1167269681677,3277,57528,.58661896,20.457565,3.9076314,2.2106459
Blue Essentials common,2026-05-30,64483,professional,outpatient,Epidural steroid injection lumbar,Outpatient procedure,189.13,90.94,123.24,272.44,355.36,73.76000000000001,1508.95,208.1824042879015,122.2491369779703,3265,57440,.58722126,20.457565,3.9076314,2.2106459
Blue Essentials group 295430,2026-05-30,64483,professional,outpatient,Epidural steroid injection lumbar,Outpatient procedure,192.04,104.76,108.41,237.65,279.08,90.38,407.63,183.9215277777777,76.07669059943787,72,94,.41363668,4.510179,2.6639938,2.1921411
Blue Essentials group 295781,2026-05-30,64483,professional,outpatient,Epidural steroid injection lumbar,Outpatient procedure,192.04,104.76,108.41,237.65,279.08,90.38,407.63,183.9215277777778,76.07669059943787,72,94,.41363668,4.510179,2.6639938,2.1921411
Blue Premier,2026-05-30,64483,professional,outpatient,Epidural steroid injection lumbar,Outpatient procedure,189.13,90.48,111.19,262.29,333.83,78.62,1508.95,205.5619310722103,133.9122979164705,1828,26450,.65144503,19.192953,3.6895447,2.3589351
MyBlue Health HMO,2026-05-30,64483,professional,outpatient,Epidural steroid injection lumbar,Outpatient procedure,172.35,80.79000000000001,94.61,207.39,236.67,65.38,1396.71,163.9832738461544,94.34973599332081,1625,24917,.57536197,21.362955,2.9294467,2.1920516
ParPlan,2026-05-30,64483,professional,outpatient,Epidural steroid injection lumbar,Outpatient procedure,196.08,90.48,131,287.18,373.83,78.62,1624.25,215.9585512367492,113.6910514991047,2830,65333,.52644849,20.659502,4.1316314,2.1922138
Blue Advantage HMO,2026-05-30,29881,institutional,outpatient,Knee arthroscopy with meniscectomy,Outpatient procedure,2584.56,1402.47,2012.24,3503.94,5365.4,1018,14522.31,3052.881840148688,1839.568478071248,538,777,.60256785,14.265531,3.8256791,1.7413132
Blue Choice PPO,2026-05-30,29881,institutional,outpatient,Knee arthroscopy with meniscectomy,Outpatient procedure,3314.655,1807.51,2430.27,5255.9,7664.86,1018,15289.43,4213.67552364865,2506.564494770562,592,938,.59486413,15.019087,4.2405629,2.1626816
Blue Choice PPO common,2026-05-30,29881,institutional,outpatient,Knee arthroscopy with meniscectomy,Outpatient procedure,3113.79,1716.38,2390.3,5083.44,7473.24,1018,15289.43,4066.851012891342,2488.492716597377,543,862,.61189669,15.019087,4.3540707,2.1266954
Blue Choice PPO group 039993,2026-05-30,29881,institutional,outpatient,Knee arthroscopy with meniscectomy,Outpatient procedure,5201.15,3202.82,4352.55,7206,9772.700000000001,2341.52,9772.700000000001,5840.730816326531,2118.188553198067,49,76,.36265814,4.1736565,3.0512798,1.6555812
Blue Essentials,2026-05-30,29881,institutional,outpatient,Knee arthroscopy with meniscectomy,Outpatient procedure,3011.2,1621.99,2248.45,4735.79,6846,738,15289.43,3838.352390924956,2313.196391546334,573,850,.60265344,20.717384,4.2207413,2.1062465
Blue Essentials common,2026-05-30,29881,institutional,outpatient,Knee arthroscopy with meniscectomy,Outpatient procedure,3012.335,1621.99,2246.2,4746.395,6846,738,15289.43,3841.011870629371,2314.344135895434,572,849,.60253501,20.717384,4.2207413,2.1130776
Blue Essentials group 295430,2026-05-30,29881,institutional,outpatient,Knee arthroscopy with meniscectomy,Outpatient procedure,2317.13,2317.13,2317.13,2317.13,2317.13,2317.13,2317.13,2317.13,,1,1,,1,1,1
Blue Essentials group 295781,2026-05-30,29881,institutional,outpatient,Knee arthroscopy with meniscectomy,Outpatient procedure,2317.13,2317.13,2317.13,2317.13,2317.13,2317.13,2317.13,2317.13,,1,1,,1,1,1
Blue Premier,2026-05-30,29881,institutional,outpatient,Knee arthroscopy with meniscectomy,Outpatient procedure,2737.45,1518.92,2020.16,3955.615,4828,1291.08,15289.43,3067.860043859649,1605.262095443969,228,322,.52325141,11.842357,3.1785743,1.9580702
MyBlue Health HMO,2026-05-30,29881,institutional,outpatient,Knee arthroscopy with meniscectomy,Outpatient procedure,2658.6,1442.97,1929.03,3148.07,4763.16,1231.74,8020.73,2863.067657657658,1311.412385792805,222,333,.4580445,6.5117068,3.3009417,1.6319445
ParPlan,2026-05-30,29881,institutional,outpatient,Knee arthroscopy with meniscectomy,Outpatient procedure,2962.66,1609.79,2278.38,5091.66,10292.81,852,22874.13,4630.406742268041,4211.102774719729,485,685,.90944552,26.84757,6.3938837,2.234772
Blue Advantage HMO,2026-05-30,29881,professional,outpatient,Knee arthroscopy with meniscectomy,Outpatient procedure,448.93,303.4,403.69,506.85,593.88,155.8,3098.94,478.5066687938713,204.3039224875849,1567,24761,.42696148,19.890501,1.9574159,1.2555426
Blue Choice PPO,2026-05-30,29881,professional,outpatient,Knee arthroscopy with meniscectomy,Outpatient procedure,592.0700000000001,328,452.11,739.73,870.27,155.8,3347.98,634.6394196169475,322.8658979912948,1723,33328,.50873911,21.48896,2.6532621,1.6361727
Blue Choice PPO common,2026-05-30,29881,professional,outpatient,Knee arthroscopy with meniscectomy,Outpatient procedure,592.0700000000001,325.95,452.11,739.73,870.27,155.8,3347.98,634.5086511627909,323.1479903797738,1720,33316,.50928855,21.48896,2.6699493,1.6361727
Blue Choice PPO group 039993,2026-05-30,29881,professional,outpatient,Knee arthroscopy with meniscectomy,Outpatient procedure,599.28,446.95,556.42,705.04,718.09,225.5,844.8099999999999,607.3482352941177,136.6537545786473,17,21,.22500066,3.7463858,1.606645,1.2671003
Blue Essentials,2026-05-30,29881,professional,outpatient,Knee arthroscopy with meniscectomy,Outpatient procedure,540.73,287,452.11,688.53,824.51,155.8,3347.98,595.6403403755846,309.6721329279662,1704,27157,.51989788,21.48896,2.8728571,1.5229259
Blue Essentials common,2026-05-30,29881,professional,outpatient,Knee arthroscopy with meniscectomy,Outpatient procedure,540.73,287,452.11,688.53,824.51,155.8,3347.98,595.5095708406797,309.9224973649598,1701,27146,.52043241,21.48896,2.8728571,1.5229259
Blue Essentials group 295430,2026-05-30,29881,professional,outpatient,Knee arthroscopy with meniscectomy,Outpatient procedure,599.28,523.47,523.47,636.15,705.04,225.5,705.04,565.7618181818182,131.093123299293,11,11,.23171081,3.1265633,1.3468585,1.2152559
Blue Essentials group 295781,2026-05-30,29881,professional,outpatient,Knee arthroscopy with meniscectomy,Outpatient procedure,599.28,523.47,523.47,636.15,705.04,225.5,705.04,565.7618181818182,131.093123299293,11,11,.23171081,3.1265633,1.3468585,1.2152559
Blue Premier,2026-05-30,29881,professional,outpatient,Knee arthroscopy with meniscectomy,Outpatient procedure,527.85,291.1,451.62,637.3099999999999,810.04,180.4,3347.98,583.8082039911291,360.8038625862373,902,12048,.61801779,18.558647,2.7826865,1.4111643
MyBlue Health HMO,2026-05-30,29881,professional,outpatient,Knee arthroscopy with meniscectomy,Outpatient procedure,426.87,315.7,403.69,502.2,528.15,192.7,3098.94,461.1588563458853,223.9287503712384,717,11384,.48557833,16.081682,1.672949,1.2440239
ParPlan,2026-05-30,29881,professional,outpatient,Knee arthroscopy with meniscectomy,Outpatient procedure,592.0700000000001,340.3,452.11,739.73,870.27,164,3347.98,614.5017994505487,256.4193888515995,1456,31559,.41728014,20.414513,2.5573611,1.6361727
Blue Advantage HMO,2026-05-30,20610,institutional,outpatient,Major joint injection/aspiration,Outpatient procedure,34.05,24.83,29.07,49.35,109.3,18,3193.78,112.1955397148676,316.9021073175598,491,1088,2.8245518,177.43222,4.4019332,1.6976265
Blue Choice PPO,2026-05-30,20610,institutional,outpatient,Major joint injection/aspiration,Outpatient procedure,45.01,29.07,34.05,78.09999999999999,147.84,20.8,4353,194.8639350180511,631.7448595196591,554,1262,3.2419794,209.27884,5.0856552,2.2936857
Blue Choice PPO common,2026-05-30,20610,institutional,outpatient,Major joint injection/aspiration,Outpatient procedure,43.39,29.07,33.35,72.63,133.14,20.8,4353,135.9454635108483,404.2444269724355,507,1194,2.973578,209.27884,4.5799794,2.1778111
Blue Choice PPO group 039993,2026-05-30,20610,institutional,outpatient,Major joint injection/aspiration,Outpatient procedure,59.6,40.35,44.08,110.81,3989,31.35,4277,864.5713333333334,1623.953417661524,45,70,1.8783337,136.42743,98.859978,2.5138385
Blue Essentials,2026-05-30,20610,institutional,outpatient,Major joint injection/aspiration,Outpatient procedure,37.715,29.07,31.78,69.84,122.92,19.87,4353,179.2330842911881,593.5472771807031,522,851,3.3115945,219.07397,4.2284141,2.1976085
Blue Essentials common,2026-05-30,20610,institutional,outpatient,Major joint injection/aspiration,Outpatient procedure,37.715,29.07,31.78,69.84,122.92,19.87,4353,179.2330842911881,593.5472771807031,522,851,3.3115945,219.07397,4.2284141,2.1976085
Blue Premier,2026-05-30,20610,institutional,outpatient,Major joint injection/aspiration,Outpatient procedure,34.88,29.07,33.52,51.22,1028,19.87,3363.4,235.532850241546,622.328034419438,207,320,2.6422133,169.27026,35.362919,1.5280429
MyBlue Health HMO,2026-05-30,20610,institutional,outpatient,Major joint injection/aspiration,Outpatient procedure,35.07,29.07,32.59,50.28,62.08,15.52,3193.78,63.23536480686698,210.5318156867351,233,1441,3.3293366,205.78479,2.135535,1.5428046
ParPlan,2026-05-30,20610,institutional,outpatient,Major joint injection/aspiration,Outpatient procedure,40.7,29.07,32.9,65,131.22,20.8,4353,89.78734831460672,307.1946074297916,445,779,3.4213574,209.27884,4.5139318,1.9756839
Blue Advantage HMO,2026-05-30,20610,professional,outpatient,Major joint injection/aspiration,Outpatient procedure,46.28,32.99,36.69,58.02,69.73999999999999,24.19,366.26,49.28527250900308,20.87944236564757,4165,81955,.42364466,15.140967,2.1139739,1.5813574
Blue Choice PPO,2026-05-30,20610,professional,outpatient,Major joint injection/aspiration,Outpatient procedure,58.69,35.2,42.98,75.72,99.78,19.85,395.69,63.32970185140671,31.43957699375886,4159,101419,.49644282,19.934006,2.8346591,1.7617496
Blue Choice PPO common,2026-05-30,20610,professional,outpatient,Major joint injection/aspiration,Outpatient procedure,58.69,35.2,42.98,75.72,99.78,19.85,395.69,63.34510479402565,31.46049196732865,4151,101228,.49665231,19.934006,2.8346591,1.7617496
Blue Choice PPO group 039993,2026-05-30,20610,professional,outpatient,Major joint injection/aspiration,Outpatient procedure,53.25,36.53,44.23,67.99000000000001,77.11,24.43,84.58,54.996875,16.25060622938667,32,38,.29548237,3.4621367,2.1108677,1.537192
Blue Essentials,2026-05-30,20610,professional,outpatient,Major joint injection/aspiration,Outpatient procedure,53.25,35.2,41.22,71.13,89.855,24.43,395.69,59.90466176470622,30.44911752677983,4080,85960,.50829297,16.19689,2.5526989,1.7256186
Blue Essentials common,2026-05-30,20610,professional,outpatient,Major joint injection/aspiration,Outpatient procedure,53.25,35.2,41.22,71.13,89.98,24.43,395.69,59.8987205304522,30.47391807574541,4072,85872,.50875741,16.19689,2.5562501,1.7256186
Blue Essentials group 295430,2026-05-30,20610,professional,outpatient,Major joint injection/aspiration,Outpatient procedure,52.645,36.95,44.19,63.81,75.06999999999999,24.43,109.45,55.47352941176471,15.25715401217936,68,92,.27503484,4.4801474,2.0316644,1.4439919
Blue Essentials group 295781,2026-05-30,20610,professional,outpatient,Major joint injection/aspiration,Outpatient procedure,52.645,36.95,44.19,63.81,75.06999999999999,24.43,109.45,55.4735294117647,15.25715401217936,68,92,.27503484,4.4801474,2.0316644,1.4439919
Blue Premier,2026-05-30,20610,professional,outpatient,Major joint injection/aspiration,Outpatient procedure,51.99,28.6,38.04,67.20999999999999,82.55,24.43,395.69,57.70811249999948,33.63034101191335,2400,45243,.58276623,16.19689,2.8863637,1.7668244
MyBlue Health HMO,2026-05-30,20610,professional,outpatient,Major joint injection/aspiration,Outpatient procedure,43,31.42,35.21,52.88,62.97,24.19,366.26,47.41547586206859,21.96292461671798,2175,43151,.46320161,15.140967,2.0041375,1.5018461
ParPlan,2026-05-30,20610,professional,outpatient,Major joint injection/aspiration,Outpatient procedure,56.93,35.2,41.22,75.72,99.51000000000001,24.43,436.1,61.70785977859788,27.85681440544864,3523,86004,.45143056,17.851004,2.8269887,1.8369724
Blue Advantage HMO,2026-05-30,97110,institutional,outpatient,Physical therapy therapeutic exercise,Outpatient procedure,33.72,15.68,23.4,48.39,86.20999999999999,12.23,231.97,42.63397534668741,30.29629671537527,649,1619,.71061391,18.967293,5.4980869,2.0679488
Blue Choice PPO,2026-05-30,97110,institutional,outpatient,Physical therapy therapeutic exercise,Outpatient procedure,33.86,15.68,26.4,86.53,132.69,14.06,246.63,59.36502958579906,47.98833099054792,676,1670,.80836028,17.541252,8.4623728,3.2776515
Blue Choice PPO common,2026-05-30,97110,institutional,outpatient,Physical therapy therapeutic exercise,Outpatient procedure,33.72,15.68,26.4,79,120.51,14.06,246.63,55.49745682888561,44.93615244618483,637,1613,.80969751,17.541252,7.6855869,2.9924242
Blue Choice PPO group 039993,2026-05-30,97110,institutional,outpatient,Physical therapy therapeutic exercise,Outpatient procedure,129.48,48.91,92.8,168.98,203.15,39.5,203.15,124.9905128205128,51.73033274632866,39,58,.41387406,5.1430378,4.1535473,1.8209052
Blue Essentials,2026-05-30,97110,institutional,outpatient,Physical therapy therapeutic exercise,Outpatient procedure,33.72,15.68,23.4,77.43000000000001,120.6,14.06,239.14,54.37365527488875,43.30553831923907,673,1571,.7964434,17.008535,7.6913266,3.3089743
Blue Essentials common,2026-05-30,97110,institutional,outpatient,Physical therapy therapeutic exercise,Outpatient procedure,33.72,15.68,23.4,77.43000000000001,120.6,14.06,239.14,54.37365527488875,43.30553831923908,673,1571,.7964434,17.008535,7.6913266,3.3089743
Blue Premier,2026-05-30,97110,institutional,outpatient,Physical therapy therapeutic exercise,Outpatient procedure,33.72,15.68,23.4,34.49,77.43000000000001,12.85,217.26,39.53837920489288,29.64985069335042,327,722,.74990052,16.907393,4.9381375,1.4739317
MyBlue Health HMO,2026-05-30,97110,institutional,outpatient,Physical therapy therapeutic exercise,Outpatient procedure,33.72,15.68,23.4,34.49,48.91,15.29,111.73,32.89823151125396,15.39454290904695,311,713,.46794438,7.3073902,3.1192603,1.4739317
ParPlan,2026-05-30,97110,institutional,outpatient,Physical therapy therapeutic exercise,Outpatient procedure,34.34,15.68,26.4,80.56999999999999,121.01,9.470000000000001,257.45,57.02968197879875,51.59286553447068,566,1213,.9046669,27.18585,7.7174745,3.0518939
Blue Advantage HMO,2026-05-30,97110,professional,outpatient,Physical therapy therapeutic exercise,Outpatient procedure,21.59,17.27,20.51,24.18,33.11,15.83,167,23.87127476882436,11.51632951503245,1514,43483,.48243463,10.549589,1.9171975,1.1789371
Blue Choice PPO,2026-05-30,97110,professional,outpatient,Physical therapy therapeutic exercise,Outpatient procedure,24.18,17.27,18.72,29.59,43.26,15.98,180.42,28.27974025974031,18.37928869335445,1463,54385,.64991009,11.290363,2.5049219,1.5806624
Blue Choice PPO common,2026-05-30,97110,professional,outpatient,Physical therapy therapeutic exercise,Outpatient procedure,24.18,17.27,18.72,29.59,43.26,15.98,180.42,28.27693989071043,18.37331868316548,1464,54228,.64976335,11.290363,2.5049219,1.5806624
Blue Choice PPO group 039993,2026-05-30,97110,professional,outpatient,Physical therapy therapeutic exercise,Outpatient procedure,20.55,17.27,20.55,24.18,32.23,17.27,32.23,22.69333333333334,4.262725067371809,9,11,.18784042,1.8662421,1.8662421,1.1766423
Blue Essentials,2026-05-30,97110,professional,outpatient,Physical therapy therapeutic exercise,Outpatient procedure,24.18,17.27,18.72,29.41,41.57,12.8,180.42,27.72285109386035,18.35487243616815,1417,45030,.66208458,14.095312,2.4070642,1.5710471
Blue Essentials common,2026-05-30,97110,professional,outpatient,Physical therapy therapeutic exercise,Outpatient procedure,24.18,17.27,18.72,29.41,41.57,12.8,180.42,27.71918785310742,18.36083893334989,1416,45027,.66238731,14.095312,2.4070642,1.5710471
Blue Essentials group 295430,2026-05-30,97110,professional,outpatient,Physical therapy therapeutic exercise,Outpatient procedure,22.365,20.55,20.55,28.545,32.91,20.55,32.91,24.5475,5.831708583254137,4,4,.23756833,1.6014599,1.6014599,1.3890511
Blue Essentials group 295781,2026-05-30,97110,professional,outpatient,Physical therapy therapeutic exercise,Outpatient procedure,22.365,20.55,20.55,28.545,32.91,20.55,32.91,24.5475,5.831708583254137,4,4,.23756833,1.6014599,1.6014599,1.3890511
Blue Premier,2026-05-30,97110,professional,outpatient,Physical therapy therapeutic exercise,Outpatient procedure,24.18,16.41,17.27,26.89,34.83,15.98,180.42,26.83216080402014,19.20737774956165,995,26038,.7158342,11.290363,2.1224864,1.5570353
MyBlue Health HMO,2026-05-30,97110,professional,outpatient,Physical therapy therapeutic exercise,Outpatient procedure,21.51,17.27,17.27,23.87,30.84,15.83,167,23.2416597510374,11.43006321564331,964,23942,.49179202,10.549589,1.7857556,1.3821656
ParPlan,2026-05-30,97110,professional,outpatient,Physical therapy therapeutic exercise,Outpatient procedure,21.01,17.27,18.72,26.76,43.24,15.98,180.42,26.48656426839122,14.04406171073972,1237,39002,.53023344,11.290363,2.5037637,1.4294872
Blue Advantage HMO,2026-05-30,95810,institutional,outpatient,Polysomnography sleep study,Outpatient procedure,785.39,500.94,551.03,1317.47,1653.1,315.59,3612.33,987.6241612903227,567.9168774167534,310,369,.57503343,11.446275,3.2999959,2.3909225
Blue Choice PPO,2026-05-30,95810,institutional,outpatient,Polysomnography sleep study,Outpatient procedure,1420.165,551.03,741.39,1948.66,2695.06,435.82,5152.62,1498.987011834321,856.6970896803095,338,497,.57151735,11.822817,4.8909497,2.6283872
Blue Choice PPO common,2026-05-30,95810,institutional,outpatient,Polysomnography sleep study,Outpatient procedure,1332.5,546.02,641.2,1848.47,2666.82,435.82,5152.62,1427.907617449665,835.0858470590182,298,439,.58483183,11.822817,4.8841066,2.8828292
Blue Choice PPO group 039993,2026-05-30,95810,institutional,outpatient,Polysomnography sleep study,Outpatient procedure,2086.415,781.47,1487.79,2700.07,3246.09,631.18,3246.09,2026.697368421053,816.6321213595085,38,52,.40293738,5.1428909,4.1538253,1.8148193
Blue Essentials,2026-05-30,95810,institutional,outpatient,Polysomnography sleep study,Outpatient procedure,1258.23,541.02,616.16,1753.29,2439.58,410.77,5152.62,1361.268237082068,797.559508631085,329,404,.58589447,12.543808,4.5092235,2.845511
Blue Essentials common,2026-05-30,95810,institutional,outpatient,Polysomnography sleep study,Outpatient procedure,1258.23,541.02,616.16,1753.29,2439.58,410.77,5152.62,1361.268237082068,797.559508631085,329,404,.58589447,12.543808,4.5092235,2.845511
Blue Premier,2026-05-30,95810,institutional,outpatient,Polysomnography sleep study,Outpatient procedure,761.43,500.94,551.03,1332.5,1943.65,440.83,3471.51,1014.062260869565,619.0375684601211,115,148,.61045319,7.8749404,3.8800056,2.4181986
MyBlue Health HMO,2026-05-30,95810,institutional,outpatient,Polysomnography sleep study,Outpatient procedure,551.03,450.85,500.94,831.5599999999999,1292.43,310.58,1794.98,731.078775510204,326.4545746846042,98,143,.44653815,5.7794447,2.8666518,1.6599993
ParPlan,2026-05-30,95810,institutional,outpatient,Polysomnography sleep study,Outpatient procedure,1314.965,551.03,599.9,1848.47,2700.07,471.59,5152.62,1468.455809859155,961.1503283485374,284,331,.6545313,10.926059,4.9000416,3.0812969
Blue Advantage HMO,2026-05-30,95810,professional,outpatient,Polysomnography sleep study,Outpatient procedure,334.63,84.18000000000001,98.78,535.45,644.62,61.73,3444.33,339.8948428315867,279.7712220608788,3913,62785,.82311112,55.796696,7.6576385,5.4206319
Blue Choice PPO,2026-05-30,95810,professional,outpatient,Polysomnography sleep study,Outpatient procedure,337.83,94.28,135.36,730.2,920,62.32,3721.11,448.7291835206057,385.2452343652776,4005,83256,.85852504,59.709724,9.7581673,5.3945036
Blue Choice PPO common,2026-05-30,95810,professional,outpatient,Polysomnography sleep study,Outpatient procedure,337.83,94.28,135.1,730.2,920,62.32,3721.11,448.6004926231623,385.4532743468852,3999,83202,.85923505,59.709724,9.7581673,5.4048853
Blue Choice PPO group 039993,2026-05-30,95810,professional,outpatient,Polysomnography sleep study,Outpatient procedure,250.1,102.4,121.31,657.61,770.1800000000001,62.32,880.17,393.7980000000001,293.239429399395,30,32,.74464428,14.123395,7.5212889,5.4209051
Blue Essentials,2026-05-30,95810,professional,outpatient,Polysomnography sleep study,Outpatient procedure,337.83,94.28,120.93,655.53,870.41,50.48,3721.11,428.3091176470614,371.0294529814364,3910,68796,.86626559,73.714539,9.2321806,5.4207392
Blue Essentials common,2026-05-30,95810,professional,outpatient,Polysomnography sleep study,Outpatient procedure,337.83,94.28,120.93,655.53,870.41,50.48,3721.11,428.3263352127141,371.1761853168534,3902,68724,.86657333,73.714539,9.2321806,5.4207392
Blue Essentials group 295430,2026-05-30,95810,professional,outpatient,Polysomnography sleep study,Outpatient procedure,240.78,100.57,121.55,658.885,722.12,62.32,779.11,380.5238333333333,273.7099935388232,60,76,.71929789,12.501765,7.1802726,5.420691
Blue Essentials group 295781,2026-05-30,95810,professional,outpatient,Polysomnography sleep study,Outpatient procedure,240.78,100.57,121.55,658.885,722.12,62.32,779.11,380.5238333333333,273.7099935388231,60,76,.71929789,12.501765,7.1802726,5.420691
Blue Premier,2026-05-30,95810,professional,outpatient,Polysomnography sleep study,Outpatient procedure,337.83,94.28,115,625.0599999999999,846.91,62.32,3721.11,415.0980244755248,381.6296076547063,2288,31762,.91937226,59.709724,8.9829235,5.4353042
MyBlue Health HMO,2026-05-30,95810,professional,outpatient,Polysomnography sleep study,Outpatient procedure,334.63,84.18000000000001,93.83,513.0700000000001,616.59,61.73,3444.33,332.0109448035818,276.2215167596422,2011,29177,.83196509,55.796696,7.3246613,5.4680805
ParPlan,2026-05-30,95810,professional,outpatient,Polysomnography sleep study,Outpatient procedure,337.83,94.28,121.31,672.3200000000001,914.35,62.32,3721.11,434.8102811594254,353.6700827144668,3450,74927,.81338942,59.709724,9.6982393,5.5421648
Blue Advantage HMO,2026-05-30,43235,institutional,outpatient,Upper GI endoscopy diagnostic,Outpatient procedure,785.92,479.63,597.1900000000001,1101.11,1658.29,344.42,4081.76,938.1485493230174,549.5239235645618,517,738,.58575362,11.851112,3.4574358,1.8438185
Blue Choice PPO,2026-05-30,43235,institutional,outpatient,Upper GI endoscopy diagnostic,Outpatient procedure,1106,559.5700000000001,752.37,1666.15,2334.52,388.75,4503,1326.452321116927,811.6853707370567,573,913,.61192203,11.58328,4.1719894,2.2145355
Blue Choice PPO common,2026-05-30,43235,institutional,outpatient,Upper GI endoscopy diagnostic,Outpatient procedure,1020.14,540.76,741.61,1587.56,2200.58,388.75,4297.37,1256.208167938931,727.7657482744395,524,824,.57933533,11.054328,4.0694208,2.1406939
Blue Choice PPO group 039993,2026-05-30,43235,institutional,outpatient,Upper GI endoscopy diagnostic,Outpatient procedure,1465.74,919.53,1245.68,2805.73,4200,726.47,4503,2034.585416666667,1178.309639845578,48,80,.57913995,6.1984668,4.5675507,2.2523682
Blue Essentials,2026-05-30,43235,institutional,outpatient,Upper GI endoscopy diagnostic,Outpatient procedure,986.865,503.15,691.24,1486.82,2106.27,368.29,4297.37,1214.973777372261,757.5692648471818,548,807,.62352723,11.668441,4.1861672,2.1509461
Blue Essentials common,2026-05-30,43235,institutional,outpatient,Upper GI endoscopy diagnostic,Outpatient procedure,991.33,503.15,691.24,1493.25,2106.27,368.29,4297.37,1215.880676416817,757.9648894635105,547,806,.62338758,11.668441,4.1861672,2.1602483
Blue Essentials group 295430,2026-05-30,43235,institutional,outpatient,Upper GI endoscopy diagnostic,Outpatient procedure,718.9,718.9,718.9,718.9,718.9,718.9,718.9,718.9,,1,1,,1,1,1
Blue Essentials group 295781,2026-05-30,43235,institutional,outpatient,Upper GI endoscopy diagnostic,Outpatient procedure,718.9,718.9,718.9,718.9,718.9,718.9,718.9,718.9,,1,1,,1,1,1
Blue Premier,2026-05-30,43235,institutional,outpatient,Upper GI endoscopy diagnostic,Outpatient procedure,840.93,498.44,625.41,1262,1878.35,398.98,4297.37,1043.889223300972,637.5272285593106,206,283,.61072308,10.770891,3.7684577,2.0178764
MyBlue Health HMO,2026-05-30,43235,institutional,outpatient,Upper GI endoscopy diagnostic,Outpatient procedure,762.34,423.77,550.14,987.9,1489,375.11,3193.78,856.5416417910452,421.5283176262196,201,296,.49212822,8.5142488,3.5136986,1.7957247
ParPlan,2026-05-30,43235,institutional,outpatient,Upper GI endoscopy diagnostic,Outpatient procedure,919.53,510.8,681.0700000000001,1548.26,3159.83,407.73,6567.15,1411.030087145967,1236.001712407482,459,651,.87595701,16.106615,6.1860414,2.2732759
Blue Advantage HMO,2026-05-30,43235,professional,outpatient,Upper GI endoscopy diagnostic,Outpatient procedure,207.18,91.48999999999999,110.19,257.82,304.79,71.67,1643.41,199.490924992588,108.533766286861,3373,52678,.54405367,22.930235,3.3314023,2.3397768
Blue Choice PPO,2026-05-30,43235,professional,outpatient,Upper GI endoscopy diagnostic,Outpatient procedure,232.03,115.34,152.79,335.96,437.33,80.84999999999999,1775.47,258.5890872328162,146.3977024941138,3462,69546,.56614029,21.960049,3.7916594,2.1988349
Blue Choice PPO common,2026-05-30,43235,professional,outpatient,Upper GI endoscopy diagnostic,Outpatient procedure,232.03,115.34,152.79,335.96,437.33,80.84999999999999,1775.47,258.6925108475584,146.4191838575343,3457,69506,.565997,21.960049,3.7916594,2.1988349
Blue Choice PPO group 039993,2026-05-30,43235,professional,outpatient,Upper GI endoscopy diagnostic,Outpatient procedure,231.99,122.05,137.52,305.71,361.84,98.04000000000001,433.58,232.5278125,99.09876346790072,32,38,.42618027,4.4224806,2.9646866,2.2230222
Blue Essentials,2026-05-30,43235,professional,outpatient,Upper GI endoscopy diagnostic,Outpatient procedure,232.03,105.36,139.54,317,400.44,80.84999999999999,1775.47,243.7326926457692,142.7213585538021,3413,57399,.58556509,21.960049,3.8006833,2.27175
Blue Essentials common,2026-05-30,43235,professional,outpatient,Upper GI endoscopy diagnostic,Outpatient procedure,232.03,102.35,139.54,317,400.44,80.84999999999999,1775.47,243.7511045828468,142.8285004727541,3404,57313,.58596045,21.960049,3.9124572,2.27175
Blue Essentials group 295430,2026-05-30,43235,professional,outpatient,Upper GI endoscopy diagnostic,Outpatient procedure,204,114.82,118.83,278.02,326.48,99.06,361.84,208.6136486486487,86.70949878563296,74,93,.41564634,3.6527357,2.8434072,2.3396449
Blue Essentials group 295781,2026-05-30,43235,professional,outpatient,Upper GI endoscopy diagnostic,Outpatient procedure,204,114.82,118.83,278.02,326.48,99.06,361.84,208.6136486486487,86.70949878563297,74,93,.41564634,3.6527357,2.8434072,2.3396449
Blue Premier,2026-05-30,43235,professional,outpatient,Upper GI endoscopy diagnostic,Outpatient procedure,232.03,99.17,134.61,304.19,382.5,86.18000000000001,1775.47,242.5377247502772,159.4282858392339,1802,25355,.65733397,20.601879,3.8570132,2.2597876
MyBlue Health HMO,2026-05-30,43235,professional,outpatient,Upper GI endoscopy diagnostic,Outpatient procedure,207.18,88.55,100.8,249.54,280.5,71.67,1643.41,193.185244708993,115.5756231471701,1512,23675,.5982632,22.930235,3.167702,2.4755952
ParPlan,2026-05-30,43235,professional,outpatient,Upper GI endoscopy diagnostic,Outpatient procedure,232.03,99.17,152.79,334.675,433.58,86.18000000000001,1900.15,251.6217697010892,132.3497380222698,2944,64925,.52598685,22.048618,4.3720884,2.1904247
Blue Advantage HMO,2026-05-30,43239,institutional,outpatient,Upper GI endoscopy with biopsy,Outpatient procedure,785.92,479.63,605.16,1084.57,1650.43,344.42,4081.76,937.4478026070766,539.8933332658074,537,777,.57591832,11.851112,3.4410484,1.7922037
Blue Choice PPO,2026-05-30,43239,institutional,outpatient,Upper GI endoscopy with biopsy,Outpatient procedure,1045.27,575.12,756.74,1650.43,2342.04,388.75,6800,1325.201979865771,832.8096596284939,596,946,.62843978,17.491961,4.0722632,2.1809738
Blue Choice PPO common,2026-05-30,43239,institutional,outpatient,Upper GI endoscopy with biopsy,Outpatient procedure,974.54,559.5700000000001,751.2950000000001,1571.84,2200.58,388.75,6800,1265.689981751824,790.3758127580006,548,865,.62446243,17.491961,3.9326267,2.0921743
Blue Choice PPO group 039993,2026-05-30,43239,institutional,outpatient,Upper GI endoscopy with biopsy,Outpatient procedure,1465.74,919.53,1245.68,2805.73,4200,726.47,4503,2034.585416666667,1178.309639845578,48,76,.57913995,6.1984668,4.5675507,2.2523682
Blue Essentials,2026-05-30,43239,institutional,outpatient,Upper GI endoscopy with biopsy,Outpatient procedure,961.51,512.55,700.64,1477.53,2081.38,368.29,6800,1212.187078260868,779.829501544794,575,852,.64332438,18.463711,4.060833,2.108829
Blue Essentials common,2026-05-30,43239,institutional,outpatient,Upper GI endoscopy with biopsy,Outpatient procedure,962.74,512.55,700.64,1477.53,2081.38,368.29,6800,1213.046463414633,780.2371204932979,574,851,.64320463,18.463711,4.060833,2.108829
Blue Essentials group 295430,2026-05-30,43239,institutional,outpatient,Upper GI endoscopy with biopsy,Outpatient procedure,718.9,718.9,718.9,718.9,718.9,718.9,718.9,718.9,,1,1,,1,1,1
Blue Essentials group 295781,2026-05-30,43239,institutional,outpatient,Upper GI endoscopy with biopsy,Outpatient procedure,718.9,718.9,718.9,718.9,718.9,718.9,718.9,718.9,,1,1,,1,1,1
Blue Premier,2026-05-30,43239,institutional,outpatient,Upper GI endoscopy with biopsy,Outpatient procedure,851.12,498.44,625.41,1233.89,1878.35,398.98,4297.37,1028.153026315791,610.600990154803,228,322,.59388143,10.770891,3.7684577,1.9729297
MyBlue Health HMO,2026-05-30,43239,institutional,outpatient,Upper GI endoscopy with biopsy,Outpatient procedure,785.92,446.72,597.1900000000001,903.8099999999999,1396.96,375.11,3193.78,856.5165765765772,401.0642076217796,222,334,.46825036,8.5142488,3.1271491,1.513438
ParPlan,2026-05-30,43239,institutional,outpatient,Upper GI endoscopy with biopsy,Outpatient procedure,896.74,510.8,705.35,1508.97,3120.1,409.21,6800,1396.761129363447,1230.200972169719,487,687,.88075256,16.617384,6.1082616,2.1393209
Blue Advantage HMO,2026-05-30,43239,professional,outpatient,Upper GI endoscopy with biopsy,Outpatient procedure,260.65,105.18,124.38,326.78,394.02,80.5,2151.99,243.3768934426206,141.9028510659094,3660,59345,.583058,26.732796,3.7461495,2.6272712
Blue Choice PPO,2026-05-30,43239,professional,outpatient,Upper GI endoscopy with biopsy,Outpatient procedure,280.5,129.56,171.63,430.23,560.5,90.81999999999999,2324.93,314.3954801368074,192.6396410333558,3801,78571,.61273032,25.599318,4.3261809,2.5067296
Blue Choice PPO common,2026-05-30,43239,professional,outpatient,Upper GI endoscopy with biopsy,Outpatient procedure,280.5,129.56,171.63,430.23,560.5,90.81999999999999,2324.93,314.4322878228795,192.7611922363007,3794,78495,.61304516,25.599318,4.3261809,2.5067296
Blue Choice PPO group 039993,2026-05-30,43239,professional,outpatient,Upper GI endoscopy with biopsy,Outpatient procedure,257.55,137.1,159,397.6,467.76,110.13,560.5,285.724705882353,138.1511845162545,34,40,.48351151,5.0894399,3.4118161,2.5006289
Blue Essentials,2026-05-30,43239,professional,outpatient,Upper GI endoscopy with biopsy,Outpatient procedure,265.2,124.97,156.74,403.18,505.42,90.81999999999999,2324.93,296.381384574185,187.6815407950249,3734,65372,.63324332,25.599318,4.0443306,2.5722854
Blue Essentials common,2026-05-30,43239,professional,outpatient,Upper GI endoscopy with biopsy,Outpatient procedure,265.2,124.97,156.74,403.18,505.64,90.81999999999999,2324.93,296.413341391353,187.8185805156088,3723,65284,.63363743,25.599318,4.0460911,2.5722854
Blue Essentials group 295430,2026-05-30,43239,professional,outpatient,Upper GI endoscopy with biopsy,Outpatient procedure,216.47,130.06,147.485,359.41,422.83,111.28,616.47,262.3068421052631,127.3858323384567,76,95,.48563671,5.5398097,3.2510381,2.4369259
Blue Essentials group 295781,2026-05-30,43239,professional,outpatient,Upper GI endoscopy with biopsy,Outpatient procedure,216.47,130.06,147.485,359.41,422.83,111.28,616.47,262.306842105263,127.3858323384567,76,95,.48563671,5.5398097,3.2510381,2.4369259
Blue Premier,2026-05-30,43239,professional,outpatient,Upper GI endoscopy with biopsy,Outpatient procedure,280.5,111.4,151.74,368.63,464.98,96.8,2324.93,294.9009493670894,204.3713335085968,2054,29083,.69301689,24.017872,4.1739678,2.4293528
MyBlue Health HMO,2026-05-30,43239,professional,outpatient,Upper GI endoscopy with biopsy,Outpatient procedure,260.65,99.47,120.91,313.65,358.69,80.5,2151.99,238.5486523216303,149.4595759041809,1766,26635,.62653708,26.732796,3.6060119,2.5940783
ParPlan,2026-05-30,43239,professional,outpatient,Upper GI endoscopy with biopsy,Outpatient procedure,265.18,112.6,171.63,428.13,560.5,96.8,2456.4,305.6020928059826,175.3824908775033,3211,70921,.57389164,25.376034,4.9777975,2.494494
Blue Advantage HMO,2026-05-30,99395,institutional,outpatient,Preventive visit est 18-39,Preventive,121.725,87.53,92.62,227.95,289.95,57.44,642.4400000000001,166.8034911242603,97.71040673143057,338,649,.58578157,11.184541,3.3125784,2.4611316
Blue Choice PPO,2026-05-30,99395,institutional,outpatient,Preventive visit est 18-39,Preventive,282.57,135.86,211.54,383.48,490.55,79.33,709.38,301.9342007434944,134.8045728075469,269,392,.44647002,8.9421406,3.6107023,1.8128014
Blue Choice PPO common,2026-05-30,99395,institutional,outpatient,Preventive visit est 18-39,Preventive,282.16,134.95,209.255,352.125,477.61,79.33,709.38,291.0287931034484,129.4828873458582,232,331,.44491434,8.9421406,3.5391626,1.6827555
Blue Choice PPO group 039993,2026-05-30,99395,institutional,outpatient,Preventive visit est 18-39,Preventive,382.96,150.45,270.8,491.46,590.85,122.18,590.85,370.3140540540541,148.760536703557,37,56,.40171453,4.8358979,3.9272184,1.8148448
Blue Essentials,2026-05-30,99395,institutional,outpatient,Preventive visit est 18-39,Preventive,254.45,121.27,190.68,350.13,444.05,74.77,662.29,274.7349429657796,125.7366426058627,263,307,.45766526,8.8576965,3.661664,1.8362178
Blue Essentials common,2026-05-30,99395,institutional,outpatient,Preventive visit est 18-39,Preventive,254.45,121.27,190.68,350.13,444.05,74.77,662.29,274.7349429657796,125.7366426058627,263,307,.45766526,8.8576965,3.661664,1.8362178
Blue Premier,2026-05-30,99395,institutional,outpatient,Preventive visit est 18-39,Preventive,222.48,105.77,176.89,281.75,395.72,80.23999999999999,631.88,244.7435820895522,113.2056224471244,67,75,.46254787,7.8748755,3.7413256,1.5927978
MyBlue Health HMO,2026-05-30,99395,institutional,outpatient,Preventive visit est 18-39,Preventive,116.22,81.15000000000001,81.15000000000001,174.15,235.24,57.44,324.97,133.1815662650602,63.38177289506643,83,377,.475905,5.6575556,2.8988292,2.1460259
ParPlan,2026-05-30,99395,institutional,outpatient,Preventive visit est 18-39,Preventive,279.92,144.44,209.71,376.57,507.87,90.8,748.77,312.168,159.1970771248582,205,231,.50997245,8.2463655,3.5161312,1.7956702
Blue Advantage HMO,2026-05-30,99395,professional,outpatient,Preventive visit est 18-39,Preventive,81.13,58.36,67.75,95.59,112.575,45.54,654.71,84.02062178217766,32.99463288321815,5050,86384,.39269686,14.376592,1.9289753,1.4109225
Blue Choice PPO,2026-05-30,99395,professional,outpatient,Preventive visit est 18-39,Preventive,92.23999999999999,67.09,74.03,110.21,124.25,45.98,707.3200000000001,96.97898311739466,47.39996466881844,5094,109865,.48876533,15.38321,1.8519899,1.4887208
Blue Choice PPO common,2026-05-30,99395,professional,outpatient,Preventive visit est 18-39,Preventive,92.23999999999999,67.09,74.03,110.21,124.25,45.98,707.3200000000001,96.99328619131967,47.41014401356971,5091,109670,.4887982,15.38321,1.8519899,1.4887208
Blue Choice PPO group 039993,2026-05-30,99395,professional,outpatient,Preventive visit est 18-39,Preventive,93.66499999999999,69.5,77.7,109.83,120.14,49.69,141.19,93.97750000000002,21.34211178594731,32,34,.22709811,2.8414168,1.728633,1.4135135
Blue Essentials,2026-05-30,99395,professional,outpatient,Preventive visit est 18-39,Preventive,91.20999999999999,67.15000000000001,73.81,108.55,122.14,45.98,707.3200000000001,96.04120500481416,47.18794193239713,5195,94067,.49133018,15.38321,1.8189129,1.470668
Blue Essentials common,2026-05-30,99395,professional,outpatient,Preventive visit est 18-39,Preventive,91.20999999999999,67.15000000000001,73.81,108.55,122.14,45.98,707.3200000000001,96.04120500481416,47.18794193239712,5195,94059,.49133018,15.38321,1.8189129,1.470668
Blue Essentials group 295430,2026-05-30,99395,professional,outpatient,Preventive visit est 18-39,Preventive,100.715,78.95,81.13,111.55,127.71,78.95,127.71,100.1283333333333,19.10038786691691,6,6,.19075908,1.617606,1.617606,1.3749537
Blue Essentials group 295781,2026-05-30,99395,professional,outpatient,Preventive visit est 18-39,Preventive,100.715,78.95,81.13,111.55,127.71,78.95,127.71,100.1283333333333,19.10038786691691,6,6,.19075908,1.617606,1.617606,1.3749537
Blue Premier,2026-05-30,99395,professional,outpatient,Preventive visit est 18-39,Preventive,86.84,58.8,69.56,101.85,120,45.98,707.3200000000001,94.08545911528246,54.52804524702516,2984,51444,.57955867,15.38321,2.0408163,1.4642036
MyBlue Health HMO,2026-05-30,99395,professional,outpatient,Preventive visit est 18-39,Preventive,76.19,54.71,62.62,90.29000000000001,109.01,45.54,654.71,81.03397494305207,35.28472664055763,2634,47425,.43543127,14.376592,1.9925059,1.4418716
ParPlan,2026-05-30,99395,professional,outpatient,Preventive visit est 18-39,Preventive,88.19,58.8,69.56,103.14,121.33,45.98,707.3200000000001,92.49354253835563,38.54521833043773,3585,88852,.41673416,15.38321,2.0634353,1.4827487
Blue Advantage HMO,2026-05-30,99396,institutional,outpatient,Preventive visit est 40-64,Preventive,119.49,85.91,100.31,221.2,303.16,62.21,698.47,164.6166744730679,99.84598346822212,427,2043,.60653627,11.227616,3.5288093,2.205164
Blue Choice PPO,2026-05-30,99396,institutional,outpatient,Preventive visit est 40-64,Preventive,272.55,85.91,145.34,372.29,526.34,85.91,768.27,281.7912238805973,160.8220582760287,335,910,.57071352,8.9427309,6.1266441,2.561511
Blue Choice PPO common,2026-05-30,99396,institutional,outpatient,Preventive visit est 40-64,Preventive,261.69,85.91,118.5,348.59,501.65,85.91,768.27,266.9828859060406,154.7497950403947,298,853,.57962441,8.9427309,5.8392506,2.9416878
Blue Choice PPO group 039993,2026-05-30,99396,institutional,outpatient,Preventive visit est 40-64,Preventive,414.75,162.94,293.29,532.26,639.9,132.33,639.9,401.0583783783783,161.1090370165758,37,56,.40170968,4.835638,3.9272125,1.8147908
Blue Essentials,2026-05-30,99396,institutional,outpatient,Preventive visit est 40-64,Preventive,276.34,131.34,208.2,376.24,480.91,80.97,720.05,297.4705660377361,135.7946280402971,265,309,.4564977,8.8927994,3.6615653,1.8071085
Blue Essentials common,2026-05-30,99396,institutional,outpatient,Preventive visit est 40-64,Preventive,276.34,131.34,208.2,376.24,480.91,80.97,720.05,297.4705660377361,135.7946280402971,265,309,.4564977,8.8927994,3.6615653,1.8071085
Blue Premier,2026-05-30,99396,institutional,outpatient,Preventive visit est 40-64,Preventive,240.95,114.55,191.57,305.14,428.57,86.90000000000001,684.34,265.1041791044776,122.5977826947307,67,75,.46245134,7.8750286,3.7413356,1.5928382
MyBlue Health HMO,2026-05-30,99396,institutional,outpatient,Preventive visit est 40-64,Preventive,161.06,84.92,117.51,209.35,271.56,62.21,351.94,167.1672881355932,69.37370248132407,59,82,.41499567,5.65729,3.1978333,1.7815505
ParPlan,2026-05-30,99396,institutional,outpatient,Preventive visit est 40-64,Preventive,298.565,151.44,222.185,403.89,550.04,98.34,810.93,336.4836057692306,172.1471155361562,208,236,.51160628,8.2461863,3.6320655,1.8178095
Blue Advantage HMO,2026-05-30,99396,professional,outpatient,Preventive visit est 40-64,Preventive,88.09999999999999,63.86,72.59,103.52,120.69,49.46,694.5599999999999,91.17785077047847,35.30128387236883,4932,83993,.38716951,14.042863,1.8899155,1.4260918
Blue Choice PPO,2026-05-30,99396,professional,outpatient,Preventive visit est 40-64,Preventive,98.09999999999999,72.59,80.65000000000001,117.85,135.47,49.93,750.37,105.0499858528708,51.23356295529945,4948,107249,.48770651,15.02844,1.866235,1.4612523
Blue Choice PPO common,2026-05-30,99396,professional,outpatient,Preventive visit est 40-64,Preventive,98.09999999999999,72.59,80.65000000000001,117.85,135.47,49.93,750.37,105.0598281092022,51.24545219689696,4945,107037,.48777398,15.02844,1.866235,1.4612523
Blue Choice PPO group 039993,2026-05-30,99396,professional,outpatient,Preventive visit est 40-64,Preventive,99.81999999999999,74.19499999999999,85.79000000000001,117.97,129.48,53.96,150.01,101.592,22.3587103138028,30,34,.22008337,2.7800221,1.745131,1.375102
Blue Essentials,2026-05-30,99396,professional,outpatient,Preventive visit est 40-64,Preventive,98.09999999999999,72.59,80.15000000000001,115.81,130.64,49.93,750.37,104.0406620633642,51.57951186123709,4924,91637,.495763,15.02844,1.7996969,1.4449158
Blue Essentials common,2026-05-30,99396,professional,outpatient,Preventive visit est 40-64,Preventive,98.09999999999999,72.59,80.15000000000001,115.81,130.64,49.93,750.37,104.0034114052964,51.63905906754066,4910,91399,.49651313,15.02844,1.7996969,1.4449158
Blue Essentials group 295430,2026-05-30,99396,professional,outpatient,Preventive visit est 40-64,Preventive,100.86,75.53,85.79000000000001,115.42,126.86,72.92,148.81,101.6431,18.58425752260947,100,242,.18283837,2.0407295,1.6795975,1.3453783
Blue Essentials group 295781,2026-05-30,99396,professional,outpatient,Preventive visit est 40-64,Preventive,100.86,75.53,85.79000000000001,115.42,126.86,72.92,148.81,101.6431,18.58425752260947,100,242,.18283837,2.0407295,1.6795975,1.3453783
Blue Premier,2026-05-30,99396,professional,outpatient,Preventive visit est 40-64,Preventive,94.3,63.86,75.53,113.13,129.78,49.93,750.37,102.3651526296419,60.61617546681367,2719,46737,.59215635,15.02844,2.032258,1.4978155
MyBlue Health HMO,2026-05-30,99396,professional,outpatient,Preventive visit est 40-64,Preventive,84.31999999999999,60.61,69.89,100.31,118.56,49.46,694.5599999999999,88.54246253543973,38.47660514662525,2469,42599,.43455541,14.042863,1.9561129,1.4352554
ParPlan,2026-05-30,99396,professional,outpatient,Preventive visit est 40-64,Preventive,95.83,63.86,75.53,115.3,130.02,49.93,750.37,100.807702780997,43.11913701210309,3452,87149,.42773652,15.02844,2.0360162,1.5265458
Blue Advantage HMO,2026-05-30,99385,institutional,outpatient,Preventive visit new 18-39,Preventive,188.99,99.16,117.37,273.54,341.18,62.67,703.6,211.8886234817813,111.2653452563198,247,279,.52511239,11.227062,3.440702,2.3305786
Blue Choice PPO,2026-05-30,99385,institutional,outpatient,Preventive visit new 18-39,Preventive,308.26,148.665,230.77,419.98,533.655,86.54000000000001,773.88,329.2821851851851,147.13979568809,270,395,.44685015,8.9424543,3.5896478,1.8199073
Blue Choice PPO common,2026-05-30,99385,institutional,outpatient,Preventive visit new 18-39,Preventive,307.36,147.45,227.79,383.95,522.9,86.54000000000001,773.88,317.4199141630902,141.3683110676878,233,329,.44536686,8.9424543,3.5462868,1.6855437
Blue Choice PPO group 039993,2026-05-30,99385,institutional,outpatient,Preventive visit new 18-39,Preventive,421.75,164.13,300.4,536.14,644.5700000000001,133.29,644.5700000000001,410.3688888888888,159.8019573950882,36,52,.3894105,4.8358464,3.927192,1.7847537
Blue Essentials,2026-05-30,99385,institutional,outpatient,Preventive visit new 18-39,Preventive,276.975,137.27,161.14,363.07,484.42,81.56999999999999,725.34,287.6862587412589,138.2590746528004,286,416,.48058978,8.8922396,3.5289576,2.253134
Blue Essentials common,2026-05-30,99385,institutional,outpatient,Preventive visit new 18-39,Preventive,276.975,137.27,161.14,363.07,484.42,81.56999999999999,725.34,287.6862587412589,138.2590746528004,286,416,.48058978,8.8922396,3.5289576,2.253134
Blue Premier,2026-05-30,99385,institutional,outpatient,Preventive visit new 18-39,Preventive,242.71,115.39,192.97,307.36,431.7,87.53,689.33,267.1197014925374,123.5475926696065,67,75,.46251771,7.8753572,3.7412255,1.5927864
MyBlue Health HMO,2026-05-30,99385,institutional,outpatient,Preventive visit new 18-39,Preventive,162.24,85.54000000000001,118.37,207.89,273.54,62.67,354.51,166.635737704918,70.07135528538075,61,84,.42050618,5.6567736,3.1978023,1.7562727
ParPlan,2026-05-30,99385,institutional,outpatient,Preventive visit new 18-39,Preventive,305.37,159.15,228.78,410.81,554.05,99.41,816.85,341.2001463414633,173.6618874097134,205,231,.50897366,8.21698,3.481307,1.7956553
Blue Advantage HMO,2026-05-30,99385,professional,outpatient,Preventive visit new 18-39,Preventive,89.48999999999999,64.31999999999999,75.45,106.78,125.31,49.81,726.8200000000001,93.15764885807536,36.92522021358868,4904,82048,.39637348,14.591849,1.9482276,1.4152418
Blue Choice PPO,2026-05-30,99385,professional,outpatient,Preventive visit new 18-39,Preventive,101.77,73.06999999999999,81.70999999999999,122.89,140.76,50.29,785.23,107.6370253929862,53.2683691127566,4962,104332,.4948889,15.614038,1.9263719,1.5039775
Blue Choice PPO common,2026-05-30,99385,professional,outpatient,Preventive visit new 18-39,Preventive,101.77,73.06999999999999,81.70999999999999,122.89,140.775,50.29,785.23,107.6416431451608,53.27825155492114,4960,104105,.49495947,15.614038,1.9265772,1.5039775
Blue Choice PPO group 039993,2026-05-30,99385,professional,outpatient,Preventive visit new 18-39,Preventive,103.105,75.95,84.985,121.685,136.93,54.35,156.43,103.9575,24.2976754496817,32,34,.23372701,2.878197,1.8028966,1.4318409
Blue Essentials,2026-05-30,99385,professional,outpatient,Preventive visit new 18-39,Preventive,99.76000000000001,72.84999999999999,80.81999999999999,120.33,136.34,50.29,785.23,106.6081820024332,53.52658228381284,4934,89216,.502087,15.614038,1.8715168,1.4888642
Blue Essentials common,2026-05-30,99385,professional,outpatient,Preventive visit new 18-39,Preventive,99.76000000000001,72.84999999999999,80.81999999999999,120.33,136.34,50.29,785.23,106.6081820024333,53.52658228381284,4934,89208,.502087,15.614038,1.8715168,1.4888642
Blue Essentials group 295430,2026-05-30,99385,professional,outpatient,Preventive visit new 18-39,Preventive,110.985,86.39,88.65000000000001,123.47,141.57,86.39,141.57,110.3416666666667,21.75894521034203,6,6,.1971961,1.6387314,1.6387314,1.3927805
Blue Essentials group 295781,2026-05-30,99385,professional,outpatient,Preventive visit new 18-39,Preventive,110.985,86.39,88.65000000000001,123.47,141.57,86.39,141.57,110.3416666666667,21.75894521034203,6,6,.1971961,1.6387314,1.6387314,1.3927805
Blue Premier,2026-05-30,99385,professional,outpatient,Preventive visit new 18-39,Preventive,94.3,64.31999999999999,76.08,116.89,132.48,50.29,785.23,104.695080586081,62.77385005674117,2730,46517,.59958738,15.614038,2.0597014,1.536409
MyBlue Health HMO,2026-05-30,99385,professional,outpatient,Preventive visit new 18-39,Preventive,86.26000000000001,60.9,69.38,101.48,123.63,49.81,726.8200000000001,90.39520437070017,40.1334834243172,2471,42646,.44397801,14.591849,2.0300493,1.4626694
ParPlan,2026-05-30,99385,professional,outpatient,Preventive visit new 18-39,Preventive,96.12,64.31999999999999,76.08,115.89,134.12,50.29,785.23,102.6695290378508,44.77575985139114,3461,86231,.43611538,15.614038,2.0851991,1.523265
Blue Advantage HMO,2026-05-30,99386,institutional,outpatient,Preventive visit new 40-64,Preventive,224.02,121.09,146.52,333,414.73,76.29000000000001,856.54,257.1827091633464,134.2525195675339,251,366,.52201223,11.227422,3.4249732,2.2727273
Blue Choice PPO,2026-05-30,99386,institutional,outpatient,Preventive visit new 40-64,Preventive,354.79,120.94,199.73,469.25,647.83,105.35,942.08,365.7122186495179,190.3010459650297,311,1232,.52035737,8.9423828,5.3566232,2.3494217
Blue Choice PPO common,2026-05-30,99386,institutional,outpatient,Preventive visit new 40-64,Preventive,336.63,120.94,181.41,446.82,628.89,105.35,942.08,348.3336861313871,183.3213625633329,274,1175,.52628088,8.9423828,5.2000165,2.4630396
Blue Choice PPO group 039993,2026-05-30,99386,institutional,outpatient,Preventive visit new 40-64,Preventive,508.58,199.8,359.64,652.68,784.66,162.26,784.66,491.7891891891892,197.5560351222235,37,58,.40170878,4.8358192,3.9272273,1.8148148
Blue Essentials,2026-05-30,99386,institutional,outpatient,Preventive visit new 40-64,Preventive,329.97,120.94,192.53,441.98,589.71,99.29000000000001,883,343.1398601398604,175.0635441704647,286,768,.51018131,8.8931417,4.8760543,2.2956421
Blue Essentials common,2026-05-30,99386,institutional,outpatient,Preventive visit new 40-64,Preventive,329.97,120.94,192.53,441.98,589.71,99.29000000000001,883,343.1398601398604,175.0635441704647,286,767,.51018131,8.8931417,4.8760543,2.2956421
Blue Premier,2026-05-30,99386,institutional,outpatient,Preventive visit new 40-64,Preventive,263.98,120.94,140.46,365.69,474.67,106.56,839.15,289.851111111111,157.1458242843252,81,299,.54216051,7.8749061,3.9248388,2.6035171
MyBlue Health HMO,2026-05-30,99386,institutional,outpatient,Preventive visit new 40-64,Preventive,197.5,104.14,144.1,256.71,333,76.29000000000001,431.56,205.0076271186441,85.12086419825967,59,82,.41520828,5.6568356,3.1976185,1.7814713
ParPlan,2026-05-30,99386,institutional,outpatient,Preventive visit new 40-64,Preventive,354.79,131.99,217.96,467.41,653.89,120.94,994.39,389.1075663716817,218.0618626594197,226,682,.56041539,8.2221766,4.9540873,2.1444759
Blue Advantage HMO,2026-05-30,99386,professional,outpatient,Preventive visit new 40-64,Preventive,106.28,77.43000000000001,87.15000000000001,123.2,144.26,60.31,836.89,109.13466082317,41.46781040045979,5248,85769,.37996921,13.876472,1.8631022,1.4136546
Blue Choice PPO,2026-05-30,99386,professional,outpatient,Preventive visit new 40-64,Preventive,119.02,87.15000000000001,98.2,141.48,163.16,60.88,904.14,126.2917337699878,60.8182047307045,5191,109602,.48156917,14.851183,1.8721744,1.4407332
Blue Choice PPO common,2026-05-30,99386,professional,outpatient,Preventive visit new 40-64,Preventive,119.02,87.15000000000001,98.2,141.48,163.16,60.88,904.14,126.2444468003097,60.73345835578854,5188,109427,.48107827,14.851183,1.8721744,1.4407332
Blue Choice PPO group 039993,2026-05-30,99386,professional,outpatient,Preventive visit new 40-64,Preventive,121.885,91.95,102.895,140.095,157.64,65.8,180.09,122.265625,26.42924662218219,32,36,.21616253,2.7369301,1.7144099,1.3615336
Blue Essentials,2026-05-30,99386,professional,outpatient,Preventive visit new 40-64,Preventive,117.74,87.15000000000001,97.16,138.54,156.07,60.88,904.14,124.6337608653651,60.62681804325713,5177,93400,.48643976,14.851183,1.7908205,1.4258955
Blue Essentials common,2026-05-30,99386,professional,outpatient,Preventive visit new 40-64,Preventive,117.73,87.15000000000001,97.16,138.54,155.8,60.88,904.14,124.5858028278125,60.69182528513009,5163,93170,.48714882,14.851183,1.7877223,1.4258955
Blue Essentials group 295430,2026-05-30,99386,professional,outpatient,Preventive visit new 40-64,Preventive,121.99,92.11,104.6,138.54,151.81,88.89,178.66,122.6059183673469,21.84062434611976,98,234,.17813678,2.0098999,1.648138,1.3244742
Blue Essentials group 295781,2026-05-30,99386,professional,outpatient,Preventive visit new 40-64,Preventive,121.99,92.11,104.6,138.54,151.81,88.89,178.66,122.6059183673469,21.84062434611975,98,234,.17813678,2.0098999,1.648138,1.3244742
Blue Premier,2026-05-30,99386,professional,outpatient,Preventive visit new 40-64,Preventive,114.465,77.87,92.11,131.71,152.48,60.88,904.14,122.204116655427,70.53170954837591,2966,48916,.5771631,14.851183,1.9581354,1.4299208
MyBlue Health HMO,2026-05-30,99386,professional,outpatient,Preventive visit new 40-64,Preventive,99.31999999999999,72.34999999999999,82.23999999999999,116.18,142.15,60.31,836.89,105.4133406352671,44.54058445998368,2739,44798,.42253271,13.876472,1.9647547,1.4126946
ParPlan,2026-05-30,99386,professional,outpatient,Preventive visit new 40-64,Preventive,116.38,77.87,92.11,133.42,154.41,60.88,904.14,120.8180936729669,50.97624452311091,3651,88722,.42192557,14.851183,1.9829203,1.4484855
Blue Advantage HMO,2026-05-30,G0105,institutional,outpatient,Screening colonoscopy high risk,Preventive,718.41,450.39,582.28,1084.71,1665.26,338.93,3897.79,911.5306160164276,544.165888465999,487,704,.59698039,11.50028,3.6973734,1.8628666
Blue Choice PPO,2026-05-30,G0105,institutional,outpatient,Screening colonoscopy high risk,Preventive,1091.575,548.74,711.15,1619.43,2400,382.55,4277,1304.491070110704,797.0362409509627,542,871,.61099404,11.180238,4.3736558,2.2771988
Blue Choice PPO common,2026-05-30,G0105,institutional,outpatient,Screening colonoscopy high risk,Preventive,993.04,523.46,707.58,1541.935,2169.42,382.55,4156.87,1232.555934959351,718.7095008799678,492,788,.58310497,10.866214,4.1443853,2.179167
Blue Choice PPO group 039993,2026-05-30,G0105,institutional,outpatient,Screening colonoscopy high risk,Preventive,1424.635,893.74,1210.75,2727.05,3989,693.14,4277,1961.345,1114.307473860841,48,74,.56813437,6.1704707,4.4632668,2.2523642
Blue Essentials,2026-05-30,G0105,institutional,outpatient,Screening colonoscopy high risk,Preventive,970.115,501.8,653.43,1454.185,2070.11,362.42,4103.68,1184.353527131783,742.8084829557549,516,771,.62718475,11.322995,4.1253686,2.2254641
Blue Essentials common,2026-05-30,G0105,institutional,outpatient,Screening colonoscopy high risk,Preventive,970.13,501.8,653.43,1457,2070.11,362.42,4103.68,1185.3213592233,743.2049764520228,515,770,.62700719,11.322995,4.1253686,2.2297721
Blue Essentials group 295430,2026-05-30,G0105,institutional,outpatient,Screening colonoscopy high risk,Preventive,685.92,685.92,685.92,685.92,685.92,685.92,685.92,685.92,,1,1,,1,1,1
Blue Essentials group 295781,2026-05-30,G0105,institutional,outpatient,Screening colonoscopy high risk,Preventive,685.92,685.92,685.92,685.92,685.92,685.92,685.92,685.92,,1,1,,1,1,1
Blue Premier,2026-05-30,G0105,institutional,outpatient,Screening colonoscopy high risk,Preventive,855.55,474.1,577.62,1224,1825.67,392.62,4103.68,1011.940702702704,623.003336492255,185,259,.61565202,10.45204,3.850812,2.1190403
MyBlue Health HMO,2026-05-30,G0105,institutional,outpatient,Screening colonoscopy high risk,Preventive,718.41,404.33,530.99,960.2,1527.76,364.62,3193.78,833.9744385026744,422.5720770969394,187,278,.5066967,8.759201,3.7784977,1.8083203
ParPlan,2026-05-30,G0105,institutional,outpatient,Screening colonoscopy high risk,Preventive,929.24,476.53,666.65,1489.57,3170.1,402.68,6382.98,1397.488258823531,1227.603200795009,425,613,.87843543,15.851247,6.6524668,2.2344108
Blue Advantage HMO,2026-05-30,G0105,professional,outpatient,Screening colonoscopy high risk,Preventive,227.83,137.36,160.13,287,321.53,107.6,1315.07,233.0976431226752,110.0198896641065,2690,45004,.47199059,12.22184,2.3407834,1.7922938
Blue Choice PPO,2026-05-30,G0105,professional,outpatient,Screening colonoscopy high risk,Preventive,275.23,150.5,203.41,392.84,514.3,121.39,1576.6,313.8557178305543,169.4203613353182,2821,60658,.53980333,12.98789,3.4172757,1.9312718
Blue Choice PPO common,2026-05-30,G0105,professional,outpatient,Screening colonoscopy high risk,Preventive,275.23,150.5,202.155,392.84,514.3,121.39,1576.6,313.8053647308759,169.3440276291664,2824,60644,.53964669,12.98789,3.4172757,1.9432614
Blue Choice PPO group 039993,2026-05-30,G0105,professional,outpatient,Screening colonoscopy high risk,Preventive,229.39,148.89,183.25,338.74,398.51,147.19,424.04,258.6557894736842,88.6991849715649,19,23,.34292364,2.8809023,2.6765397,1.848513
Blue Essentials,2026-05-30,G0105,professional,outpatient,Screening colonoscopy high risk,Preventive,266.77,149.66,184.3,360.83,463.24,121.39,1576.6,295.7563178571452,165.5825504841729,2800,48728,.55986142,12.98789,3.0952826,1.9578404
Blue Essentials common,2026-05-30,G0105,professional,outpatient,Screening colonoscopy high risk,Preventive,266.77,149.66,184.5,360.83,463.24,121.39,1576.6,295.8033904966082,165.5933980158904,2799,48719,.55980897,12.98789,3.0952826,1.9557182
Blue Essentials group 295430,2026-05-30,G0105,professional,outpatient,Screening colonoscopy high risk,Preventive,178.08,164,164,329.18,387.27,164,387.27,233.6988888888889,88.85640416487216,9,10,.38021749,2.3614025,2.3614025,2.0071952
Blue Essentials group 295781,2026-05-30,G0105,professional,outpatient,Screening colonoscopy high risk,Preventive,178.08,164,164,329.18,387.27,164,387.27,233.6988888888889,88.85640416487216,9,10,.38021749,2.3614025,2.3614025,2.0071952
Blue Premier,2026-05-30,G0105,professional,outpatient,Screening colonoscopy high risk,Preventive,266.77,148.89,178.08,329.18,426.65,129.38,1576.6,294.6382207357872,189.730467913468,1495,21794,.64394385,12.185809,2.8655384,1.848495
MyBlue Health HMO,2026-05-30,G0105,professional,outpatient,Screening colonoscopy high risk,Preventive,225.5,132.94,146.17,262.45,308.56,107.6,1315.07,224.4179696714406,115.5905413332145,1187,21079,.51506811,12.22184,2.3210471,1.7955121
ParPlan,2026-05-30,G0105,professional,outpatient,Screening colonoscopy high risk,Preventive,275.23,148.89,205,392.84,514.3,129.38,1212.82,303.6890359015713,136.2021881830752,2479,57997,.44849229,9.3740921,3.4542279,1.9162927
Blue Advantage HMO,2026-05-30,G0121,institutional,outpatient,Screening colonoscopy not high risk,Preventive,733.3200000000001,462.09,588.1900000000001,1042.695,1619.43,338.93,3897.79,905.7378682170549,530.2027319982038,516,737,.5853821,11.50028,3.5045769,1.772718
Blue Choice PPO,2026-05-30,G0121,institutional,outpatient,Screening colonoscopy not high risk,Preventive,1015.96,559.5700000000001,725,1581.23,2303.1,382.55,4277,1280.487017543861,784.6344179624004,570,908,.61276251,11.180238,4.115839,2.1810069
Blue Choice PPO common,2026-05-30,G0121,institutional,outpatient,Screening colonoscopy not high risk,Preventive,971.9,535.73,711.15,1527.76,2138.86,382.55,4156.87,1212.662264875241,707.4423127665978,521,825,.58337951,10.866214,3.9924216,2.1482949
Blue Choice PPO group 039993,2026-05-30,G0121,institutional,outpatient,Screening colonoscopy not high risk,Preventive,1451.37,893.74,1214.57,2727.05,3989,693.14,4277,2001.644081632653,1138.151822969513,49,76,.56860846,6.1704707,4.4632668,2.2452803
Blue Essentials,2026-05-30,G0121,institutional,outpatient,Screening colonoscopy not high risk,Preventive,939.5700000000001,502.55,677.48,1412.86,2047.2,362.42,4103.68,1165.664348623853,727.9842886540856,545,804,.6245231,11.322995,4.0736246,2.0854638
Blue Essentials common,2026-05-30,G0121,institutional,outpatient,Screening colonoscopy not high risk,Preventive,939.5700000000001,502.55,674.845,1416.84,2047.2,362.42,4103.68,1166.546231617646,728.3628732870798,544,803,.62437546,11.322995,4.0736246,2.0995042
Blue Essentials group 295430,2026-05-30,G0121,institutional,outpatient,Screening colonoscopy not high risk,Preventive,685.92,685.92,685.92,685.92,685.92,685.92,685.92,685.92,,1,1,,1,1,1
Blue Essentials group 295781,2026-05-30,G0121,institutional,outpatient,Screening colonoscopy not high risk,Preventive,685.92,685.92,685.92,685.92,685.92,685.92,685.92,685.92,,1,1,,1,1,1
Blue Premier,2026-05-30,G0121,institutional,outpatient,Screening colonoscopy not high risk,Preventive,817.35,488.88,620.9400000000001,1199.29,1825.67,392.62,4103.68,994.655000000001,594.9857144706471,206,283,.59818298,10.45204,3.7343929,1.9314104
MyBlue Health HMO,2026-05-30,G0121,institutional,outpatient,Screening colonoscopy not high risk,Preventive,734.86,404.33,534.29,939.5700000000001,1359.71,364.62,3193.78,830.1253731343288,407.859558396006,201,296,.49132285,8.759201,3.3628719,1.7585393
ParPlan,2026-05-30,G0121,institutional,outpatient,Screening colonoscopy not high risk,Preventive,894.155,487.36,676.125,1466.65,2981.92,402.68,6382.98,1368.153289473686,1193.740066462154,456,648,.87251925,15.851247,6.118516,2.1691995
Blue Advantage HMO,2026-05-30,G0121,professional,outpatient,Screening colonoscopy not high risk,Preventive,225.5,137.62,164,296.29,321.84,107.8,1209.82,234.6273007543446,93.71278384965501,3049,48758,.39941126,11.22282,2.3386135,1.8066463
Blue Choice PPO,2026-05-30,G0121,professional,outpatient,Screening colonoscopy not high risk,Preventive,275.5,164,205,364.9,478.1,121.61,1209.82,300.6102402105951,126.4899365497597,3039,65222,.4207772,9.9483595,2.9152439,1.78
Blue Choice PPO common,2026-05-30,G0121,professional,outpatient,Screening colonoscopy not high risk,Preventive,275.5,164,205,362,478.1,121.61,1209.82,300.4820256494568,126.5094804523217,3041,65213,.42102179,9.9483595,2.9152439,1.7658536
Blue Choice PPO group 039993,2026-05-30,G0121,professional,outpatient,Screening colonoscopy not high risk,Preventive,229.81,173.48,188.6,339.07,398.91,147.46,424.46,264.4617647058823,89.75013497450117,17,19,.33936903,2.8784754,2.2994583,1.7978261
Blue Essentials,2026-05-30,G0121,professional,outpatient,Screening colonoscopy not high risk,Preventive,267.25,150.96,188.6,330.11,427.07,121.61,1209.82,281.7402871452425,118.6285681594088,2995,53037,.42105645,9.9483595,2.8290277,1.7503182
Blue Essentials common,2026-05-30,G0121,professional,outpatient,Screening colonoscopy not high risk,Preventive,267.25,150.445,188.6,330.11,427.07,121.61,1209.82,281.7664013377931,118.6652156471148,2990,52962,.4211475,9.9483595,2.8387117,1.7503182
Blue Essentials group 295430,2026-05-30,G0121,professional,outpatient,Screening colonoscopy not high risk,Preventive,210.27,149.16,178.4,329.5,387.65,149,388.36,254.8070909090909,85.76100814068359,55,82,.33657229,2.6064429,2.5988872,1.8469731
Blue Essentials group 295781,2026-05-30,G0121,professional,outpatient,Screening colonoscopy not high risk,Preventive,210.27,149.16,178.4,329.5,387.65,149,388.36,254.8070909090909,85.76100814068359,55,82,.33657229,2.6064429,2.5988872,1.8469731
Blue Premier,2026-05-30,G0121,professional,outpatient,Screening colonoscopy not high risk,Preventive,262.71,149.16,178.4,329.5,419.57,129.62,1079.1,273.4193283113622,117.6170704598448,1593,23557,.43017101,8.3251038,2.8128855,1.8469731
MyBlue Health HMO,2026-05-30,G0121,professional,outpatient,Screening colonoscopy not high risk,Preventive,225.5,133.19,148.11,270.46,315.7,107.8,1209.82,225.1900668151447,94.14367318999308,1347,22297,.41806316,11.22282,2.3702981,1.8260752
ParPlan,2026-05-30,G0121,professional,outpatient,Screening colonoscopy not high risk,Preventive,275.5,149.16,209.1,390.19,478.1,129.62,1209.82,301.9542472917438,131.2778773523578,2677,61728,.43476084,9.3335905,3.2052829,1.866045
